{"version":29,"hash":{"type":"Buffer","data":"WoXN7UJuvCgDmc+/aU6BfcHRg8YfbPjchrsukDSPJoO3/sbY6Vq4yVqAoh5cyRX9kH/Kjek3pjEPNu8GaJ96HFIrAQaxYjWD7hFoo5LfB38zrqOPU3mqqf41RpSsFwforBG6ZcxCjGYAjTsuQtsYTZM+PnmiJQy2FAzPncuMh6g="},"indexValueMap":{"I4GBTzJ3w3Lwh9t63FzZQS/2nRBP/w3DlEFdQbE/Qjw=":{"valueMac":{"type":"Buffer","data":"cp//x4ZAc4VBj5WlfaRhVr/sO1Zp3fY/c1v8tTWYw4o="}},"fO/P+glZvx1feeTLpJwQqnQhKmEDQywwm/4ITAhfsxw=":{"valueMac":{"type":"Buffer","data":"0BLqtUvl9J1WeS6WUK1YY9t9oLZVvYw3hdbtIdjkQuE="}},"g3aBrFoN2Omya6hswbqcqoB+xstQ1gPoTBQIXOtAAr0=":{"valueMac":{"type":"Buffer","data":"OTLBRs3YgrBL9NP2luBOwn243Zt9hhtbqwAW7tLyTC0="}},"oip/xAEpPqgzmmcgHIOGCeM+rjzOuA2kcHHq2tlTOAo=":{"valueMac":{"type":"Buffer","data":"kEs2Wvd6duUpvKcbMBWb92qV4eoufZO204xM4T1lhF8="}},"qiY1MlRp6VxLXMGrMSlgapt5yzKQ9CgTbCVShpa7WP8=":{"valueMac":{"type":"Buffer","data":"stgFJC9HM647i4vQD28Ordb8QK7rWHnDPu2OAbg9Ob0="}},"X+3DwfvqeivCeYkVEMIlRg098nJn9/fmkboOCwnnHOg=":{"valueMac":{"type":"Buffer","data":"27fWqbJstNM3HW6t/0uQWOWQiPvO9uRbortQeH+SmJk="}},"XYtYlBQbdWjMYfKClIZr0nIFyDgKWsOLji/gpFMb44g=":{"valueMac":{"type":"Buffer","data":"SeMkyqpWeiQk/WAHYvXLqt81ttS0NMHGOUB8dwignpk="}},"Iq1TwGpqZWzF3Khed3Fi8sShgWVQT1Aj97Tr2DqF3PM=":{"valueMac":{"type":"Buffer","data":"EI3UsoOMA+A3EWz3aPwKO03YY+YwGqR1GEZrvwJoR+Q="}},"AugH0X19CqqDj3nH6CZqerpGBktrtWH+HPcDfQN0tl8=":{"valueMac":{"type":"Buffer","data":"3OTAPNPi1CycsXXH/WUv/lSa3FYEKaMOmk+mNbLVti8="}},"aX9SEbfxSHVDxN0PeIQqHb52opETdc0cHmsl4cArwJo=":{"valueMac":{"type":"Buffer","data":"nkiJUDxWrnlRQDUs80qVru8IM3YQAmHVUkd/mD2wieE="}}}}