{"noiseKey":{"private":{"type":"Buffer","data":"mLVG5CKiTegKPHO//O+QYl1ONaDSF7R/hZKZ2rgYqE4="},"public":{"type":"Buffer","data":"WP+9xKIiEwIs8ROX1w7X4wpkejFY3akzq8CcyY2tNGA="}},"pairingEphemeralKeyPair":{"private":{"type":"Buffer","data":"wF/SJjUDPZdNKAznMalSqbNLQzX4AVR04ewahOciVnw="},"public":{"type":"Buffer","data":"EdVyB3MBhPU6h4o+MtyHujreFQxA/xBb0GhKbEZUYhA="}},"signedIdentityKey":{"private":{"type":"Buffer","data":"6CqD9uLM99nh6VJLvNo2vVYIcQ4PrmB11W5+ZoZcsmg="},"public":{"type":"Buffer","data":"zgdrK9Zd9/Sv4oUWrJVchEuO1ES7SwczyugRpTCg2k0="}},"signedPreKey":{"keyPair":{"private":{"type":"Buffer","data":"sBi5ubinyOmVvWTurbC9BobSezbYG673AIFt2mKIxEw="},"public":{"type":"Buffer","data":"9jSHLfhiRl+oFmVbRSphhQQoQovSipql0d3aS99JhCA="}},"signature":{"type":"Buffer","data":"+3EWbvB6R9MX8Cxt900RSdiLRBzbijn2u3+tFW7+OjBP0gu6j6+8rd3VtBeDvqEP13lSmTisHqZPdTlYcz/tjA=="},"keyId":1},"registrationId":254,"advSecretKey":"YfFoJtMl7BXucB8Mn/eoF4sNzgWse04KjDSddQj64do=","processedHistoryMessages":[{"key":{"remoteJid":"6285179840140@s.whatsapp.net","fromMe":true,"id":"875CAD283710144A0759D1A34A14CCB5"},"messageTimestamp":1738069314},{"key":{"remoteJid":"6285179840140@s.whatsapp.net","fromMe":true,"id":"F9DD242AF4D91DDE86CDBCBD114A0131"},"messageTimestamp":1738069314},{"key":{"remoteJid":"6285179840140@s.whatsapp.net","fromMe":true,"id":"310315062BD763F7B0D11FFC11E31CFE"},"messageTimestamp":1738069335},{"key":{"remoteJid":"6285179840140@s.whatsapp.net","fromMe":true,"id":"8F69C6BE826FD6C3E96F97BB21CA24F0"},"messageTimestamp":1738069336}],"nextPreKeyId":976,"firstUnuploadedPreKeyId":976,"accountSyncCounter":1,"accountSettings":{"unarchiveChats":false},"deviceId":"s3X1u0VvSf-Nxh_eaG0dwA","phoneId":"969ec630-6748-405c-8d87-0833cff40d54","identityId":{"type":"Buffer","data":"fn6V2TVVE9M88GwtnWRAh7bH8fo="},"registered":true,"backupToken":{"type":"Buffer","data":"2TY+UoACJzX38SEiviO0ow0B1uw="},"registration":{},"pairingCode":"MWBY33LB","me":{"id":"6285179840140:41@s.whatsapp.net","lid":"72400699932852:41@lid","name":"Shen"},"account":{"details":"CNHWptcCELyq47wGGAEgACgA","accountSignatureKey":"iUpOrNI0uLQjPeZyEy+DI+L4HyQpu/BW/JL7/iqpEmA=","accountSignature":"91AwtokjWeIPSK2i/CzBrGyeWNEls5q9GyJPZmOdZoo1BsTRlvhPhz9/61mVgdGaldy3aiaAZ/KqsOTCTTfJAQ==","deviceSignature":"geN1C8dV4aqiAH7BiInMl8DZC1AxuTpHTmo88ukkQUZqfKgTOXtOUZiUSF9ZJPUC8bN4QcfO+nVUkBIFZ9o5gQ=="},"signalIdentities":[{"identifier":{"name":"6285179840140:41@s.whatsapp.net","deviceId":0},"identifierKey":{"type":"Buffer","data":"BYlKTqzSNLi0Iz3mchMvgyPi+B8kKbvwVvyS+/4qqRJg"}}],"platform":"android","routingInfo":{"type":"Buffer","data":"CA0IAg=="},"lastAccountSyncTimestamp":1738881119,"myAppStateKeyId":"AAAAAGfk","lastPropHash":"1K4hH4"}