[{"senderKeyId":1339920148,"senderChainKey":{"iteration":14,"seed":"bY3zRJ7boqKlDSCYF4xS8li+SZ1Aoc6ojbsrNXb1OhQ="},"senderSigningKey":{"public":"BWX0FZrEVkjG16RBrN1AvR+o2Dyoa79CZ7O8xz+/iWQ/"},"senderMessageKeys":[]},{"senderKeyId":459313816,"senderChainKey":{"iteration":13,"seed":"bh9JAoLgYa8aKymRdOpTvO/x1iosmb5AkXqpJU8mq40="},"senderSigningKey":{"public":"BT2r8urwbVO79Si9rRxf2tUE4SZdGkRyNY0vYFDx9qc7"},"senderMessageKeys":[]},{"senderKeyId":1758266650,"senderChainKey":{"iteration":9,"seed":"Hmc5uAR1hG/SToojLcaoyc3kT/67oElXtiYP8+QTqKE="},"senderSigningKey":{"public":"BbnkK69YvjY2NCISkYbmK7pUblXh1Ub2ymitzECZyVl4"},"senderMessageKeys":[]},{"senderKeyId":620056833,"senderChainKey":{"iteration":4,"seed":"qz/RJpH6cU38qrwn/E1I3eBNuga/df8Sv+fTiHDKJ0Y="},"senderSigningKey":{"public":"BcFeW9xLCg0VWlkGkO+xI406coERY3ytyJ2ekibZofYE"},"senderMessageKeys":[]},{"senderKeyId":1179983978,"senderChainKey":{"iteration":38,"seed":"vktlXXNC2MYN399lKC8JB5WAQyiB3LB9Xe1q/HvD1LM="},"senderSigningKey":{"public":"BSYF9WCM/JTsa7dFWae3iZGH7EvbkrtrkWH4TpUWjk07"},"senderMessageKeys":[]}]