[{"senderKeyId":514871617,"senderChainKey":{"iteration":1,"seed":"HSpSlhyTNXEdKlfcN422i1FgmgXrkHUBqkpiwLRwqS0="},"senderSigningKey":{"public":"Bd1FUkpMXNMXxnAwGdHUAPwxLSv0KUQZWcVPF83wb4kK"},"senderMessageKeys":[]},{"senderKeyId":690183112,"senderChainKey":{"iteration":1,"seed":"X/FoD4TZd3Q+BWAReR5siro9/OuTtp4ZoCh5PH0emhA="},"senderSigningKey":{"public":"BSgSBcjypKFdYcmxb9s+N7EigB7RQa4v2yrVFZWLodJI"},"senderMessageKeys":[]},{"senderKeyId":1202658128,"senderChainKey":{"iteration":1,"seed":"TykPLIp72LAacWAPW5st9yjQvHupNxNdvYF7s2lWHPc="},"senderSigningKey":{"public":"BRem9Jd4apYzwriPk4rPKcfgvF3qsGH8ftkOp1S+2XER"},"senderMessageKeys":[]},{"senderKeyId":122877121,"senderChainKey":{"iteration":1,"seed":"L74/0LIjkMpFT4b3f1oRrtiP+NYCZrRdRcijfSTW6PI="},"senderSigningKey":{"public":"Bbs2m0IL1ooE4aG8LtQq65xuiCW3+BQJ3NGmR2NsH3gX"},"senderMessageKeys":[]},{"senderKeyId":2106597042,"senderChainKey":{"iteration":1,"seed":"DNXooPX7H4Bcpg3zDa1586qX8uTAfnnynR538OeaOhk="},"senderSigningKey":{"public":"BftHqLhs7+MVmmypwCCb99dJDI1kAvYzf87PPAz6hNFZ"},"senderMessageKeys":[]}]