[{"senderKeyId":485513922,"senderChainKey":{"iteration":2,"seed":"ZsHQejkSoK2T3Z58oEAKlAVcbRaf5x9y2xmB1M+2s1Y="},"senderSigningKey":{"public":"BXvXt17sOjTXMf+LmyXC6IOYJpgCUaRsvSY2IssBLgBA"},"senderMessageKeys":[]},{"senderKeyId":697274742,"senderChainKey":{"iteration":7,"seed":"8OBUYjolAiQuKMJC6WZ5rU7vkdOXVXcabk6e4f9M1PY="},"senderSigningKey":{"public":"BbFqFCfrdisJs2YIbT+FlyF9t+ggP678+ar59H06dnl9"},"senderMessageKeys":[]},{"senderKeyId":2077516809,"senderChainKey":{"iteration":7,"seed":"FuQjwL1vRNBO4zDNgs03cTmOAWRKD9Fb8DpoVHNYbHM="},"senderSigningKey":{"public":"BUHP5tNZs/OwoiuGzAB3lXqqAEyjs0k1fonHq1beTdIO"},"senderMessageKeys":[]}]