[{"senderKeyId":547206498,"senderChainKey":{"iteration":21,"seed":"HDsmsk2gijlO4nGckG4vzVMoA2Yg4ueDZYIXQf7qhEM="},"senderSigningKey":{"public":"BdgUloOhmHBMO9NATrQMuoeMfE32LGo4goI75Gfohc5w"},"senderMessageKeys":[{},{},{},{},{},{},{},{},{},{}]},{"senderKeyId":547206498,"senderChainKey":{"iteration":1,"seed":"K6bMvnH9BYjArxQpS3OXs2VzALON2ZjV/J9Muc4HoH0="},"senderSigningKey":{"public":"BdgUloOhmHBMO9NATrQMuoeMfE32LGo4goI75Gfohc5w"},"senderMessageKeys":[]},{"senderKeyId":547206498,"senderChainKey":{"iteration":3,"seed":"cTQQyaVz5Oj1hJgKT7VBqqVxUDq0dIcDE8K8MuFV1cU="},"senderSigningKey":{"public":"BdgUloOhmHBMO9NATrQMuoeMfE32LGo4goI75Gfohc5w"},"senderMessageKeys":[]}]