[{"senderKeyId":93186560,"senderChainKey":{"iteration":84,"seed":"yg2/SJkGEpoUnMubxflcX5cTryqqR0bWrX6dg6TfCR0="},"senderSigningKey":{"public":"BVzO+h+JbE3Sawa5l0ygrZQzzg00KdsckQ5XPMEqX8JZ"},"senderMessageKeys":[]},{"senderKeyId":93186560,"senderChainKey":{"iteration":88,"seed":"mmxvts1rAA9C8O5VThqS9q+HxyIrpqyiuLGVjd1yUTA="},"senderSigningKey":{"public":"BVzO+h+JbE3Sawa5l0ygrZQzzg00KdsckQ5XPMEqX8JZ"},"senderMessageKeys":[]},{"senderKeyId":947459762,"senderChainKey":{"iteration":52,"seed":"s2qowFNFiQkhU1nww2wklNdcwuy6jPDw0ax01vrH3ns="},"senderSigningKey":{"public":"BdtPmbjdTecZWYRw9yeV6yohcLY4BtQK2sVv9wsGoZhT"},"senderMessageKeys":[]},{"senderKeyId":947459762,"senderChainKey":{"iteration":14,"seed":"TVc1cgE+cZAUERi87b2XV2w1esIydmQpyfZXaE1lTYg="},"senderSigningKey":{"public":"BdtPmbjdTecZWYRw9yeV6yohcLY4BtQK2sVv9wsGoZhT"},"senderMessageKeys":[]},{"senderKeyId":279733339,"senderChainKey":{"iteration":26,"seed":"lAYAAMudaxuh8VTlokenEm4MHBuOYJox1bmvuMk5/is="},"senderSigningKey":{"public":"BQ1vnBgWpd2EqUaRDqXxZ1EC4NFukFFsmC5xBCJttnxV"},"senderMessageKeys":[{}]}]