[{"senderKeyId":1673378017,"senderChainKey":{"iteration":6,"seed":"wUqi01u4JgjUWYphUQ7XCxIYulGhftIUlyCs0osDa5Y="},"senderSigningKey":{"public":"BdYARRGuP+JuTTqt6H8zbVp+aHjccLQxfUFoiyfo1KIB"},"senderMessageKeys":[]},{"senderKeyId":253393967,"senderChainKey":{"iteration":4,"seed":"XKkAAy8IDD9ip6SIEnFRL1LsaENaZSnoYfcuMQRUYdo="},"senderSigningKey":{"public":"BfPlKSxlB0fwq4wdyeaISy/ZMRZg4WhIHzP/FCo0nqQn"},"senderMessageKeys":[]},{"senderKeyId":41912006,"senderChainKey":{"iteration":3,"seed":"mOuPnWwDyLovsR8WqxJqfEweyrLNhHOowpIlch14FFI="},"senderSigningKey":{"public":"BUPFeEk/MZ/UC3mkGdPErHy97xM9dIA+QiqVPB4rlv9w"},"senderMessageKeys":[]},{"senderKeyId":1301124555,"senderChainKey":{"iteration":0,"seed":"ne+n9VGWf7oeJcScTxlCCe0sD3p5IeQMDJUGhzj7cn4="},"senderSigningKey":{"public":"Be8AEca9NIPwG2ozyi11cGUg+LuJJtFAAhD1o5T4q/AF"},"senderMessageKeys":[]},{"senderKeyId":287442478,"senderChainKey":{"iteration":4,"seed":"H1k/gAKExuBoOLePZVCPVKrNhJZ62HQD3ZqlsWIEnHM="},"senderSigningKey":{"public":"BelMy0jAl4Tr6VgYwCRp719ITlpZHc8TEHW7itrwd4pW"},"senderMessageKeys":[]}]