[{"senderKeyId":1951745269,"senderChainKey":{"iteration":73,"seed":"mcyQ8vG/pIVV45G5UdA3oakELVtOpAvJadON6nCoyPM="},"senderSigningKey":{"public":"BcScV1HViwZOWwIjsO/xMQgAKBO+Gy0PD7MBngqsABsm"},"senderMessageKeys":[]},{"senderKeyId":1951745269,"senderChainKey":{"iteration":11,"seed":"sssWKoRe4rWxdm31wh7i8Davl1ZzcmsRv/szCOCqcAs="},"senderSigningKey":{"public":"BcScV1HViwZOWwIjsO/xMQgAKBO+Gy0PD7MBngqsABsm"},"senderMessageKeys":[]},{"senderKeyId":1951745269,"senderChainKey":{"iteration":16,"seed":"OiJwCz4q99S0YtmNOBzomAOqMB4YVkgABfn/He7CX/I="},"senderSigningKey":{"public":"BcScV1HViwZOWwIjsO/xMQgAKBO+Gy0PD7MBngqsABsm"},"senderMessageKeys":[]},{"senderKeyId":1951745269,"senderChainKey":{"iteration":19,"seed":"NxsGZr5xk4mipkyen7lxtgfFzSYxpk8BVSEUqMDVqMI="},"senderSigningKey":{"public":"BcScV1HViwZOWwIjsO/xMQgAKBO+Gy0PD7MBngqsABsm"},"senderMessageKeys":[]},{"senderKeyId":1951745269,"senderChainKey":{"iteration":33,"seed":"b0Zg9iZvONFwvY/QfPGBnT4pvHfkhOKiDZLfuhDztto="},"senderSigningKey":{"public":"BcScV1HViwZOWwIjsO/xMQgAKBO+Gy0PD7MBngqsABsm"},"senderMessageKeys":[]}]