[{"senderKeyId":351757918,"senderChainKey":{"iteration":12,"seed":"S/goK7rQ5Df5t2hXEhaBdI1KVmWd/LUOb1k/vxLJFYk="},"senderSigningKey":{"public":"BWAviW3NiueYsQtfDwgEQu3339kXvwMR7XgdUZ0Grlos"},"senderMessageKeys":[]},{"senderKeyId":1288304019,"senderChainKey":{"iteration":44,"seed":"uBMdiuJXQVreDlXFc7R6cGJzNDzmGRtZxb7r8R420ec="},"senderSigningKey":{"public":"BWV4aAXNOiPmZZq+tPSv8oEAA7egYjVNoJwv3ObNMdg6"},"senderMessageKeys":[{}]},{"senderKeyId":1288304019,"senderChainKey":{"iteration":34,"seed":"jDVIjNfVu0Tjq47OZEwaV9G89FCfcJBNB1q7tuZBRWU="},"senderSigningKey":{"public":"BWV4aAXNOiPmZZq+tPSv8oEAA7egYjVNoJwv3ObNMdg6"},"senderMessageKeys":[]},{"senderKeyId":1099412432,"senderChainKey":{"iteration":1,"seed":"8ABBHgkl8BXv/sW8jqLQCA/gVScKA5qnILrbyqxG2WM="},"senderSigningKey":{"public":"Bfjp4JpkLuWfUAQSxJlCvHkhvTVYhDeVpef2VTK9ZlsP"},"senderMessageKeys":[]},{"senderKeyId":1268286147,"senderChainKey":{"iteration":3,"seed":"XHNXd3Rk1MPtvU+TKvnAFEtmzm0fWafdnkq2LCUWmVo="},"senderSigningKey":{"public":"BZmCW0K+K6SJn0O1GjxfVkSiT57h7uOIepM5xydyiOsf"},"senderMessageKeys":[]}]