[{"senderKeyId":1836625967,"senderChainKey":{"iteration":15,"seed":"N3r6mGeqk0A93U7t+7PEJif3dB2a1eYTJsGGEII6sUU="},"senderSigningKey":{"public":"BSCSjV5w0DvILSLyAakEbsv8u6bqAkHl8jevbZUpFTYf"},"senderMessageKeys":[]},{"senderKeyId":1597020102,"senderChainKey":{"iteration":142,"seed":"3Z2lnobD5G866eG0XPaFozo2eaF0kdjnU8hefXiI9xY="},"senderSigningKey":{"public":"BcAbUVEgaN2ex24je7vfSZhU2X0jCE6hOMDUQTxf0osq"},"senderMessageKeys":[]},{"senderKeyId":1597020102,"senderChainKey":{"iteration":2,"seed":"5hm2w2ZE5Xzs79kQa6qXgpYQEDUCNuVHQx8mF53bjwc="},"senderSigningKey":{"public":"BcAbUVEgaN2ex24je7vfSZhU2X0jCE6hOMDUQTxf0osq"},"senderMessageKeys":[]},{"senderKeyId":1597020102,"senderChainKey":{"iteration":115,"seed":"bTtQpB2e/9+V9GVjYZHb+hnnSEynxQLfazC40Z02Sno="},"senderSigningKey":{"public":"BcAbUVEgaN2ex24je7vfSZhU2X0jCE6hOMDUQTxf0osq"},"senderMessageKeys":[]},{"senderKeyId":394380430,"senderChainKey":{"iteration":18,"seed":"tYWly/A2vppQxnmmyCNLA/jpXMSeZPJ3zbfCqdRP/hM="},"senderSigningKey":{"public":"BVlgNlwCk3km0N3nWd+VGNG0hExNwP6NA6QwunNuy/kQ"},"senderMessageKeys":[]}]