[{"senderKeyId":569281910,"senderChainKey":{"iteration":37,"seed":"mCUNdQ4TchQLnXU/FqfV4+/3aU7V42wHb7ZmZLKwpls="},"senderSigningKey":{"public":"BSjB9dYhWCYoWPNIv4IHRnSspnWxcx/WAAGG+lvv4q8/"},"senderMessageKeys":[]},{"senderKeyId":1844342963,"senderChainKey":{"iteration":54,"seed":"o+KKS8cpSW6ymVUr70NAXgIkGgQIn87E4nXZfAcsIpQ="},"senderSigningKey":{"public":"BZvX5tH7YLt+d9oj2RuY0leqiTvVyRgiwiA5HhlyM2U/"},"senderMessageKeys":[]},{"senderKeyId":1620706933,"senderChainKey":{"iteration":60,"seed":"ug+Y8eCr7dxhf/aEvwXCusT2F420tTc4UpS0NNuYncY="},"senderSigningKey":{"public":"BfISRpDRh0JjeTNMq/w7oyc3pIBFwalBXsN+VEW9gLFO"},"senderMessageKeys":[{},{}]},{"senderKeyId":916379232,"senderChainKey":{"iteration":3,"seed":"cTV3fjxdwaF8bhLETbsB4kUIRMIBUXf9Rt3Bwjfm35M="},"senderSigningKey":{"public":"BYzXDScehAGKcWdZwqUAaKv/R4agZ4QJDOXUFBJbOYAT"},"senderMessageKeys":[]},{"senderKeyId":1149567214,"senderChainKey":{"iteration":3,"seed":"EUpTMGX1uKFepGHnXeYXLfCu7upP50fmRDdi5+CHgls="},"senderSigningKey":{"public":"BThbPttcHmDWxutAolr/qy3AvnJME1Ad8hGbTVYN2pVJ"},"senderMessageKeys":[]}]