[{"senderKeyId":380753402,"senderChainKey":{"iteration":3,"seed":"wqzE77jf7mJXcWNTyfUkGfjdZtxbiGpgqmO3r3QO+YE="},"senderSigningKey":{"public":"BSyBX2TYcmTICDQC//C+CJLOaFg27r+II6dIi6IfeIBT"},"senderMessageKeys":[]},{"senderKeyId":1864215130,"senderChainKey":{"iteration":4,"seed":"u9pYopX5JDkw9AeKFCJeWGWoZh1hFSIhPcbo3nbcAFY="},"senderSigningKey":{"public":"BV6M/ZO9n6UoF7Smc441SUjjxA2cWOuYFdtNg+SDOKdf"},"senderMessageKeys":[]},{"senderKeyId":420775322,"senderChainKey":{"iteration":5,"seed":"DLxH8Ya2EYSKcvL2T6yGENjl1sScalTMI66DIkZtfYE="},"senderSigningKey":{"public":"BapPEF/DNd6EUBxGnSB7ZIvFL4v9THgQivNcjeiTHHgZ"},"senderMessageKeys":[]},{"senderKeyId":1281795152,"senderChainKey":{"iteration":0,"seed":"DsHbsW6RhqdYy/raAi9LaQMVRzH9YYgXXDRA78vjBI8="},"senderSigningKey":{"public":"BQS2g2mo7O8rwpw7w1XnylCC8kZgFpZHvJtVAnWBuZ9N"},"senderMessageKeys":[]},{"senderKeyId":438503737,"senderChainKey":{"iteration":2,"seed":"CvxKeAEgGRgClVFWJB1kgvfTnG8N7LMbCyeLU9UMMDw="},"senderSigningKey":{"public":"BVkYLIiVADGyMGuS/nrLVx1SLgQ7zlNhPGLBKwzSNSY6"},"senderMessageKeys":[]}]