[{"senderKeyId":1566875369,"senderChainKey":{"iteration":9,"seed":"dBUaPUeDRPxn3k0j/idBhM00whoeOCvOxExEbsB0CkY="},"senderSigningKey":{"public":"Bc/NBOzSybZXdCKMwLwJPyuMTg+OTBZo+04iJS6lxGBT"},"senderMessageKeys":[{},{},{},{}]},{"senderKeyId":1566875369,"senderChainKey":{"iteration":1,"seed":"eLi9hLyl0Ybta/8RoZbyRRuZfKMMV+oz4IcpZUlcW3M="},"senderSigningKey":{"public":"Bc/NBOzSybZXdCKMwLwJPyuMTg+OTBZo+04iJS6lxGBT"},"senderMessageKeys":[]},{"senderKeyId":1566875369,"senderChainKey":{"iteration":7,"seed":"I4Zv3req8X2fd3aPtNaHpcvvo8oKudb53QF95sxSg1g="},"senderSigningKey":{"public":"Bc/NBOzSybZXdCKMwLwJPyuMTg+OTBZo+04iJS6lxGBT"},"senderMessageKeys":[]}]