[{"senderKeyId":1349569567,"senderChainKey":{"iteration":3,"seed":"6LZaX3Hi+95kFj0CA6W/lJXSV8R/f9FNeefTkUIe0I4="},"senderSigningKey":{"public":"BXp7Zi5BLgHCf55myJmUb5VXXDyeumzyW9+9Bmne2xpU"},"senderMessageKeys":[]},{"senderKeyId":192679968,"senderChainKey":{"iteration":3,"seed":"JRtjj+A34eTeHp0zHBfWf8UP4FFS+v5PD0TATNWkqRE="},"senderSigningKey":{"public":"BZ761dRDsnqwF4bd10CJ/78+IydyOFtafof5reod+MhL"},"senderMessageKeys":[]},{"senderKeyId":1015785129,"senderChainKey":{"iteration":2,"seed":"0KrLTvtLYBZGoheH7iLMkdQ691/GNhWhpLXAiQH5F7U="},"senderSigningKey":{"public":"BQgcINxUjDsEOavCqfSVHrh7CetRTXIoVDmq3PUHnEsc"},"senderMessageKeys":[]}]