[{"senderKeyId":381964500,"senderChainKey":{"iteration":2,"seed":"BOlgygAjJeVkn02Sh/eYh/VGYmIHkrLJFlu4z7sef/c="},"senderSigningKey":{"public":"BRqcLUDwk3qM7hBMgtdSqEjvkQL9Yxjah6hbK2SBZRpf"},"senderMessageKeys":[]},{"senderKeyId":2038636993,"senderChainKey":{"iteration":6,"seed":"S9EoUm0sKQzfWrv1HHkBifjaHnF3QHZKNbY8BaC0U00="},"senderSigningKey":{"public":"BYw2GWseehhQ7ptf1pRvHJ1O1bvjdWKOnE2Z2eJk2EJt"},"senderMessageKeys":[]},{"senderKeyId":2038636993,"senderChainKey":{"iteration":2,"seed":"VlWmFi/XMXKUiUJmyjn7Cpj+psLlYIpLQ2ECc6zdEmA="},"senderSigningKey":{"public":"BYw2GWseehhQ7ptf1pRvHJ1O1bvjdWKOnE2Z2eJk2EJt"},"senderMessageKeys":[]},{"senderKeyId":2038636993,"senderChainKey":{"iteration":3,"seed":"3DNRDwAKhX40C/st9Vo1qKALJXLnQpSjZK54iJqEQxs="},"senderSigningKey":{"public":"BYw2GWseehhQ7ptf1pRvHJ1O1bvjdWKOnE2Z2eJk2EJt"},"senderMessageKeys":[]},{"senderKeyId":1487748812,"senderChainKey":{"iteration":10,"seed":"lJVBcoLivjJWHL9DVkUGzv84GoU2XMna2qB4fBRBWoE="},"senderSigningKey":{"public":"BRKt8NsdqVOlqoVAyLwDK+ffG4J++sUUcwgGh+lm+U9U"},"senderMessageKeys":[]}]