[{"senderKeyId":565988781,"senderChainKey":{"iteration":18,"seed":"ckpf/3XD6FbCgiqPskWt+2ynMMxynCDOgr1ua6pSPq8="},"senderSigningKey":{"public":"BVqr5QDw1SN3cWzWuCFl6x25OTlrHzEUvqKNcsXtFxZW"},"senderMessageKeys":[]},{"senderKeyId":745160681,"senderChainKey":{"iteration":3,"seed":"PBCPpcVpven6bYCUZtaCOICzbkH1y7E7KcJnpA+JBXw="},"senderSigningKey":{"public":"BYeY+lbMH5K1tgZ6OFsaCg1hfFYU6f/8b6iwCbpsOLRR"},"senderMessageKeys":[]},{"senderKeyId":1177299519,"senderChainKey":{"iteration":10,"seed":"7ADEvphtKzDkSWB71I4PRkBhfKP5oApi6rPwgwJQnYU="},"senderSigningKey":{"public":"BeQqBKDHgIrCgKcE9+Nh0YSiAdBnG8DN3Ec2tpG+e4RP"},"senderMessageKeys":[]},{"senderKeyId":1909567562,"senderChainKey":{"iteration":2,"seed":"REIhhkZuCFAKpgYRFV7H3HdOuALye76ffFKQXMKT9mo="},"senderSigningKey":{"public":"Be1YYhr2SuxjgKxftwVw58nl3SmaWCgWmkgn5Qy1A3lC"},"senderMessageKeys":[]},{"senderKeyId":1481156551,"senderChainKey":{"iteration":4,"seed":"Pu9/I8deyRbOsvpUk28hu2Q4sLShXrf5c1YQnx9p+KA="},"senderSigningKey":{"public":"BRSlmrtgjyBJv+wIXUoL+bXtR5l0yAy8o+PdwBUjOpI8"},"senderMessageKeys":[]}]