[{"senderKeyId":412995942,"senderChainKey":{"iteration":3,"seed":"ZlWl6Fe2NzpZMYApPbtD0YbDtFguCSkZ0tH4Yp1Xa2Q="},"senderSigningKey":{"public":"BRjMQ9GO8WE4G90zZyUHMJ1JUX7ghJrntAaZP3liCDEK"},"senderMessageKeys":[]},{"senderKeyId":793115572,"senderChainKey":{"iteration":1,"seed":"Tg0lU0Zz2SeezhSQYbEJvVRbJMaGPHvGqEO3Ylt7V4Y="},"senderSigningKey":{"public":"Bc/hfJnduYtNJpr7DAn4qR/t8ZsEQ3/YNAbLMTXKV19+"},"senderMessageKeys":[]},{"senderKeyId":169738905,"senderChainKey":{"iteration":2,"seed":"O/bKiVsQuBYz1zhrSZ7xQ5jMrwpvot5II7+E87r4blE="},"senderSigningKey":{"public":"BRI2EX8Wc1oeoHnJzXPrT8PxPrF7qiyirUSbnSjJoH8m"},"senderMessageKeys":[]},{"senderKeyId":1559189429,"senderChainKey":{"iteration":1,"seed":"ic3skNcDWh+HsdkV1Y1msFEBL9Dx2eNFuoiZzqoA9ow="},"senderSigningKey":{"public":"BX6FoPMbTnsOlL1kPxg16SRQMGXNP4UxH3lBHei+oS8j"},"senderMessageKeys":[]},{"senderKeyId":105877158,"senderChainKey":{"iteration":1,"seed":"3kXumVcbY+MbA7C2uIhMc6SVPt+/KEAF5nKREAI1GPU="},"senderSigningKey":{"public":"BYmNK+MqNciIQJu0MpH52Rcxh70mSlA8MMjhen7LelRG"},"senderMessageKeys":[]}]