[{"senderKeyId":411627856,"senderChainKey":{"iteration":46,"seed":"xAWvJKlv9Sww3sgPpPhgqyo712Uwz/xk5mSUg0WLu4w="},"senderSigningKey":{"public":"BY+4wEKGveVi3b+cRSg0mwZcwuBqLgtsJACDVCUkebgf"},"senderMessageKeys":[{},{}]},{"senderKeyId":411627856,"senderChainKey":{"iteration":44,"seed":"cMZdlrPWeP6KwGMeO4Qcu7plAMspwaaZQlDgnJwgbsU="},"senderSigningKey":{"public":"BY+4wEKGveVi3b+cRSg0mwZcwuBqLgtsJACDVCUkebgf"},"senderMessageKeys":[]},{"senderKeyId":1089343974,"senderChainKey":{"iteration":1,"seed":"reQBOjJywU1SIr86xzaknZ4kAMQVB2X+abO+3l9bJIo="},"senderSigningKey":{"public":"BVhAUf4+o24oRgF93mbMwRc897A7kQPJHJUtB5K9pmNb"},"senderMessageKeys":[]},{"senderKeyId":482329667,"senderChainKey":{"iteration":1,"seed":"cd1RxM/J1IeVAw+eygiJK8lCHgbxSOj2Be4wCn6sXhE="},"senderSigningKey":{"public":"BUoENAkOq0RGNgULm8ETzO9wRJ/MU0Ct40816nlwuOYY"},"senderMessageKeys":[]}]