[{"senderKeyId":845083964,"senderChainKey":{"iteration":33,"seed":"ztcfCDPcpJKeVSCbrKV4KxdjCLQpe6m+mznPCWxmPPo="},"senderSigningKey":{"public":"BW7Zky4k1Zuepfhdj/A29sbGqyfES/S9agMMAGqiOs4U"},"senderMessageKeys":[{}]},{"senderKeyId":845083964,"senderChainKey":{"iteration":1,"seed":"bkPsu/HRXBhbo8haPhqKpTvmtwlvH3L/MPKkvHa15l8="},"senderSigningKey":{"public":"BW7Zky4k1Zuepfhdj/A29sbGqyfES/S9agMMAGqiOs4U"},"senderMessageKeys":[]},{"senderKeyId":845083964,"senderChainKey":{"iteration":2,"seed":"orfuBpnP1yfOluZDwnbuLPXPhmwQIrONQgXQHNX2J6E="},"senderSigningKey":{"public":"BW7Zky4k1Zuepfhdj/A29sbGqyfES/S9agMMAGqiOs4U"},"senderMessageKeys":[]},{"senderKeyId":845083964,"senderChainKey":{"iteration":3,"seed":"pa3LVjCNqAPBqKTqya3GNNOxtfRGgdXej2eE3sfWcOc="},"senderSigningKey":{"public":"BW7Zky4k1Zuepfhdj/A29sbGqyfES/S9agMMAGqiOs4U"},"senderMessageKeys":[]}]