[{"senderKeyId":1201660277,"senderChainKey":{"iteration":2,"seed":"ZpZN1OUk/YmY6j2wBH1UAu1en8/5cftOk8+GZ6zdV3E="},"senderSigningKey":{"public":"BWoak6YIG7Gi5EGRSDqJIKYFaB+i0iJW/3EBTM1AR6hf"},"senderMessageKeys":[]},{"senderKeyId":539372517,"senderChainKey":{"iteration":1,"seed":"Q5zfV9zbEtX9bUBI1eBCdi2UOxfkgY9TzUisdHC5FMg="},"senderSigningKey":{"public":"BdSfpE2S3QPJnV+TTd6Q8PiK/FdZhVwvXXKqdaDPgClH"},"senderMessageKeys":[]},{"senderKeyId":632042970,"senderChainKey":{"iteration":1,"seed":"49Ld2Wy7KeK5HtgbOLbSlMOs6AlLr/smuhqZpXfTSqw="},"senderSigningKey":{"public":"BUdL3+PJ2mb6wSFvdUsNfd7OHl4+aPsSTlK1HyitV/8R"},"senderMessageKeys":[]},{"senderKeyId":554034964,"senderChainKey":{"iteration":1,"seed":"W2JtW4wKYyYWqmstqCEEo5r0z97JHkOOtTFJDAc6F6c="},"senderSigningKey":{"public":"BcNDVIgsYXOD+a2LiUsijXwcUibzT1lSkHAlCsnOE31h"},"senderMessageKeys":[]},{"senderKeyId":2126145215,"senderChainKey":{"iteration":1,"seed":"P1nt/9gtybWQf+nNc76gQATHi3JYhZoRTP/WPpCyE3M="},"senderSigningKey":{"public":"BXcGBoEYPhRZwe5rn+vn724Z3UwA+SQncCRRr3UGMqAI"},"senderMessageKeys":[]}]