[{"senderKeyId":97291783,"senderChainKey":{"iteration":53,"seed":"k98VPF8znagwnnt7+6bnDzwAHhQiETBHDDg1FFh/fzM="},"senderSigningKey":{"public":"BeokOGDcWhQe+p2gVfjluQstqJipSxeBhlm7g3Af9got"},"senderMessageKeys":[{},{},{},{},{},{},{},{},{},{},{},{},{},{},{},{},{},{},{},{},{},{},{},{},{},{},{}]},{"senderKeyId":97291783,"senderChainKey":{"iteration":1,"seed":"m/rIOlLhb8b6tSY5zlgITDgQ16/z/2mTaTZ+6lUOnZM="},"senderSigningKey":{"public":"BeokOGDcWhQe+p2gVfjluQstqJipSxeBhlm7g3Af9got"},"senderMessageKeys":[]}]