[{"senderKeyId":634394595,"senderChainKey":{"iteration":28,"seed":"43uxLpfWbG0FWVoMUrdV9EQC8aZZxm21pJUFm3+Shfw="},"senderSigningKey":{"public":"BbGWioKzmvr6OI+YTTprRB3l3+hbRXzx6C6yva2J4Cdd"},"senderMessageKeys":[]},{"senderKeyId":634394595,"senderChainKey":{"iteration":9,"seed":"wjo6hdFK8P1D8d37tCzxjByifCbiLDvZfutT7v/Eyc8="},"senderSigningKey":{"public":"BbGWioKzmvr6OI+YTTprRB3l3+hbRXzx6C6yva2J4Cdd"},"senderMessageKeys":[]},{"senderKeyId":634394595,"senderChainKey":{"iteration":26,"seed":"lzVdY+yPsPr4xRj6GElZjL5/gYCF6vVda8ZYlDxmifw="},"senderSigningKey":{"public":"BbGWioKzmvr6OI+YTTprRB3l3+hbRXzx6C6yva2J4Cdd"},"senderMessageKeys":[]},{"senderKeyId":634394595,"senderChainKey":{"iteration":27,"seed":"MM6t1qnA/bI8yktR/5vxYcongj560+u0OCPAf9NIxd8="},"senderSigningKey":{"public":"BbGWioKzmvr6OI+YTTprRB3l3+hbRXzx6C6yva2J4Cdd"},"senderMessageKeys":[]},{"senderKeyId":826228115,"senderChainKey":{"iteration":1,"seed":"fFTR3TyyupiIqQE2OAuBWN1vJPjpIgfxDKxUyw6ae0A="},"senderSigningKey":{"public":"BVcsrBF5mOScS/JZ+dqwExeCbDmJWTRq5kyD5KDiy74o"},"senderMessageKeys":[]}]