[{"senderKeyId":1638058334,"senderChainKey":{"iteration":5,"seed":"mV5UxPWdet9fJRlBa3SGbNfhlgL9yOozWYz3PjEgd1g="},"senderSigningKey":{"public":"BYtNy0l7H5Kdkpl4tuOE/RvVk2NRPPzxqYoSrKujtDct"},"senderMessageKeys":[]},{"senderKeyId":1638058334,"senderChainKey":{"iteration":11,"seed":"Mlsh0r8NqP1Q/si8TJOrM8L/neYRr4VrpVFIa6G4Ml0="},"senderSigningKey":{"public":"BYtNy0l7H5Kdkpl4tuOE/RvVk2NRPPzxqYoSrKujtDct"},"senderMessageKeys":[]},{"senderKeyId":362974957,"senderChainKey":{"iteration":112,"seed":"W3VEhvuMPU6goKGU1Y4YsfxS9Ssry/EBJi30i9bne4Y="},"senderSigningKey":{"public":"BcFNBjXEuXnFHfW7LDTzMvMseyubs1PMLwAfAM+Y5eor"},"senderMessageKeys":[]},{"senderKeyId":362974957,"senderChainKey":{"iteration":24,"seed":"59wkC2My/wxm2K/F82YjKW7JFy3v6cQtnvoDZwDUYGQ="},"senderSigningKey":{"public":"BcFNBjXEuXnFHfW7LDTzMvMseyubs1PMLwAfAM+Y5eor"},"senderMessageKeys":[]},{"senderKeyId":362974957,"senderChainKey":{"iteration":38,"seed":"IB5F67ALseYpJ33qzgiw6z1S38QW8tEGDPjSMxTN51I="},"senderSigningKey":{"public":"BcFNBjXEuXnFHfW7LDTzMvMseyubs1PMLwAfAM+Y5eor"},"senderMessageKeys":[]}]