[{"senderKeyId":949847908,"senderChainKey":{"iteration":8,"seed":"QKj59ctp4o3AEqZy4rzKgEAW8s549e/ciy8w4JatnRo="},"senderSigningKey":{"public":"BWrCWP+ATfBE0NwkRtDIScw60vVpakIixBt9P4UJUS1c"},"senderMessageKeys":[]},{"senderKeyId":407484418,"senderChainKey":{"iteration":5,"seed":"GJOPASDRxFT1iO8PjdNYvlc0dDxqJVM5bbDrTXb2D90="},"senderSigningKey":{"public":"BYzUP0NmXLXAqcGSjJEnDUimLkqkUXnMBebenWdzybUX"},"senderMessageKeys":[{}]},{"senderKeyId":2022103973,"senderChainKey":{"iteration":3,"seed":"NKBaoyWelgskmETeXMXy9yIGp5fNVcDgAHArFWriLcY="},"senderSigningKey":{"public":"BabPR1fsNEy1BRhJh/ckvrRqoRp3alEWrfY+Xs42thdH"},"senderMessageKeys":[]},{"senderKeyId":502230880,"senderChainKey":{"iteration":1,"seed":"JN4mJd8HjJerFqb+WFLUahbaWY6xVsCWYxeaU/wSwE0="},"senderSigningKey":{"public":"BRyUzGs6bmkVKMR8tA65HXLA1p0uM5Mekk+Gdt75N6Vx"},"senderMessageKeys":[]},{"senderKeyId":1153160181,"senderChainKey":{"iteration":4,"seed":"lseF/s/1V/omnczmP2mI87ok9ehfjERXXUPd0g3pp5s="},"senderSigningKey":{"public":"BdWbiAsTxFU5pusA/SYc+JfKn7o1P+0qCePQ5U5mqsUW"},"senderMessageKeys":[]}]