[{"senderKeyId":1686958054,"senderChainKey":{"iteration":6,"seed":"gvMhG/myBFfrVkyaCTp+Z2EDcenYF5PAJcqw6jAy9aw="},"senderSigningKey":{"public":"BdyclU23oDn4Xa/wbNmqmBD5NAdUE/eeLzmjYSNMUatr"},"senderMessageKeys":[]},{"senderKeyId":1686958054,"senderChainKey":{"iteration":4,"seed":"NJ/1svOpOxafKNSyuMRZT0yALn/wW9rRZ+LQHPAYOX4="},"senderSigningKey":{"public":"BdyclU23oDn4Xa/wbNmqmBD5NAdUE/eeLzmjYSNMUatr"},"senderMessageKeys":[]},{"senderKeyId":1686958054,"senderChainKey":{"iteration":5,"seed":"0EbB+PaH+42Ou4T/UPVKh9O083V1O0gcYFEq6xjVrYs="},"senderSigningKey":{"public":"BdyclU23oDn4Xa/wbNmqmBD5NAdUE/eeLzmjYSNMUatr"},"senderMessageKeys":[]},{"senderKeyId":1984941062,"senderChainKey":{"iteration":2,"seed":"xhMQoDXOzqgCvtt4HcyiVMlc2nen+50oodUjCA/5H5E="},"senderSigningKey":{"public":"BfAyCv0w++hXbzHeNbFeoB6r8cEvZpUbpNo9jnTQgaBw"},"senderMessageKeys":[]},{"senderKeyId":1984941062,"senderChainKey":{"iteration":1,"seed":"W0n18/HBEWqPsyExIm72qqbOsYjtulKFOtz/b83XWZc="},"senderSigningKey":{"public":"BfAyCv0w++hXbzHeNbFeoB6r8cEvZpUbpNo9jnTQgaBw"},"senderMessageKeys":[]}]