{"_sessions":{"BaLhAMM8JcMW0ilTOF2mstP1WW1QdI2i6aMvEyDGThkk":{"registrationId":1813605038,"currentRatchet":{"ephemeralKeyPair":{"pubKey":"BfE95FJwL0eTZaci/legaJGeUet4R5eS7iZ5TA9h0LUS","privKey":"oJP6DULoR28+8J/uy1slPxi7Xn8qU7r7f5YcI+pja2c="},"lastRemoteEphemeralKey":"BVc7L2kZ9eYII6xXakSj+lsD9vdlySRGSRixxB4epokH","previousCounter":1,"rootKey":"rVaB634k9EiiI/sTc9rCp6ZYfPdaBgiFFl8ISRbJZ2E="},"indexInfo":{"baseKey":"BaLhAMM8JcMW0ilTOF2mstP1WW1QdI2i6aMvEyDGThkk","baseKeyType":1,"closed":-1,"used":1738428316984,"created":1738070238561,"remoteIdentityKey":"BUCqEjfZoRQGR4lRhEV3Sa4dAnMxiQwBrGUFJCysR7UP"},"_chains":{"BcALEoKPy04dG0+uIMYrYUR6maZsSRACtmHivOg5Ccp3":{"chainKey":{"counter":1},"chainType":2,"messageKeys":{}},"Bfxiyo8nl5Hyg9xIdhq1pzJd8WubqUVQIa/9vZWb55xY":{"chainKey":{"counter":0},"chainType":2,"messageKeys":{}},"BVc7L2kZ9eYII6xXakSj+lsD9vdlySRGSRixxB4epokH":{"chainKey":{"counter":0,"key":"eNe5GOnpTxvp0dCcSzepwiNKo43P4RB+ePLZ89An/34="},"chainType":2,"messageKeys":{}},"BfE95FJwL0eTZaci/legaJGeUet4R5eS7iZ5TA9h0LUS":{"chainKey":{"counter":1,"key":"/2E1uJm+Ijcis+fEp2VH0U5ee68YP3/NB9FfrVw81oc="},"chainType":1,"messageKeys":{}}}}},"version":"v1"}