{"_sessions":{"BYGQLsFSZTaBOCntnE03Dx6AEQaA0jPHY9w2gJBm6rkK":{"registrationId":1324237012,"currentRatchet":{"ephemeralKeyPair":{"pubKey":"Bd88xMd6rKk1BkJQAUscuGIPkpmy5eJ3heBM2L3bUcMK","privKey":"yOckeBEoFsmw7FoB11EHKTy+TEmSBoGiUd4c/8D4y24="},"lastRemoteEphemeralKey":"Bb34iyWPPR55tS/VTrcgeSOcAEdesop6+f/jTq7/njse","previousCounter":1,"rootKey":"8x5g7RH/YtcrO8mL6oIEgk3aHpogOrbB3foYtcnipMM="},"indexInfo":{"baseKey":"BYGQLsFSZTaBOCntnE03Dx6AEQaA0jPHY9w2gJBm6rkK","baseKeyType":1,"closed":-1,"used":1738929090877,"created":1738417576610,"remoteIdentityKey":"BVjyBnP9g114FkEnxU3HB1pev14o63dQkmqu11YnAkc5"},"_chains":{"BbCrLHRZfPozs1qo4yxhGokCCYsNpkKWhA9+nqc0RRNP":{"chainKey":{"counter":3},"chainType":2,"messageKeys":{}},"BaIHCljQ6a1377BK1gsriXa+ltlvG9fuFcBrCh9ju9kV":{"chainKey":{"counter":1},"chainType":2,"messageKeys":{}},"BdvHECRrOYipvlCcrV2s/VSxBIuwbxoSyABqp3mY0sxz":{"chainKey":{"counter":0},"chainType":2,"messageKeys":{}},"BcaVHTu8NOegPpl603fEYcJBy1bOjU8xHLjQmDYPT7ME":{"chainKey":{"counter":0},"chainType":2,"messageKeys":{}},"BWZnn/UzlxhDpN//60uuBujFl5pYLspANDTULSmmoS9p":{"chainKey":{"counter":0},"chainType":2,"messageKeys":{}},"Bb34iyWPPR55tS/VTrcgeSOcAEdesop6+f/jTq7/njse":{"chainKey":{"counter":0,"key":"T4GyDZSpDi4zLajRDLs+3apN99grpv5aVNgTG1GGfS0="},"chainType":2,"messageKeys":{}},"Bd88xMd6rKk1BkJQAUscuGIPkpmy5eJ3heBM2L3bUcMK":{"chainKey":{"counter":0,"key":"ijyk2qCvVQ9/Avzmeilrw4Ux3Hnmn1K8+TESqUPiFBo="},"chainType":1,"messageKeys":{}}}}},"version":"v1"}