{"_sessions":{"BazwArZmG/uEfGad1O2keqfq0URWvNYRhAke0fdVVGcY":{"registrationId":1050688764,"currentRatchet":{"ephemeralKeyPair":{"pubKey":"BWdWiE2/3kCA9N8fmYABFR8EsoGF2SEoYEdRSkWVblEG","privKey":"QJViUHaVhVZHm33mXsZkOW5xO2YmMucz5shDLC3r+lI="},"lastRemoteEphemeralKey":"BV1sqV0dsq1vm7WGCXLLnUJpjvV23znjBvV66AhU978Y","previousCounter":0,"rootKey":"4HtCT0+uoPHGT3AkjYt73ouH/HXxXegKdn9vlbK3qNo="},"indexInfo":{"baseKey":"BazwArZmG/uEfGad1O2keqfq0URWvNYRhAke0fdVVGcY","baseKeyType":1,"closed":1738861482106,"used":1738851542452,"created":1738069366557,"remoteIdentityKey":"BTUMyVsdsKMDn/w+wJfZeDAdpcFRafi0tqXQHHAlG1pk"},"_chains":{"BYEUmSbH1JxtGxujS1MHZ8bZJ1AtO6wCcUVyyMDwB/oi":{"chainKey":{"counter":2},"chainType":2,"messageKeys":{}},"Begnd52Ee1NrHQHBCrFBOR1+ZEg4S3V0xH+3jpe6WeI+":{"chainKey":{"counter":3},"chainType":2,"messageKeys":{}},"BVJ70OWIEFpnXGZ4dkwx3261fmNLx1snch41/oJd1L9Q":{"chainKey":{"counter":7},"chainType":2,"messageKeys":{}},"BXaW6duDEXg2YPyKTL5jQzqrWTOi/g0T8hRtkuBWFd5N":{"chainKey":{"counter":1},"chainType":2,"messageKeys":{}},"BVv5O9773XDPInrOgaLWMGPtOJ5u+8L/BE2BiF3fcuds":{"chainKey":{"counter":1},"chainType":2,"messageKeys":{}},"BXod74ybmcRsOSpsvPaLTeIvFdjyFNHxcW87tY2wbRRE":{"chainKey":{"counter":0},"chainType":2,"messageKeys":{}},"BV1sqV0dsq1vm7WGCXLLnUJpjvV23znjBvV66AhU978Y":{"chainKey":{"counter":0,"key":"b6qciKIrNiHJE2SaXu+REeIkSXMPBP6QHnkrws9aHFY="},"chainType":2,"messageKeys":{}},"BWdWiE2/3kCA9N8fmYABFR8EsoGF2SEoYEdRSkWVblEG":{"chainKey":{"counter":0,"key":"SxdYw860DzL1revuhszJyo8oGvOflvp/Nikm/KGZXx0="},"chainType":1,"messageKeys":{}}}},"BXx4DbJq8OVrez3TQxY1zLVSb9LKjfKoDCi1R4g3TIgZ":{"registrationId":1050688764,"currentRatchet":{"ephemeralKeyPair":{"pubKey":"BY+0Yi0V0Z796NdAlB9Zt0s210n0xb5i8x15/sQ4GX8g","privKey":"oDRFKN166MyOl2W+6Q1UYESRj9Z9Li4BjSpTbbwPe30="},"lastRemoteEphemeralKey":"BS2ksbXLPggnme+9yM53fVbVDwHirU9uQfO7UO66ULov","previousCounter":1,"rootKey":"7YcU8+22qRGsMAZOXQ6jAy15HAvdEKqXjgfNku9Pnsw="},"indexInfo":{"baseKey":"BXx4DbJq8OVrez3TQxY1zLVSb9LKjfKoDCi1R4g3TIgZ","baseKeyType":2,"closed":-1,"used":1738929107014,"created":1738861482149,"remoteIdentityKey":"BTUMyVsdsKMDn/w+wJfZeDAdpcFRafi0tqXQHHAlG1pk"},"_chains":{"BQprhV9GIQm4vzJWn2lPlV/Q/jlFHgAUjb9eqOyVA2wf":{"chainKey":{"counter":0},"chainType":2,"messageKeys":{}},"BS2ksbXLPggnme+9yM53fVbVDwHirU9uQfO7UO66ULov":{"chainKey":{"counter":1,"key":"5cp+n7w21VmVSsn28Oo+TKqrJEJGzKbcUgzLveAqwUo="},"chainType":2,"messageKeys":{}},"BY+0Yi0V0Z796NdAlB9Zt0s210n0xb5i8x15/sQ4GX8g":{"chainKey":{"counter":0,"key":"/xtZ8ouk+9/Wgepo1WFAvaH784XVymHSlHXVsvysPFw="},"chainType":1,"messageKeys":{}}}}},"version":"v1"}