{"_sessions":{"BQtGmbqI+XZStSVStNyTicUbR14bD7AnXqHKRGRQZ1Eu":{"registrationId":1207503720,"currentRatchet":{"ephemeralKeyPair":{"pubKey":"BVQPAsI7V9i0HzziSuCX5ntYic2GgmY7vj6y36XScHBd","privKey":"iL9qnMaKQckUbgviDKdJJmfrVeHS09xP4cDv4CB3dF0="},"lastRemoteEphemeralKey":"Be8f9EHZ2s/+sFfti92JFA6fkx7kcHUEajOY8UX6EDMv","previousCounter":0,"rootKey":"MsxodGJykU8drJmAdYsbQv1zaX+1tTmS/5mQraAu28E="},"indexInfo":{"baseKey":"BQtGmbqI+XZStSVStNyTicUbR14bD7AnXqHKRGRQZ1Eu","baseKeyType":1,"closed":1738395838908,"used":1738070238584,"created":1738070238584,"remoteIdentityKey":"BaMYgl6MLdi/7a4JgXJs+ztzjBUFW/TDFo1YDMT15alG"},"_chains":{"BVQPAsI7V9i0HzziSuCX5ntYic2GgmY7vj6y36XScHBd":{"chainKey":{"counter":2,"key":"0HKHaZhp3oAarvrz9C1gFgSubAh8PIKOXOyouzAyVeE="},"chainType":1,"messageKeys":{}}},"pendingPreKey":{"signedKeyId":3,"baseKey":"BQtGmbqI+XZStSVStNyTicUbR14bD7AnXqHKRGRQZ1Eu","preKeyId":15048995}},"BWsyNi3nH4F3CxHXenKabamUe2D/XKGMp+KorQx2tVss":{"registrationId":895547415,"currentRatchet":{"ephemeralKeyPair":{"pubKey":"BUeeuvgm3weB04Py9mL/kIa1533trvEgt/pdarWE6ZhR","privKey":"kB1vz+8YwUfhZ8yPiL9fxePVl+YclExKuJNau7DtYm0="},"lastRemoteEphemeralKey":"BeLaIRpTWzcCZZlAVk1VJ/6jfnYNyosatw7488ufQsET","previousCounter":0,"rootKey":"sWvgT6KZ4DVkTO0JHb09vSpv8dwU2gBNdQ3GtcnORiI="},"indexInfo":{"baseKey":"BWsyNi3nH4F3CxHXenKabamUe2D/XKGMp+KorQx2tVss","baseKeyType":2,"closed":1738426243789,"used":1738395838947,"created":1738395838947,"remoteIdentityKey":"BQelM5YK7nlncZ9Tq9EQgSyhbGfdvdDSmVcfzhD6c/gW"},"_chains":{"BeLaIRpTWzcCZZlAVk1VJ/6jfnYNyosatw7488ufQsET":{"chainKey":{"counter":0,"key":"MYc/I4QMIk2sd2+SzmaKysyPgJ3yj4AhDbD3ufWnyYc="},"chainType":2,"messageKeys":{}},"BUeeuvgm3weB04Py9mL/kIa1533trvEgt/pdarWE6ZhR":{"chainKey":{"counter":-1,"key":"/swNj5vxaURpBM6NuJjCA6Mj3l6LguskzJdNCNX+u/Y="},"chainType":1,"messageKeys":{}}}},"BUGDVTODYdqvaQ3BySx37spgEpGAeo02Pb4tC6YGsrcu":{"registrationId":895547415,"currentRatchet":{"ephemeralKeyPair":{"pubKey":"BftTHMbnuhkdnAJhwwf5LC4EAvlK3B9y2Aq7KuBqO3I+","privKey":"CDD7WvO6N9OaW5dIJPdq1rtqtlsmmgU5khu2emdIeEM="},"lastRemoteEphemeralKey":"BcaXWvUVdQQnk3cmGLq/gcTSFPIyM4r0NRmyyFaQ8e0o","previousCounter":0,"rootKey":"+Sj95JPMx+lAdRfoaBk3V9HSA5brtzr581NEbKGQbH8="},"indexInfo":{"baseKey":"BUGDVTODYdqvaQ3BySx37spgEpGAeo02Pb4tC6YGsrcu","baseKeyType":1,"closed":-1,"used":1738427679346,"created":1738426243780,"remoteIdentityKey":"BQelM5YK7nlncZ9Tq9EQgSyhbGfdvdDSmVcfzhD6c/gW"},"_chains":{"BcaXWvUVdQQnk3cmGLq/gcTSFPIyM4r0NRmyyFaQ8e0o":{"chainKey":{"counter":0,"key":"zgyI9XbA2Ea4sBq1+JV/eph665d8uH8abOARxyiLjzw="},"chainType":2,"messageKeys":{}},"BftTHMbnuhkdnAJhwwf5LC4EAvlK3B9y2Aq7KuBqO3I+":{"chainKey":{"counter":1,"key":"LjiVupdV8DglJo482QPClXw2OGMH2RDv8NH+1gjQs0k="},"chainType":1,"messageKeys":{}}}}},"version":"v1"}