{"_sessions":{"BWvf44laMnRb9JuxfB8o55pDgz1pZ2H5xj+Y/Ak7QPpE":{"registrationId":1941240303,"currentRatchet":{"ephemeralKeyPair":{"pubKey":"BX+nylkDg3s0+eHrt9RyL+EB70qnqw41rGUfCwBlp3Rv","privKey":"eCyrDFC9f00J7np4/zaSPb8r90+VSitnYgvYNRjWg08="},"lastRemoteEphemeralKey":"BQLVjslThKQvu+CanXttCobucGkHDAuvNuKJQ7Xty/5q","previousCounter":0,"rootKey":"cvUNeNDehXwqc1o3U9+xQL/Ya4nFvF9TKrKuQbOxkK8="},"indexInfo":{"baseKey":"BWvf44laMnRb9JuxfB8o55pDgz1pZ2H5xj+Y/Ak7QPpE","baseKeyType":1,"closed":-1,"used":1738070238674,"created":1738070238674,"remoteIdentityKey":"BRqP/Kcp+R63LIm8iF7QQlfyM6ue//jeIOsITggjgnQI"},"_chains":{"BX+nylkDg3s0+eHrt9RyL+EB70qnqw41rGUfCwBlp3Rv":{"chainKey":{"counter":5,"key":"z1Ug6GpewaidYtQvzpAGVtfQr1/ibkm5ICGPjb254ns="},"chainType":1,"messageKeys":{}}},"pendingPreKey":{"signedKeyId":9,"baseKey":"BWvf44laMnRb9JuxfB8o55pDgz1pZ2H5xj+Y/Ak7QPpE","preKeyId":10878342}}},"version":"v1"}