{"_sessions":{"BagMTLnqLoPz4RmiLfDDbou76kY9RjjhrS2b+4VoOp9e":{"registrationId":256085685,"currentRatchet":{"ephemeralKeyPair":{"pubKey":"BbNbjuhhLgOcR15ak4h/+qx1ZlpQB0DQgydgHhVoeisj","privKey":"oKUniJe2dgXpOn714V+oitNmyP7WBfThbELGOSWlbkA="},"lastRemoteEphemeralKey":"BU7FqaCz7QccyBH3o+f7upxW/T0w1l5QQ7ruGSwjAjFS","previousCounter":0,"rootKey":"um0RRgRbprbjAPTRb9C0JtRZ1M0SWgJ9b6VIcm79QhM="},"indexInfo":{"baseKey":"BagMTLnqLoPz4RmiLfDDbou76kY9RjjhrS2b+4VoOp9e","baseKeyType":1,"closed":-1,"used":1738070238629,"created":1738070238629,"remoteIdentityKey":"BXWtU8lH88gcax13s/qF4Da1faaw2tb6jthd72jjK71g"},"_chains":{"BbNbjuhhLgOcR15ak4h/+qx1ZlpQB0DQgydgHhVoeisj":{"chainKey":{"counter":5,"key":"R9KbUBxxIg91gElbkx5WmGb1nmXSS6qNpHd008EDF5w="},"chainType":1,"messageKeys":{}}},"pendingPreKey":{"signedKeyId":2,"baseKey":"BagMTLnqLoPz4RmiLfDDbou76kY9RjjhrS2b+4VoOp9e","preKeyId":13784688}}},"version":"v1"}