{"_sessions":{"BTRpXgClDtd/KBADIGv3jDOUuTvcHj4wD+wcQC8dYjVb":{"registrationId":1275405676,"currentRatchet":{"ephemeralKeyPair":{"pubKey":"BaqogytfNzc+WW9027yqpGqWi8j+lueac8ssmh8XyK8f","privKey":"SLctGyFIkTdLSufcXsKwNAhO29tflW+v+QztMm+cUXI="},"lastRemoteEphemeralKey":"BZ3NoJnH+OHCxRThQkYiSeh/ZFfywFLgFZWkcgarFs9x","previousCounter":0,"rootKey":"9LRXtMlE1xdFxk8Hq95BSggOBG7zwuZHDM1q3S6sRcI="},"indexInfo":{"baseKey":"BTRpXgClDtd/KBADIGv3jDOUuTvcHj4wD+wcQC8dYjVb","baseKeyType":2,"closed":-1,"used":1738257036937,"created":1738257036937,"remoteIdentityKey":"BbK8/MjLG8s1nD/PjkXYJlVnMNARlarhufzMWYaoQIt9"},"_chains":{"BZ3NoJnH+OHCxRThQkYiSeh/ZFfywFLgFZWkcgarFs9x":{"chainKey":{"counter":0,"key":"zLrU0B7H0tCuNGERAiCjFYWoCb2gMiejNPf+RAqfm1c="},"chainType":2,"messageKeys":{}},"BaqogytfNzc+WW9027yqpGqWi8j+lueac8ssmh8XyK8f":{"chainKey":{"counter":1,"key":"wSdAIidDFvhS5utPcapqX1G+eSm0GirW1Ib3EDJcteE="},"chainType":1,"messageKeys":{}}}}},"version":"v1"}