{"_sessions":{"BSZKn2qOx1PIKcFKiytcka9TDdwPn2tnUkKtSlTO2Rtp":{"registrationId":14625,"currentRatchet":{"ephemeralKeyPair":{"pubKey":"BaTFeFaIh9DrKKyLoMT2MVABYXZQ98vMYkVNRx4kGXsD","privKey":"oA600XnRDB4aJ0w5MiAPE1H3DMWGg+KTMh5q2ENVV0E="},"lastRemoteEphemeralKey":"BV0HkYDrnwcMuIuZkmgYyIYgv+++bh+vJV3jT9GEH0Fa","previousCounter":0,"rootKey":"wNAg4WlosPKRbo0M1zJSZmBctIC9xF0COVUNAkHd1+4="},"indexInfo":{"baseKey":"BSZKn2qOx1PIKcFKiytcka9TDdwPn2tnUkKtSlTO2Rtp","baseKeyType":1,"closed":-1,"used":1738106022531,"created":1738106022531,"remoteIdentityKey":"Bce0AAT03yqgsdETRKN/yOkSj6EzmSqfdRtRDZVuQqoT"},"_chains":{"BaTFeFaIh9DrKKyLoMT2MVABYXZQ98vMYkVNRx4kGXsD":{"chainKey":{"counter":1,"key":"BQQndwih+d8duu92goZPt+BsHTCa/n5wBeRvZIaC+tE="},"chainType":1,"messageKeys":{}}},"pendingPreKey":{"signedKeyId":1,"baseKey":"BSZKn2qOx1PIKcFKiytcka9TDdwPn2tnUkKtSlTO2Rtp","preKeyId":196}}},"version":"v1"}