{"_sessions":{"BSjFmvUAC+e0oBlHdD7c9/jDFLO4STkXKcxyOlwM5Sga":{"registrationId":1189770473,"currentRatchet":{"ephemeralKeyPair":{"pubKey":"BUgszVpDBONTKAHAaK/x/Vaw1f7W9Q5nMSLvraLFt5RM","privKey":"WIvcKzzvHRCuRPrTaHEO6z13ElJx6HyjDlnERdsIc0Q="},"lastRemoteEphemeralKey":"BWRCbXgnCMeWPkhs1gXrICYB1m0pVr97M/WJ/EZTp+YG","previousCounter":4,"rootKey":"kqez9mrQRIkhW7I1J0FsEgC5SHzuQ6g1E5tBU4jf3DM="},"indexInfo":{"baseKey":"BSjFmvUAC+e0oBlHdD7c9/jDFLO4STkXKcxyOlwM5Sga","baseKeyType":1,"closed":-1,"used":1738769505564,"created":1738070238199,"remoteIdentityKey":"BQev+NUSJrNXs0+nZInLBqoRbW7Oc0b9tZi4O6IcBa0/"},"_chains":{"BWRCbXgnCMeWPkhs1gXrICYB1m0pVr97M/WJ/EZTp+YG":{"chainKey":{"counter":0,"key":"GQGLmgJnDPbLYXXUh+YGrI8BUQkoyHLhwgho5/1Gp7o="},"chainType":2,"messageKeys":{}},"BUgszVpDBONTKAHAaK/x/Vaw1f7W9Q5nMSLvraLFt5RM":{"chainKey":{"counter":0,"key":"erneGTCS1cC020hPXdGO/CnROpO6l2ijbAU5NtcncWk="},"chainType":1,"messageKeys":{}}}}},"version":"v1"}