{"_sessions":{"BQAj4SfB2J6WgWz/9DCwrVeZsWAdNbeHi+pIGegYfulL":{"registrationId":432508083,"currentRatchet":{"ephemeralKeyPair":{"pubKey":"BW55wWVr74qw71D6j5mC9tKnkJuQYVQs+Z8sADpsM3lY","privKey":"ON0MqX1/XgMHApHaRhWNNsDQIK8QmXt/Covlwdd+VlI="},"lastRemoteEphemeralKey":"Bamu3pKFoLTszMh2RwMhuwMKiCyPzMY6mmYrKlTCg8Yx","previousCounter":3,"rootKey":"/ktWh7/E3L+GuPhsV5uHs20nSpi/aXccHhVK7Vk1DVM="},"indexInfo":{"baseKey":"BQAj4SfB2J6WgWz/9DCwrVeZsWAdNbeHi+pIGegYfulL","baseKeyType":1,"closed":-1,"used":1738504192275,"created":1738069367532,"remoteIdentityKey":"BRKdYnTa14waw4Ve2CGW0ujxBkWFwp/AhgVUIQGxQ+QZ"},"_chains":{"Bamu3pKFoLTszMh2RwMhuwMKiCyPzMY6mmYrKlTCg8Yx":{"chainKey":{"counter":0,"key":"WoAbgmoADWnLYIXrH2ik10ZngrreCNKcsbzZ3zKsQn8="},"chainType":2,"messageKeys":{}},"BW55wWVr74qw71D6j5mC9tKnkJuQYVQs+Z8sADpsM3lY":{"chainKey":{"counter":7,"key":"u+7RqINw0CbSA6+fLLEwaJKkG7UGh0e/9vH4lVHvFi4="},"chainType":1,"messageKeys":{}}}}},"version":"v1"}