{"_sessions":{"BeJDwSGWg4JY4OBB0x/XTpJmT19MwiASyK6a+hGFNOwE":{"registrationId":2072460839,"currentRatchet":{"ephemeralKeyPair":{"pubKey":"Bf6zW1g+k2p2viXrOQhYFT5jDuymrynrm5YBx7U9Evt2","privKey":"mO3DMKIRC31lAZg4QSEG1L/dR32l+Oe8mLX3QoXfy0k="},"lastRemoteEphemeralKey":"Be6D1WIY1+p2ug7yplvoEIJKTcgD8fgVVTt7k1wkmJxC","previousCounter":3,"rootKey":"TdfAyFQRYLYQTpCQS579L1P4LLAdzeRgO//mSTC44b0="},"indexInfo":{"baseKey":"BeJDwSGWg4JY4OBB0x/XTpJmT19MwiASyK6a+hGFNOwE","baseKeyType":1,"closed":-1,"used":1738892984971,"created":1738070238131,"remoteIdentityKey":"BXFnrode46Z7wwEjiR9tC704PePHkvieC8sErAU9fZRw"},"_chains":{"BcDVosiLLYHGfSZ1islzktXreXPKyDrOveqljXVuvrZo":{"chainKey":{"counter":0},"chainType":2,"messageKeys":{}},"BQiEqOZYmHoZiVJqMsp0V54YJZFFHfsfkyeVTmX0i9s7":{"chainKey":{"counter":0},"chainType":2,"messageKeys":{}},"Be6D1WIY1+p2ug7yplvoEIJKTcgD8fgVVTt7k1wkmJxC":{"chainKey":{"counter":0,"key":"wurposGBE8Fx1kro/6bNfaU3JwHibNLP7U8ORXxnjBQ="},"chainType":2,"messageKeys":{}},"Bf6zW1g+k2p2viXrOQhYFT5jDuymrynrm5YBx7U9Evt2":{"chainKey":{"counter":-1,"key":"lSgXU2P//85A/BmY1Ydu1MQ9TkFrWTjXEh1uEBjHzWg="},"chainType":1,"messageKeys":{}}}}},"version":"v1"}