{"_sessions":{"BaHTfxwEJmgpr1rMNo1ybsWdOGEUj9BoYy9D5Ovh77sC":{"registrationId":60,"currentRatchet":{"ephemeralKeyPair":{"pubKey":"BavOt69ZLVP/IQ3CR3j4EYXX6ANs62U0/yNnDtatVQAH","privKey":"IKGk1CjYfVhhDR9YzBJhyqPYmd/1fE7AbD1d/CIgUmI="},"lastRemoteEphemeralKey":"Bas/RlFLeFikYFt7oq+msRHf5JQlMzE4DWWv7V8I1N44","previousCounter":1,"rootKey":"yMvqYLKl9vuxLNQmGevAvkkevhE7ijgp6LS0IK2Gl2o="},"indexInfo":{"baseKey":"BaHTfxwEJmgpr1rMNo1ybsWdOGEUj9BoYy9D5Ovh77sC","baseKeyType":1,"closed":-1,"used":1738842065049,"created":1738841681415,"remoteIdentityKey":"BSBaBbQLzQZmh6pKRexCWgC4CcmthEHdvgzQHMo2dvlp"},"_chains":{"Bas/RlFLeFikYFt7oq+msRHf5JQlMzE4DWWv7V8I1N44":{"chainKey":{"counter":0,"key":"T3M7m28e8eBPy/69zYN0VuWnEkruYip70tnLQwPWvNs="},"chainType":2,"messageKeys":{}},"BavOt69ZLVP/IQ3CR3j4EYXX6ANs62U0/yNnDtatVQAH":{"chainKey":{"counter":-1,"key":"P1WzK5DxQNfHHLy+IM65Ger/uD2vaErfDh+tYsNl+vo="},"chainType":1,"messageKeys":{}}}}},"version":"v1"}