{"_sessions":{"BdejhqJxzd33RJMOSZEGS4XZpBY/rVLOd+OT2D9FBuB5":{"registrationId":921608366,"currentRatchet":{"ephemeralKeyPair":{"pubKey":"BZ/tas4V9fo6C3m+eVDsHOUwPiZwPZxwrLbzYLBeg3dG","privKey":"KMBfIDfSKApKgaCbXfRb3FxQMsBq9npSYluxdyH3UnE="},"lastRemoteEphemeralKey":"BTzL6SNRJ3Q3z5k1Qn7g1vVCAAdE8UjkuD2pXjYWzKlm","previousCounter":1,"rootKey":"dP2pdxw3VgNLYm1khONYcxlIiuMhZ61VcPhPdeQK5tg="},"indexInfo":{"baseKey":"BdejhqJxzd33RJMOSZEGS4XZpBY/rVLOd+OT2D9FBuB5","baseKeyType":1,"closed":-1,"used":1738929068189,"created":1738069367189,"remoteIdentityKey":"BacwcaPO/rwMuDLR1ZIx19NO/Vcsi50Ppdx1uSSldI4A"},"_chains":{"BbJ+EDoXI9lqU1BT6+EBJXAdd3cNdfIJK+u7Q86SQEY2":{"chainKey":{"counter":1},"chainType":2,"messageKeys":{}},"BVB9AkFuuEwyeb1aCCz38qA6ZaeB97Pzi12rAWwfucc+":{"chainKey":{"counter":0},"chainType":2,"messageKeys":{}},"BZeUs84YcaYJDRk90gGloklChQuRbS1Fl4FHSbfvqmVN":{"chainKey":{"counter":2},"chainType":2,"messageKeys":{}},"BckmLDqwFFEmvSgRB+qTGCU3t/vEwlYu5GDdh2WryfAO":{"chainKey":{"counter":1},"chainType":2,"messageKeys":{}},"BdotkTeyWeSENgkESQoMGzfqu67TJXj8LAVOdJO9+e5+":{"chainKey":{"counter":0},"chainType":2,"messageKeys":{}},"BSJ2cKiajA+btmlkeo4lotsuGBK8I8Qf3dYDpQuXNKlK":{"chainKey":{"counter":1},"chainType":2,"messageKeys":{}},"BTzL6SNRJ3Q3z5k1Qn7g1vVCAAdE8UjkuD2pXjYWzKlm":{"chainKey":{"counter":1,"key":"ETQkxLgisHWIEo/TjpxAHsoa5F8JJMG1V1jrTP8LP3c="},"chainType":2,"messageKeys":{}},"BZ/tas4V9fo6C3m+eVDsHOUwPiZwPZxwrLbzYLBeg3dG":{"chainKey":{"counter":0,"key":"Afq3NH4b+zEJUu8VzYuJiUqmRz+u5DoM2XS9Q4ljE14="},"chainType":1,"messageKeys":{}}}}},"version":"v1"}