{"_sessions":{"Bd720Ns9btfSXN+Y0N8UlA1eBWoO2HJ4YWjBf71H23Yd":{"registrationId":158973420,"currentRatchet":{"ephemeralKeyPair":{"pubKey":"Bd1YJGgXQPClTsODFBZH2Tx3jX4tV/vjFN+2JAP5FWQH","privKey":"WFVey1nEbsJ86+OXBF/E2LDxzeaS5YH0zsiIKe6Uun0="},"lastRemoteEphemeralKey":"BUnOjC1IHDcz5ONZSSSa35uI4qczB0j6MuyCoWbTPo08","previousCounter":0,"rootKey":"O1yXyesHDULCr5fUNa40m7F7nSGjriFUM/M/3tp5rYI="},"indexInfo":{"baseKey":"Bd720Ns9btfSXN+Y0N8UlA1eBWoO2HJ4YWjBf71H23Yd","baseKeyType":1,"closed":-1,"used":1738363627034,"created":1738363627034,"remoteIdentityKey":"BX79fxuVdV2aW0hQh2b70JlV0bhJsz1oVVg3b01CFvQ2"},"_chains":{"Bd1YJGgXQPClTsODFBZH2Tx3jX4tV/vjFN+2JAP5FWQH":{"chainKey":{"counter":0,"key":"9+gZfnPz3X7iqJOfLjc1znu3KQg4r8In6eUIunl3ibw="},"chainType":1,"messageKeys":{}}},"pendingPreKey":{"signedKeyId":0,"baseKey":"Bd720Ns9btfSXN+Y0N8UlA1eBWoO2HJ4YWjBf71H23Yd","preKeyId":105080}}},"version":"v1"}