{"_sessions":{"BVfjROzrYrO3BGKSATK0zkK75MJeQXOxjsN3HaJAiYB+":{"registrationId":1281983576,"currentRatchet":{"ephemeralKeyPair":{"pubKey":"BXFuXkFMJ4vg6u1qZiGJufckGQ9sp9/o1LoJtkWtXSV0","privKey":"AG200j1OrbGnB03MIMDJqL0brjaiPJGTwa5EnvcRm34="},"lastRemoteEphemeralKey":"Bdk+GMjJRSHfyY2luOD5NP1Efuzf0t2BplHUYk6Mu8YI","previousCounter":0,"rootKey":"Je9NU7vJlrxr5Zcd8X8e6C+MTLHaBtJs/xHfSuKDrbQ="},"indexInfo":{"baseKey":"BVfjROzrYrO3BGKSATK0zkK75MJeQXOxjsN3HaJAiYB+","baseKeyType":1,"closed":1738210121649,"used":1738069366580,"created":1738069366580,"remoteIdentityKey":"BVz/S0mwSEKnyNAFaVPonrz6auUP/q+OsNVetovWB09T"},"_chains":{"BXFuXkFMJ4vg6u1qZiGJufckGQ9sp9/o1LoJtkWtXSV0":{"chainKey":{"counter":1,"key":"mB1Hc8olLDMm5OJ78UUPXzR01JhSm/GWmcqiDhpYXuw="},"chainType":1,"messageKeys":{}}},"pendingPreKey":{"signedKeyId":1,"baseKey":"BVfjROzrYrO3BGKSATK0zkK75MJeQXOxjsN3HaJAiYB+","preKeyId":2312}},"BVymtGlWXsDOgOVvaGMPEAS4BgpS1/O8SSWNwqezJtA1":{"registrationId":1281983576,"currentRatchet":{"ephemeralKeyPair":{"pubKey":"BQu+gxIRPsEF2XwPySkzhky/VxPnpoG5b4gDPvOBs2h6","privKey":"IHFn6Nlhe/hxoemuBb6vehqVBgxSNdphwLgXdPOT1Vw="},"lastRemoteEphemeralKey":"Bdk+GMjJRSHfyY2luOD5NP1Efuzf0t2BplHUYk6Mu8YI","previousCounter":0,"rootKey":"GTgnGLXrd93JaJlK3/LrEi2v4GZQc3YtaEeya6h8FM8="},"indexInfo":{"baseKey":"BVymtGlWXsDOgOVvaGMPEAS4BgpS1/O8SSWNwqezJtA1","baseKeyType":1,"closed":1738210123523,"used":1738210121631,"created":1738210121631,"remoteIdentityKey":"BVz/S0mwSEKnyNAFaVPonrz6auUP/q+OsNVetovWB09T"},"_chains":{"BQu+gxIRPsEF2XwPySkzhky/VxPnpoG5b4gDPvOBs2h6":{"chainKey":{"counter":-1,"key":"Bdq4/ERVq3YRfasWtd+5WUtquGQRf2et/Ktv0H6S4sI="},"chainType":1,"messageKeys":{}}},"pendingPreKey":{"signedKeyId":1,"baseKey":"BVymtGlWXsDOgOVvaGMPEAS4BgpS1/O8SSWNwqezJtA1","preKeyId":1702}},"BTd/YZwFT84NN8Koln9QNhyhjDCOHyZHE0SrRV8e7+ZL":{"registrationId":1281983576,"currentRatchet":{"ephemeralKeyPair":{"pubKey":"Bd8rPLJalIaup8H4Y1pgRl0n8RL8iE1EwnQl7fW/1WxN","privKey":"GESJ0aI99qtsY2x4fKj175Arp7a0h3lPw2qYgUfXQmQ="},"lastRemoteEphemeralKey":"Bdk+GMjJRSHfyY2luOD5NP1Efuzf0t2BplHUYk6Mu8YI","previousCounter":0,"rootKey":"cb3Ktm6xwDXnmdiVDeoDAHDWb/JN2C+2TB92PxpK+Jw="},"indexInfo":{"baseKey":"BTd/YZwFT84NN8Koln9QNhyhjDCOHyZHE0SrRV8e7+ZL","baseKeyType":1,"closed":1738210123978,"used":1738210123514,"created":1738210123514,"remoteIdentityKey":"BVz/S0mwSEKnyNAFaVPonrz6auUP/q+OsNVetovWB09T"},"_chains":{"Bd8rPLJalIaup8H4Y1pgRl0n8RL8iE1EwnQl7fW/1WxN":{"chainKey":{"counter":-1,"key":"ms7zTi9gBGEDPJmP8duSwWkSMLb/HfhLR+DlicQVABs="},"chainType":1,"messageKeys":{}}},"pendingPreKey":{"signedKeyId":1,"baseKey":"BTd/YZwFT84NN8Koln9QNhyhjDCOHyZHE0SrRV8e7+ZL","preKeyId":2266}},"BRdb2kkbvqzhqeId6WrgG0Xf6DvXSP1bBA2pOtsu6O02":{"registrationId":1281983576,"currentRatchet":{"ephemeralKeyPair":{"pubKey":"BQ3Qv8pziAlWnLfjZbn74ifPpx/6E+RLmcd+wYngwkdY","privKey":"eF/8T5gs4QRTsAfrLXEosmUqR/lZJFFs1psc1vyTiWE="},"lastRemoteEphemeralKey":"Bdk+GMjJRSHfyY2luOD5NP1Efuzf0t2BplHUYk6Mu8YI","previousCounter":0,"rootKey":"Ta3FlN56vJ06QUVHJX4yIDLbHbAI/jvj/CL2HIbuEHk="},"indexInfo":{"baseKey":"BRdb2kkbvqzhqeId6WrgG0Xf6DvXSP1bBA2pOtsu6O02","baseKeyType":1,"closed":1738210124347,"used":1738210123969,"created":1738210123969,"remoteIdentityKey":"BVz/S0mwSEKnyNAFaVPonrz6auUP/q+OsNVetovWB09T"},"_chains":{"BQ3Qv8pziAlWnLfjZbn74ifPpx/6E+RLmcd+wYngwkdY":{"chainKey":{"counter":-1,"key":"L/LN1AV4OLt5mxZmrLmSUR09CQQ0OlSogs8MX2oFMIk="},"chainType":1,"messageKeys":{}}},"pendingPreKey":{"signedKeyId":1,"baseKey":"BRdb2kkbvqzhqeId6WrgG0Xf6DvXSP1bBA2pOtsu6O02","preKeyId":2471}},"BREbMHERI28Ia/wM/d+CD71jCw/hUwDgEfpq8uMNLVc1":{"registrationId":1281983576,"currentRatchet":{"ephemeralKeyPair":{"pubKey":"BXYzad6ebP59TapC5lSZ9uOG8jOkeNvldxy6g4JxL1cW","privKey":"YMrAnufbCio1whxOdchgrX5j31eTkmOKJY8m1D3DRng="},"lastRemoteEphemeralKey":"Bdk+GMjJRSHfyY2luOD5NP1Efuzf0t2BplHUYk6Mu8YI","previousCounter":0,"rootKey":"j5pWOkE12hlVoldoyXJT6/vuzMbAGymZu/E18GAWEFM="},"indexInfo":{"baseKey":"BREbMHERI28Ia/wM/d+CD71jCw/hUwDgEfpq8uMNLVc1","baseKeyType":1,"closed":1738210124719,"used":1738210124339,"created":1738210124339,"remoteIdentityKey":"BVz/S0mwSEKnyNAFaVPonrz6auUP/q+OsNVetovWB09T"},"_chains":{"BXYzad6ebP59TapC5lSZ9uOG8jOkeNvldxy6g4JxL1cW":{"chainKey":{"counter":-1,"key":"eyDyqrfNKD+/9rPVwCeXQ2uicuFT4VmtQAK5mnTiCYs="},"chainType":1,"messageKeys":{}}},"pendingPreKey":{"signedKeyId":1,"baseKey":"BREbMHERI28Ia/wM/d+CD71jCw/hUwDgEfpq8uMNLVc1","preKeyId":2367}},"BXn5QUo2n+dQORp/gbkUw08W3BylOXrPn7CTypPoq9dv":{"registrationId":1281983576,"currentRatchet":{"ephemeralKeyPair":{"pubKey":"BV1r3Jfapp27GhM+gSbpGp6ehak/SxrQy8Gvjp6WVmJF","privKey":"YNK2vAMRWPVijfbOreYiP0mb5aV0lkHs1cueCucMjG8="},"lastRemoteEphemeralKey":"Bdk+GMjJRSHfyY2luOD5NP1Efuzf0t2BplHUYk6Mu8YI","previousCounter":0,"rootKey":"ylnGr6dx2Pa4440ePG900vGz0J/7gbGwPugRElNLvZ4="},"indexInfo":{"baseKey":"BXn5QUo2n+dQORp/gbkUw08W3BylOXrPn7CTypPoq9dv","baseKeyType":1,"closed":1738210132310,"used":1738210124711,"created":1738210124711,"remoteIdentityKey":"BVz/S0mwSEKnyNAFaVPonrz6auUP/q+OsNVetovWB09T"},"_chains":{"BV1r3Jfapp27GhM+gSbpGp6ehak/SxrQy8Gvjp6WVmJF":{"chainKey":{"counter":-1,"key":"d0sxA7ABB66iKOE+r+OOCNaahB77SwLkYgTDrKob6dU="},"chainType":1,"messageKeys":{}}},"pendingPreKey":{"signedKeyId":1,"baseKey":"BXn5QUo2n+dQORp/gbkUw08W3BylOXrPn7CTypPoq9dv","preKeyId":1856}},"BR1+5wprLful94TXyePG0ymmw1Iax7vVDrLymwPYIRlJ":{"registrationId":1281983576,"currentRatchet":{"ephemeralKeyPair":{"pubKey":"BeJ1hk4uGWFChgoDnFjV9UJmbxhJcfhhYfCqitYzvj9I","privKey":"oGhiPl8wSfJb1Wxd9TRr/AHEJx8JV/5tujWGnOqZCHM="},"lastRemoteEphemeralKey":"Bdk+GMjJRSHfyY2luOD5NP1Efuzf0t2BplHUYk6Mu8YI","previousCounter":0,"rootKey":"PtWN/VxwPdm7tCD6NoZHzmRLRgouk3o86VxPujv/Iio="},"indexInfo":{"baseKey":"BR1+5wprLful94TXyePG0ymmw1Iax7vVDrLymwPYIRlJ","baseKeyType":1,"closed":1738210132692,"used":1738210132295,"created":1738210132295,"remoteIdentityKey":"BVz/S0mwSEKnyNAFaVPonrz6auUP/q+OsNVetovWB09T"},"_chains":{"BeJ1hk4uGWFChgoDnFjV9UJmbxhJcfhhYfCqitYzvj9I":{"chainKey":{"counter":-1,"key":"DNunDb6Gtv4Xvy2RBjM0eZJ/plIcO1c6e7bhcLsmzgk="},"chainType":1,"messageKeys":{}}},"pendingPreKey":{"signedKeyId":1,"baseKey":"BR1+5wprLful94TXyePG0ymmw1Iax7vVDrLymwPYIRlJ","preKeyId":1896}},"BdGIiiGO3kBgFezLv5EWfzabEDxB+GBAl1ie4fP+zckA":{"registrationId":1281983576,"currentRatchet":{"ephemeralKeyPair":{"pubKey":"Be+mFNjGUXh7c7b1hbAKMlgPRfp10c4IRTEERik2Qk8J","privKey":"YOhO8fnvUtwTV6JtVm57H6FIDPbu+GHTTIgGlyo36HY="},"lastRemoteEphemeralKey":"Bdk+GMjJRSHfyY2luOD5NP1Efuzf0t2BplHUYk6Mu8YI","previousCounter":0,"rootKey":"RsK4AQ8Iwml+pfKPU/PBV7pzY+7qqfhGYw1YCIW6d38="},"indexInfo":{"baseKey":"BdGIiiGO3kBgFezLv5EWfzabEDxB+GBAl1ie4fP+zckA","baseKeyType":1,"closed":1738210156686,"used":1738210132684,"created":1738210132684,"remoteIdentityKey":"BVz/S0mwSEKnyNAFaVPonrz6auUP/q+OsNVetovWB09T"},"_chains":{"Be+mFNjGUXh7c7b1hbAKMlgPRfp10c4IRTEERik2Qk8J":{"chainKey":{"counter":-1,"key":"oAXZ0Rvt0gsocrHl+JDUCJwe+eetvqcEyzCnexJP1Qo="},"chainType":1,"messageKeys":{}}},"pendingPreKey":{"signedKeyId":1,"baseKey":"BdGIiiGO3kBgFezLv5EWfzabEDxB+GBAl1ie4fP+zckA","preKeyId":2435}},"Bf7nJDPO4U2VtroTKnnyTIzzzeFQaXCFaAlHnlEoauEI":{"registrationId":1281983576,"currentRatchet":{"ephemeralKeyPair":{"pubKey":"BUYUoHeG1F9gb0pIVdbf4NeLEvNIa5wFU+EFcksrcWxR","privKey":"eLIRW7I9a/yfZzdD20lAqwZjzcoCDAp4GSpps3Fgx10="},"lastRemoteEphemeralKey":"BZdjyGsDQjGKw2wIiznSYzSj5aLDyCsU2p2nm2AU6nAf","previousCounter":7,"rootKey":"3bp3L2pJehydgtvCmNsJwvs3fUj4iIy98ep8wezMbgg="},"indexInfo":{"baseKey":"Bf7nJDPO4U2VtroTKnnyTIzzzeFQaXCFaAlHnlEoauEI","baseKeyType":2,"closed":-1,"used":1738893626228,"created":1738210156741,"remoteIdentityKey":"BVz/S0mwSEKnyNAFaVPonrz6auUP/q+OsNVetovWB09T"},"_chains":{"BQt1MwBhYNjfkGNtu8e2ODj3B12hkQz0xhhABwVFmAIG":{"chainKey":{"counter":0},"chainType":2,"messageKeys":{}},"BZdjyGsDQjGKw2wIiznSYzSj5aLDyCsU2p2nm2AU6nAf":{"chainKey":{"counter":0,"key":"7NdkLfN0TQy24HrsCQy2fbYecuirjoGsvJsDhK8Lfck="},"chainType":2,"messageKeys":{}},"BUYUoHeG1F9gb0pIVdbf4NeLEvNIa5wFU+EFcksrcWxR":{"chainKey":{"counter":2,"key":"jhR0/33S0BwviNjFQ9cHWzlXbgviYTP2MsgiyEKvPag="},"chainType":1,"messageKeys":{}}}}},"version":"v1"}