{"_sessions":{"BU2jhwjoYoHS6Dbi3PvYwgwf5SY4tR+bcK1rwYKOJC4z":{"registrationId":1554033845,"currentRatchet":{"ephemeralKeyPair":{"pubKey":"BV5rqSHBCamPqkT8IBhjwHHGYbAarF3x5qpd1Qh0F1pw","privKey":"eKpAWSqy47H49Ub8+pfkosrYzxQx3/pYD+MnXVOJkFY="},"lastRemoteEphemeralKey":"BYu/B2xS5T4vJC7HIdOc+AKhyGH5dg7rS2Zy7ais1QMb","previousCounter":0,"rootKey":"t4xVKdcrA+0sl48/8CYydglDeuKXcGvgw3eRxvdXCoc="},"indexInfo":{"baseKey":"BU2jhwjoYoHS6Dbi3PvYwgwf5SY4tR+bcK1rwYKOJC4z","baseKeyType":1,"closed":-1,"used":1738498208349,"created":1738498208349,"remoteIdentityKey":"BRL4pFIZ2FgQgAIXguidtc/eq7GXkUMaFH531JFyf6pX"},"_chains":{"BV5rqSHBCamPqkT8IBhjwHHGYbAarF3x5qpd1Qh0F1pw":{"chainKey":{"counter":9,"key":"UzdINwYggfG7jj7WrjCL3wfHe21oIph2F6BYWIScxi0="},"chainType":1,"messageKeys":{}}},"pendingPreKey":{"signedKeyId":14,"baseKey":"BU2jhwjoYoHS6Dbi3PvYwgwf5SY4tR+bcK1rwYKOJC4z","preKeyId":4175564}}},"version":"v1"}