{"_sessions":{"BWff8PuJ8laRRfzrM5Wye9qRunlRbPGjrLEMoad6HNwF":{"registrationId":860350743,"currentRatchet":{"ephemeralKeyPair":{"pubKey":"BTQeGtEAkKtl8J0YBbopUAxOqA+PyZcyQd/KZUKI109N","privKey":"wM4Wvd1ZESbBjlbg+V3HGNANfn7RpocXxOp1YBXjq34="},"lastRemoteEphemeralKey":"BWQhMDed/P1GCiWV9Rh5a1fpAdtbSM1Wbxe7pLzpAgB1","previousCounter":0,"rootKey":"9vKL0A8KuVEibdhnz76OC/SFFccaHnjIUbE/XollIAM="},"indexInfo":{"baseKey":"BWff8PuJ8laRRfzrM5Wye9qRunlRbPGjrLEMoad6HNwF","baseKeyType":1,"closed":-1,"used":1738666628336,"created":1738479962428,"remoteIdentityKey":"BYF4+sYH++iliHwtW6+FutgvQioP46VoDVaTCrfGapQ9"},"_chains":{"BWQhMDed/P1GCiWV9Rh5a1fpAdtbSM1Wbxe7pLzpAgB1":{"chainKey":{"counter":0,"key":"/305n0gMUpgPexFD8z8tUUYxKED1ItB3nci61s2A+rc="},"chainType":2,"messageKeys":{}},"BTQeGtEAkKtl8J0YBbopUAxOqA+PyZcyQd/KZUKI109N":{"chainKey":{"counter":1,"key":"FSAffGXqMuc1NvkGWCU6GH/Jf5MQo9EhR1tAPXYCGGs="},"chainType":1,"messageKeys":{}}}}},"version":"v1"}