{"_sessions":{"BU9i16cn2Zj5lUu/LrnVR5MjcE5pM9zrEiDA+8PoUZke":{"registrationId":1861078993,"currentRatchet":{"ephemeralKeyPair":{"pubKey":"BcGSk2krjWf6GU/IEe1atu8jI+ixw7nh6DgsRhTer+A4","privKey":"qAbaGUYImRqaG8wUzwWexmqdcSu/IPTS5VfpAbMlbnA="},"lastRemoteEphemeralKey":"Bao6u7ewNszldMh0KMyNIY1lG8cO1NJcOMfDxXF70plf","previousCounter":0,"rootKey":"671v2L4rGurv9BcdUAzODL5+/C+1krRK7lng3YFzeD4="},"indexInfo":{"baseKey":"BU9i16cn2Zj5lUu/LrnVR5MjcE5pM9zrEiDA+8PoUZke","baseKeyType":1,"closed":1738360729114,"used":1738248322780,"created":1738069367373,"remoteIdentityKey":"BZ82PXpxQYkih31ItFmEibVYAUGgjObRt+opboeFMt1d"},"_chains":{"BYGlmyYKJoNC3BlfiyVIl5weNcmphcoPArICPPakoHkR":{"chainKey":{"counter":4},"chainType":2,"messageKeys":{}},"BejWLZ8qFMdg8UTTKjqA4eXQmi9X/rZDMgTr9phRCtlq":{"chainKey":{"counter":0},"chainType":2,"messageKeys":{}},"Bao6u7ewNszldMh0KMyNIY1lG8cO1NJcOMfDxXF70plf":{"chainKey":{"counter":1,"key":"KP310BIxvD6H/uq4YIPI8L3GEFIHvMW9MRskjXPKgM8="},"chainType":2,"messageKeys":{}},"BcGSk2krjWf6GU/IEe1atu8jI+ixw7nh6DgsRhTer+A4":{"chainKey":{"counter":-1,"key":"FrsJLZSulGLVa9BwooZUvo+w/XzTAYuTG9lFO+28OYg="},"chainType":1,"messageKeys":{}}}},"BQG30+YOTW8jSYdhhtqJNuJ0f4+KEcBz6qVq8/vV1B0e":{"registrationId":1861078993,"currentRatchet":{"ephemeralKeyPair":{"pubKey":"BV7uM4QbTQ6Yz32j0HUMsEHTKg7nCWJq5di7/VPrkGkf","privKey":"WG3/zBN+mAc1zKmbWFSpq3riD43wexK78nO70UcvKUU="},"lastRemoteEphemeralKey":"BV7tBMHq03iSYUMVgNtpdrAEMCseyOjyfCBoRq7dPpEq","previousCounter":0,"rootKey":"0BZo3nVthLD/oNSZsorZMDjZRF+AmEV4bCtk7bn9INA="},"indexInfo":{"baseKey":"BQG30+YOTW8jSYdhhtqJNuJ0f4+KEcBz6qVq8/vV1B0e","baseKeyType":2,"closed":1738502031570,"used":1738484664161,"created":1738360729151,"remoteIdentityKey":"BZ82PXpxQYkih31ItFmEibVYAUGgjObRt+opboeFMt1d"},"_chains":{"BTZlFMoxGOpoUW4TM3PmIgrXGV2DWD0BmZqB1m7EBtAI":{"chainKey":{"counter":2},"chainType":2,"messageKeys":{"0":"I3Lvmt8lGZjWNAtpAqts4/tnfrgdUeAr4SwLoldFUGQ="}},"BV7tBMHq03iSYUMVgNtpdrAEMCseyOjyfCBoRq7dPpEq":{"chainKey":{"counter":0,"key":"1peNhMpEp7X4J71MqRpIK6hm45dlH9CQg2n4fDDw42E="},"chainType":2,"messageKeys":{}},"BV7uM4QbTQ6Yz32j0HUMsEHTKg7nCWJq5di7/VPrkGkf":{"chainKey":{"counter":-1,"key":"TIb699RVwGTyrR+Fn30CKwEGVJToDb62MbTUaBMGuJY="},"chainType":1,"messageKeys":{}}}},"BasrsfMsm53lh2rbJ1iDaDUjvG/WVpbWtaRVz3Xe5OB5":{"registrationId":1861078993,"currentRatchet":{"ephemeralKeyPair":{"pubKey":"Bckpy+8K7wTxjl8BrfZdZaLgd9y/e7qbIih6+dxzUjoD","privKey":"eKjjzEREjQ3yBjSL6fOQ+E+vZQTL6sdhsvXPu/qEIV8="},"lastRemoteEphemeralKey":"BYkNXTkGE1uPOH+Tep6Ac/u29lU/bfItZjwvI7pyXK8K","previousCounter":0,"rootKey":"Qjfkml+uB9g2MXHF9U7bCIiWHbieJLwoGO0NeahDbKc="},"indexInfo":{"baseKey":"BasrsfMsm53lh2rbJ1iDaDUjvG/WVpbWtaRVz3Xe5OB5","baseKeyType":2,"closed":1738562096918,"used":1738502031625,"created":1738502031625,"remoteIdentityKey":"BZ82PXpxQYkih31ItFmEibVYAUGgjObRt+opboeFMt1d"},"_chains":{"BYkNXTkGE1uPOH+Tep6Ac/u29lU/bfItZjwvI7pyXK8K":{"chainKey":{"counter":1,"key":"V8UumKdJ5Oa7t5MljROCxhFx0OFt5GufDJ3vGivBbTY="},"chainType":2,"messageKeys":{"0":"VEBNu2s06JVlvAoroGcIPOWTn2B3ws8+8PYrFEcWSG8="}},"Bckpy+8K7wTxjl8BrfZdZaLgd9y/e7qbIih6+dxzUjoD":{"chainKey":{"counter":-1,"key":"NUF7xq+B8vx9DBySPbNC5FxyVPjo6cLdNzQEGt3GO4c="},"chainType":1,"messageKeys":{}}}},"BTBfVIL/M/386ff8mqc2hHhk0dsJUrsg9onA370OwJQF":{"registrationId":1861078993,"currentRatchet":{"ephemeralKeyPair":{"pubKey":"BeYHn5z7TttKzaOQpnXJbzbELZspFbvf3h088RiHUBMl","privKey":"AHS0NSoTgHfzTtXE9vwsZTsfCn4D+Bogb6JPU3ZGjUc="},"lastRemoteEphemeralKey":"BTspqD6RJ0UGcSRvocTdbkvtdidqVDXVNdPuy9kvCRE8","previousCounter":2,"rootKey":"/1lGWb0kyQ8uTQHcitWrsvj2t20n3OEviWy1VQW1hQw="},"indexInfo":{"baseKey":"BTBfVIL/M/386ff8mqc2hHhk0dsJUrsg9onA370OwJQF","baseKeyType":2,"closed":-1,"used":1738926116241,"created":1738562096972,"remoteIdentityKey":"BZ82PXpxQYkih31ItFmEibVYAUGgjObRt+opboeFMt1d"},"_chains":{"BSMOjoZfiAWn9+laIuJ1wblzqZxmQzJHCDmzQ5Ujt5UM":{"chainKey":{"counter":4},"chainType":2,"messageKeys":{"0":"xG9GIFNDGmUBkYeoKYIXdDyIdWnSep9aImYFwwSkW78="}},"BXNr/8lRzv7DBHunTAkEWCrxOe0TBojAb9EkwRcn14Ar":{"chainKey":{"counter":3},"chainType":2,"messageKeys":{}},"BTSKSoqszBGEL195Pkn5posbUTbVzlogRpT2qoxvd0NO":{"chainKey":{"counter":1},"chainType":2,"messageKeys":{}},"BVjjrtKK11AycZQKyDusqqTvyNCRerA5F/a9idXJGzYD":{"chainKey":{"counter":0},"chainType":2,"messageKeys":{}},"BeXMnQhHUqGhEanlCd8zCV1PRIp3jsxumFa7Qgoc9lIV":{"chainKey":{"counter":0},"chainType":2,"messageKeys":{}},"BTspqD6RJ0UGcSRvocTdbkvtdidqVDXVNdPuy9kvCRE8":{"chainKey":{"counter":0,"key":"iRndJJYuzZ3LnReGczOZNzIupEMxonLK1ncN15Xp2fc="},"chainType":2,"messageKeys":{}},"BeYHn5z7TttKzaOQpnXJbzbELZspFbvf3h088RiHUBMl":{"chainKey":{"counter":0,"key":"tGbJw6CqGWI70FzeUVezgnjY9qFA2kTlA6F545wiI10="},"chainType":1,"messageKeys":{}}}}},"version":"v1"}