{"_sessions":{"BdbzVCLsy5wO2fFnb8FpAt3KWU8jk088yuzOg6tvZCtL":{"registrationId":1243319997,"currentRatchet":{"ephemeralKeyPair":{"pubKey":"Bc5OjD+Kc20OLhXuduv15U7NWew9/yNzdMCfbun98xAi","privKey":"SA0eMHtTYNCt4iUoY9iyV3Nzgin4JKWJJlLAnGvOx3k="},"lastRemoteEphemeralKey":"BRG9DmK3zI92jM/uBFYOXykuTSH1KBZSecXeZCxh6wB3","previousCounter":0,"rootKey":"XG3ewLTosLQvvEjkASxzlRCckrYoa2DePdYc7tA4t9A="},"indexInfo":{"baseKey":"BdbzVCLsy5wO2fFnb8FpAt3KWU8jk088yuzOg6tvZCtL","baseKeyType":1,"closed":-1,"used":1738069366440,"created":1738069366440,"remoteIdentityKey":"BVGW2Bu2ErT4U1xH11DwqBCbH7LKMW6goKz5cMGpjIpO"},"_chains":{"Bc5OjD+Kc20OLhXuduv15U7NWew9/yNzdMCfbun98xAi":{"chainKey":{"counter":12,"key":"8dtXYB6pxpADho6mW6V87qa4Tzw/t0ThTsqOBxd0iq4="},"chainType":1,"messageKeys":{}}},"pendingPreKey":{"signedKeyId":149,"baseKey":"BdbzVCLsy5wO2fFnb8FpAt3KWU8jk088yuzOg6tvZCtL","preKeyId":546}}},"version":"v1"}