{"_sessions":{"Bb+ikzrICnuMKjcUsFFbC+ez3B/i9uD1A1RcZJMle+ND":{"registrationId":1484239240,"currentRatchet":{"ephemeralKeyPair":{"pubKey":"BYcEyy5y65AP2rLm8VkUwHG00USbXHYllWSGy1Qc7pNF","privKey":"6F0Dv1yoxAIEAErG5tunod2jooohk4Zfffdq8at4W3A="},"lastRemoteEphemeralKey":"BaANQVS1nKg9HoPLspM/BNGOOx1zAkggguq7dCqSTkU8","previousCounter":9,"rootKey":"qg5RSQZACGXeOPdJBqGw0zFk87mNvsDI2C3GgNDPz6g="},"indexInfo":{"baseKey":"Bb+ikzrICnuMKjcUsFFbC+ez3B/i9uD1A1RcZJMle+ND","baseKeyType":2,"closed":-1,"used":1738569202846,"created":1738412127118,"remoteIdentityKey":"Bdsv/jfS+Mc0vBk7inzoHWgohwaSjlH1oq6p3U1vuBEV"},"_chains":{"BRhl1Xp6WdZUdj8Zv5TcUzJtiqXr7NlNi4OnrA+CceUh":{"chainKey":{"counter":0},"chainType":2,"messageKeys":{}},"Ba+2SsdqxXeb37+kyB7zXV+qUIG74tAHGW71pcs8DgxJ":{"chainKey":{"counter":0},"chainType":2,"messageKeys":{}},"BcC/kir52IKtRNd8+QlOXDwDVhsVbkC7U3aPGkLuszpt":{"chainKey":{"counter":1},"chainType":2,"messageKeys":{}},"BYNw0NgXa1s9aoLvwPekfP60X8kzTnc/w0h+mgFZ5DB4":{"chainKey":{"counter":0},"chainType":2,"messageKeys":{}},"BbAiJtl1LwSwfMfbxXEvfVzBQE//q2GwtosFw6Su4IxP":{"chainKey":{"counter":0},"chainType":2,"messageKeys":{}},"BV6U6AGMRPwgEn61fwmbEV1ES1vZojsIAtLHQUaszKlJ":{"chainKey":{"counter":2},"chainType":2,"messageKeys":{}},"Baz8vga4Tw4Q3bx8qm+wFBHNuhG+mNbdY0SKspfUTukd":{"chainKey":{"counter":0},"chainType":2,"messageKeys":{}},"BcahlamfGhnmAuMLRVobGE93Yk+g62rNzUBnQep3oost":{"chainKey":{"counter":0},"chainType":2,"messageKeys":{}},"Bdu9ci4UFRkTGioJy4cys5hRBUoQbTivSMnXvkUcBnEL":{"chainKey":{"counter":5},"chainType":2,"messageKeys":{}},"BZOBwFjkRIefqSCGLwDS4WsylWhNelwEA+YJ/15rW9l7":{"chainKey":{"counter":0},"chainType":2,"messageKeys":{}},"BaANQVS1nKg9HoPLspM/BNGOOx1zAkggguq7dCqSTkU8":{"chainKey":{"counter":1,"key":"Kdl2y+1Fsr+lKWuSeU0UhLqBeSxcU2nwTLL+cG8Cbp8="},"chainType":2,"messageKeys":{}},"BYcEyy5y65AP2rLm8VkUwHG00USbXHYllWSGy1Qc7pNF":{"chainKey":{"counter":51,"key":"4qgDW99w2Kpv38jimqmzJLRH9nw1ywHr2eyBGUZhNyA="},"chainType":1,"messageKeys":{}}}}},"version":"v1"}