{"_sessions":{"BRmnKGtfiaC6UC35ZkgeJBUjKc5BIPwqRriKxUwIju0B":{"registrationId":806356763,"currentRatchet":{"ephemeralKeyPair":{"pubKey":"BZeaskZxitPfjVp58JNTaBJbPMlLu8A7AxrzX/H2c/8n","privKey":"gMD2HuP1aaS+b6rvHEy42zkyITkTHWLYcd9hvbXpEmY="},"lastRemoteEphemeralKey":"BdnQKSDVXCLa4gk48fR0fxXqkq4SBE3bvoZpfnCPgNhg","previousCounter":0,"rootKey":"SAz8qAMwl1zrRJBd4In8/xLB4uEu7hfFJ1AZ5DZJyw4="},"indexInfo":{"baseKey":"BRmnKGtfiaC6UC35ZkgeJBUjKc5BIPwqRriKxUwIju0B","baseKeyType":2,"closed":-1,"used":1738093628060,"created":1738093628060,"remoteIdentityKey":"BbWfIitKZOgEL2YMbZKf8pzX5gB21QOePTgnO/6PsVJP"},"_chains":{"BdnQKSDVXCLa4gk48fR0fxXqkq4SBE3bvoZpfnCPgNhg":{"chainKey":{"counter":2,"key":"ZuzhXfJ/iNbj5tND1wIDKLKkWAWduXPFl5RfjsWdZ/o="},"chainType":2,"messageKeys":{}},"BZeaskZxitPfjVp58JNTaBJbPMlLu8A7AxrzX/H2c/8n":{"chainKey":{"counter":-1,"key":"yOFX8g6KL0FaPq2MgWcneA4sEGNU6dMfjZaG7ssBucg="},"chainType":1,"messageKeys":{}}}}},"version":"v1"}