{"_sessions":{"BfU6dCqg/xLrrly6k/6uB79c4TYeuShTmcMhrzv95ChL":{"registrationId":412297584,"currentRatchet":{"ephemeralKeyPair":{"pubKey":"BZGGVd36dkgMPrIyg1BQmhtD0puPbBi8C2Xh2BFFDw0v","privKey":"yGA08mPyMz2Ui9d40Xb8aPksDxjsuhypzBw77G1hLXs="},"lastRemoteEphemeralKey":"BUa1e8sODbZpDK6tp+FiKri+CYSCJnqCF3PJHRBr4Nt3","previousCounter":1,"rootKey":"JgWniOyMRwi2TN8oCGWenkN1a0vHKWpq07PZ9K/c7Fc="},"indexInfo":{"baseKey":"BfU6dCqg/xLrrly6k/6uB79c4TYeuShTmcMhrzv95ChL","baseKeyType":1,"closed":-1,"used":1738928724964,"created":1738069366984,"remoteIdentityKey":"BSv5mNr9zi8AEX8ERyPiKqcO19anj4rZvirCDx/31KIF"},"_chains":{"Bf6HrDXvpkyKHIr8tVvJjTnSNF3mX1NtIheOOzc6lxxB":{"chainKey":{"counter":3},"chainType":2,"messageKeys":{}},"BQz+w7V0yGRfRx2MM6+qoiJf3JfPUIdLnl/NarnTWUIx":{"chainKey":{"counter":0},"chainType":2,"messageKeys":{}},"BUjLPuZ24vUba+0oNVBrzReaUqHWjxFauiMq064qRzIE":{"chainKey":{"counter":0},"chainType":2,"messageKeys":{}},"BVnHard5j79v+K7AOyGow1Nz/dlEaai/58gmxz7GNyIu":{"chainKey":{"counter":0},"chainType":2,"messageKeys":{}},"BUa1e8sODbZpDK6tp+FiKri+CYSCJnqCF3PJHRBr4Nt3":{"chainKey":{"counter":0,"key":"UzL2vAFzRUHGi+BOC9f7TjExE6ZpKwvPV85/4j4zLKg="},"chainType":2,"messageKeys":{}},"BZGGVd36dkgMPrIyg1BQmhtD0puPbBi8C2Xh2BFFDw0v":{"chainKey":{"counter":0,"key":"MLEkl99GxUqrjHrzr4h0QPukRtiDx3WngF7ZKbLqJio="},"chainType":1,"messageKeys":{}}}}},"version":"v1"}