{"_sessions":{"BeXnBlL7xMSOXfwvBlX353rQlhFxu7vF45mofqNCehMT":{"registrationId":292802944,"currentRatchet":{"ephemeralKeyPair":{"pubKey":"Bed9Z7ErgK5ifqZS4u6xivjNoc6OMJy1XkPFk86aAp5V","privKey":"OMnO0l5pmUIc/FWs30T/4YIa8J+5WXc2GSwWteHjh3M="},"lastRemoteEphemeralKey":"BbQAgl4GxmnYeBML5r2VaaW9A4NEJqQDKQVT/E9FYn5e","previousCounter":0,"rootKey":"UMeaCgrFDfd3acLycbrZ25aABERgB1oEB9rw7JO6xI4="},"indexInfo":{"baseKey":"BeXnBlL7xMSOXfwvBlX353rQlhFxu7vF45mofqNCehMT","baseKeyType":2,"closed":-1,"used":1738070233350,"created":1738070233350,"remoteIdentityKey":"BRJ9ImY2bXvAqlbns0EGTPBleoct1flil0QSatRclghq"},"_chains":{"BbQAgl4GxmnYeBML5r2VaaW9A4NEJqQDKQVT/E9FYn5e":{"chainKey":{"counter":0,"key":"vw5WexPFss3UrMcirxHQxpRvi3/u0mF9DgQwS41UcUc="},"chainType":2,"messageKeys":{}},"Bed9Z7ErgK5ifqZS4u6xivjNoc6OMJy1XkPFk86aAp5V":{"chainKey":{"counter":5,"key":"pdphYIPfJ+FGmISNeumgStONLzZqmuWPNjJiXo0Y46o="},"chainType":1,"messageKeys":{}}}}},"version":"v1"}