{"_sessions":{"BUEY8HiQjIC4aV7uHVhu7GUq1JWc2ZR9KoXqR6F8CDJI":{"registrationId":16504745,"currentRatchet":{"ephemeralKeyPair":{"pubKey":"Bej8N0QAk7lS74+/igbbXVrn8cG55AOpFamSqP9VSgRE","privKey":"OL8WP5e9t4CN81QPtjyvXAtjk8xvZC1NNCEOAlUgi0I="},"lastRemoteEphemeralKey":"BbydKIT8JQFxDaNgBZ5dsf6s1ZcegzTQg/zehavlJKMN","previousCounter":0,"rootKey":"VikRwFON/kZX7qwO9bBIASY22WbrmehuWYJkLTKNids="},"indexInfo":{"baseKey":"BUEY8HiQjIC4aV7uHVhu7GUq1JWc2ZR9KoXqR6F8CDJI","baseKeyType":1,"closed":-1,"used":1738069367166,"created":1738069367166,"remoteIdentityKey":"BU25heGVZoLkyQjnZy9ZMzvj59RatfSGUlhAJPcvXm1P"},"_chains":{"Bej8N0QAk7lS74+/igbbXVrn8cG55AOpFamSqP9VSgRE":{"chainKey":{"counter":11,"key":"7pMuHXHg9dq32ty3OlYdqYiHNGOPfuA0aPzKVGLW4bM="},"chainType":1,"messageKeys":{}}},"pendingPreKey":{"signedKeyId":4,"baseKey":"BUEY8HiQjIC4aV7uHVhu7GUq1JWc2ZR9KoXqR6F8CDJI","preKeyId":6286247}}},"version":"v1"}