{"_sessions":{"BQkyI2PLOZd7nDmru4wQ8XnJGM49VKHBYBLqTV5YSDAo":{"registrationId":10530,"currentRatchet":{"ephemeralKeyPair":{"pubKey":"BagpDWaqYanwQ59DYR1wM9Lz/namiGoeuUKL94JluPN7","privKey":"2H7z+8IBXxuHzod0Bv+OHnKsVtE7oHNje1KNLz5vBGU="},"lastRemoteEphemeralKey":"BZx2j2bKf41Oio26QzXEuOkvOpDl/NWFIzRSzPZPMMJd","previousCounter":0,"rootKey":"zYXMia4wiYS6tO2nAEB6atluYnEHUWaZYYm3jVXI9uQ="},"indexInfo":{"baseKey":"BQkyI2PLOZd7nDmru4wQ8XnJGM49VKHBYBLqTV5YSDAo","baseKeyType":1,"closed":-1,"used":1738069366398,"created":1738069366398,"remoteIdentityKey":"BQgqR593BLJ+JOA+P5WLoh4uZixvlSj+MY/A41Uztj0F"},"_chains":{"BagpDWaqYanwQ59DYR1wM9Lz/namiGoeuUKL94JluPN7":{"chainKey":{"counter":12,"key":"GF1aAOsJiK+Vf/MmzSHUBgPvXjh8aTcKFhy5PLxBmH0="},"chainType":1,"messageKeys":{}}},"pendingPreKey":{"signedKeyId":1,"baseKey":"BQkyI2PLOZd7nDmru4wQ8XnJGM49VKHBYBLqTV5YSDAo","preKeyId":136}}},"version":"v1"}