{"_sessions":{"BUAVRvKrRx0wZBO/quce58mPBRxDhZdXBo+tnTSbQocv":{"registrationId":1092850181,"currentRatchet":{"ephemeralKeyPair":{"pubKey":"Befov2zySV6yjLKCaCLpB0tL347KSYazPXWn1WdHuyYI","privKey":"oI+sEIkr/Vii7FS/rECWXotUm0dxC9uRPKK2hunsYmw="},"lastRemoteEphemeralKey":"BZfgtNLSDdk/KF1IOBbQHJCZcMMUB+AOr5fCtr6cpLAb","previousCounter":5,"rootKey":"QZ4brKp0ajtu8xDnWPhULiObuTGRMAUoAZ6z5PAoSz8="},"indexInfo":{"baseKey":"BUAVRvKrRx0wZBO/quce58mPBRxDhZdXBo+tnTSbQocv","baseKeyType":1,"closed":-1,"used":1738929041215,"created":1738589538753,"remoteIdentityKey":"BUqomoRe5ZmSeXoZsmAbrRqbRyAgP9eNaF9AgP8DFNVA"},"_chains":{"BdzYas7cV5AH0s9NALHV9OUY2G9eBReydLtdnmtZeA4Q":{"chainKey":{"counter":1},"chainType":2,"messageKeys":{}},"Bb1K6sxsvLQTu73cBJCYcntugnDTYUp2Az0gU+BB/mEu":{"chainKey":{"counter":3},"chainType":2,"messageKeys":{"0":"uU+tGcPuYP/g/LV7ZU34K+18BK7e9EoZQ4WDsylmrdc=","1":"KSFuHA/U37KIefWqAS1YL6ZCkZ7UWLVCa0eF5U0FeNo=","2":"AZjWMJcCaRZo9EL/axWtiTm1NcirXT2t0RbCEl5tBhs="}},"BclXYY9HPx5bYi80c7A4qowo4TsywQJr69MRI/cpHPkH":{"chainKey":{"counter":2},"chainType":2,"messageKeys":{"2":"1cgHCF9datlHXjNMVfKVvofczHho2+0GPeWAInEBmEI="}},"BZfgtNLSDdk/KF1IOBbQHJCZcMMUB+AOr5fCtr6cpLAb":{"chainKey":{"counter":0,"key":"61gcr1ktyKesiRZ2z/Vq3ITEgDFrZuoONolpEryfxjQ="},"chainType":2,"messageKeys":{}},"Befov2zySV6yjLKCaCLpB0tL347KSYazPXWn1WdHuyYI":{"chainKey":{"counter":0,"key":"9BZQO7ji1mbVd2pBUCZ0PGH7iZ+JqyPjP8N5ftA1FKE="},"chainType":1,"messageKeys":{}}}}},"version":"v1"}