{"_sessions":{"BRJ7ij9FTCuECBR4MA9gJxKwvMaeiCPzF7ySo3UzPVAO":{"registrationId":1856801110,"currentRatchet":{"ephemeralKeyPair":{"pubKey":"BV4BKIBRoGhqLsyOLEwMTXQVlNvJmI/eeYrVPRXn3g43","privKey":"iCQUamlFje5tN8FkSQi++3dqsT63/CeLRCmep/dlmlo="},"lastRemoteEphemeralKey":"BcQwrmwPbVFQDwOxGkawt0zg8brg3J+nnvpDRLzuwzwB","previousCounter":1,"rootKey":"k6iseCb8izFg+fOKVbgEM99l8PeVuUYAH6F3zIB9fk4="},"indexInfo":{"baseKey":"BRJ7ij9FTCuECBR4MA9gJxKwvMaeiCPzF7ySo3UzPVAO","baseKeyType":1,"closed":-1,"used":1738376731063,"created":1738070238071,"remoteIdentityKey":"BZxig+VQsYUYwDVXwo7f6JB6sYr3vWnYnqLpb7F03GUt"},"_chains":{"BcQwrmwPbVFQDwOxGkawt0zg8brg3J+nnvpDRLzuwzwB":{"chainKey":{"counter":1,"key":"CKFssWKAJ3ttjuxOyH9hvkvXznLLDyYSYzFJCrIWuyc="},"chainType":2,"messageKeys":{}},"BV4BKIBRoGhqLsyOLEwMTXQVlNvJmI/eeYrVPRXn3g43":{"chainKey":{"counter":0,"key":"20NcrrwomIz8njfk1kdzGlne/3T8lLR8mrezMUqkK9g="},"chainType":1,"messageKeys":{}}}}},"version":"v1"}