{"_sessions":{"BXsAhUv/8CZvLX5RySSvf236el6fGESv13aJfOCg4V0H":{"registrationId":533533294,"currentRatchet":{"ephemeralKeyPair":{"pubKey":"BVs+yAeV6XnnwpTTpGgre9O2sp2AENhTLlMQQJqcI5cH","privKey":"GJp5Tc7mVr6XlF+O7bDC1+NFHaoKVOf22aTnhhukKUY="},"lastRemoteEphemeralKey":"BVUpuc5vkLU8mZP5YnJ3/CwC8xf5TXG3WL1YdpF5zWQa","previousCounter":0,"rootKey":"/MnocSaZ04l/SUcTpj4EDtpza73juXiXuqS1X0Yy2W8="},"indexInfo":{"baseKey":"BXsAhUv/8CZvLX5RySSvf236el6fGESv13aJfOCg4V0H","baseKeyType":2,"closed":-1,"used":1738111231329,"created":1738111231329,"remoteIdentityKey":"BT8ldRhbXD4jiGF9slknIFEUuw/YY7Ew1zTFpf5c/PkY"},"_chains":{"BVUpuc5vkLU8mZP5YnJ3/CwC8xf5TXG3WL1YdpF5zWQa":{"chainKey":{"counter":19,"key":"09jJlNUuRtYkM9KGT/JCTCuIi7lH53R/VaDYNseqBlU="},"chainType":2,"messageKeys":{}},"BVs+yAeV6XnnwpTTpGgre9O2sp2AENhTLlMQQJqcI5cH":{"chainKey":{"counter":-1,"key":"LV8qJoqXZTN5m+fcBTeVLHV3kHIs7QrX1mplFVzvVco="},"chainType":1,"messageKeys":{}}}}},"version":"v1"}