{"_sessions":{"BRwZRD3Fel5mEHMh9OKinRYRG1Ng1x/3IowKtJwcbuZT":{"registrationId":1278769773,"currentRatchet":{"ephemeralKeyPair":{"pubKey":"BXFt9EnRLv/QjtttRaHL0kEgwZ80iNB5BsWdnXxSPWMJ","privKey":"yBJAaBzqloYwWDuf9AH0EOAcfGDR80KZuQ67B+egfGk="},"lastRemoteEphemeralKey":"BavKNXSGcC1307L9AFFWoP1cDhmNcFTpRr9R0jRlql5Y","previousCounter":1,"rootKey":"lG5LwgoE0xbR8Y5itI1Emc8VlQQqx6v8jdLLuoDHAfs="},"indexInfo":{"baseKey":"BRwZRD3Fel5mEHMh9OKinRYRG1Ng1x/3IowKtJwcbuZT","baseKeyType":1,"closed":1738415387839,"used":1738368858959,"created":1738069367236,"remoteIdentityKey":"BfuS3qGfLL685MpFWFKg/Ri6Rn7d16az5/C4r+TD3IQ/"},"_chains":{"BZNCPiUp+Qo0rLp9iLqFNUcP5e9ay6SaxCLNRbVFlYhg":{"chainKey":{"counter":4},"chainType":2,"messageKeys":{"1":"K+aB0gk1+E7DNl5dQ6R1Hdw2QQKJnpphdQTYYpWhB/g=","3":"yeVWiKmOpeZaesaNuIaKNOGIJ0TN7A30ekVNJrjG92o="}},"BavKNXSGcC1307L9AFFWoP1cDhmNcFTpRr9R0jRlql5Y":{"chainKey":{"counter":2,"key":"CTDZA6dUrVdlt7LGqM6uSSjM/v20PqTg6RTvUbHYXXw="},"chainType":2,"messageKeys":{"1":"BZQ88ICPX2bRb5V96ZMmfxNFfqXE+mQlqF7TrFTCc1Y="}},"BXFt9EnRLv/QjtttRaHL0kEgwZ80iNB5BsWdnXxSPWMJ":{"chainKey":{"counter":-1,"key":"i1wLPocXahqWjqIcGqq7qbyJaTdILMwwz9Pq2ggYJxw="},"chainType":1,"messageKeys":{}}}},"BQnKOsGvzL418pdOPA3Mz2vetv5E6kjnP+eQkT5mCQlr":{"registrationId":1278769773,"currentRatchet":{"ephemeralKeyPair":{"pubKey":"Bc/8rBug9EszzTSi+xZ26lWbXd90IPjCTCg1ICE7koV6","privKey":"cMmXE7sCi20h7zDwOWiqqrEWCUZsqZek5crLBGJxKG8="},"lastRemoteEphemeralKey":"BWfuVeKFxAVFIh1PLh8kpviesRloK4JI/ea6wxxSBEJX","previousCounter":3,"rootKey":"RcFp3tKGweED+PMd+1RH/F5FGyZsN7JT1amAiquOkf0="},"indexInfo":{"baseKey":"BQnKOsGvzL418pdOPA3Mz2vetv5E6kjnP+eQkT5mCQlr","baseKeyType":2,"closed":-1,"used":1738929137307,"created":1738415387894,"remoteIdentityKey":"BfuS3qGfLL685MpFWFKg/Ri6Rn7d16az5/C4r+TD3IQ/"},"_chains":{"BYYH4Zx+KjvUIuJQD5BFygO/DEh8LRNdfHtegcDKQJhs":{"chainKey":{"counter":2},"chainType":2,"messageKeys":{"0":"GbUHbz8h3cU+ThcyL0yBRFyhfwoJ5Q/CNJZ+AQXVtFw=","1":"opuMAT3xaBkPVCeuc4rzBdkHCIx8Qsz8HFDcp7Zl6vQ="}},"BcIhCCSJ49LRqdYNV2KVY11t4GtbCKvbTlITJEO9S+tt":{"chainKey":{"counter":2},"chainType":2,"messageKeys":{"2":"/SSy3SqcArNuasRRhJUtOzFdnd1nBWS25WwZY0QGkCA="}},"BcllJNotdyl4cRfJvTHPfQk7GHBuNEmroycRsCekSv5W":{"chainKey":{"counter":0},"chainType":2,"messageKeys":{}},"BXWm0MqvEYF9IyZE7X7Mf86bfPzUwonHAsF45HUp0cgZ":{"chainKey":{"counter":4},"chainType":2,"messageKeys":{"4":"TofwxLrZJHFzA1jNqv/8yfqClqpd7ZyNnt4AgwobYpo="}},"BUWPEa+b8dHB87sjOFHw+w0DadMTFC5pBASv4xGRgise":{"chainKey":{"counter":1},"chainType":2,"messageKeys":{"0":"HUcrSK7TMwVTANW4sp6KFRrobQhnXGHJkI/Gt0ggZj0="}},"Ba01yAcm3iEci8iDI1xsEUAJKtraH+mLlNwHiLdiuCg3":{"chainKey":{"counter":0},"chainType":2,"messageKeys":{}},"BWfuVeKFxAVFIh1PLh8kpviesRloK4JI/ea6wxxSBEJX":{"chainKey":{"counter":2,"key":"x1PEL0TRTPlmOBzeD9mR0+lJA6MPZdpemvEw8cHTr+8="},"chainType":2,"messageKeys":{"0":"cC89xgZIQqk0r31YI4DRRUsBEncwYLjzIZxGhEoMJZE="}},"Bc/8rBug9EszzTSi+xZ26lWbXd90IPjCTCg1ICE7koV6":{"chainKey":{"counter":0,"key":"yaUN2l1XyXhyP1v5asJae8IjOQqhWuGxlps7yh2IG1E="},"chainType":1,"messageKeys":{}}}}},"version":"v1"}