{"_sessions":{"BQv+kRQa6znW57LymUrmnJ1DB+DFEbcxIlxOf5+eau1Q":{"registrationId":1903614867,"currentRatchet":{"ephemeralKeyPair":{"pubKey":"BZMObwJdchUkNGUp9I0H3hFE26DZbQgUZ8c5DWXzOhVp","privKey":"8CwDVdRPf5s5HY/w62s/dsW8CphYkmSy79L6Jk/I/lQ="},"lastRemoteEphemeralKey":"Be/g80ENesi1xbNFFPmNRAzIzVf7gBsij1U3YpGVmB9v","previousCounter":0,"rootKey":"BESDw0svkdn055DGR9iL86ouiEL1VeP62d1US/pazXY="},"indexInfo":{"baseKey":"BQv+kRQa6znW57LymUrmnJ1DB+DFEbcxIlxOf5+eau1Q","baseKeyType":1,"closed":-1,"used":1738841681438,"created":1738841681438,"remoteIdentityKey":"BXzf5DdFu2hzUtkuuspZzOfMEKllVQsXjHanBnD8Bv5E"},"_chains":{"BZMObwJdchUkNGUp9I0H3hFE26DZbQgUZ8c5DWXzOhVp":{"chainKey":{"counter":1,"key":"SjIZ7SRENbbFO4hi4cJUkw5XnBCMFtaMUW4oZq870mA="},"chainType":1,"messageKeys":{}}},"pendingPreKey":{"signedKeyId":0,"baseKey":"BQv+kRQa6znW57LymUrmnJ1DB+DFEbcxIlxOf5+eau1Q","preKeyId":12283697}}},"version":"v1"}