{"_sessions":{"Be/W5vmhUImB5SJ5iIWjnKXgjcsUSZqA7rDORlsrSXR1":{"registrationId":1535624824,"currentRatchet":{"ephemeralKeyPair":{"pubKey":"BV7xx5K0DuaMcM1B84pw7JzVhp2yeBy5aUyp/TYNlWBE","privKey":"IE7etvvvje/5+mOMF7+khN6Q6ynV5JPznFIQxBrzR0o="},"lastRemoteEphemeralKey":"BXC91dv/3OESalT167WFtZ2c/VDjGnVGwJAmMd03jklt","previousCounter":0,"rootKey":"DKqSt6F37Wy4qVoQnM0Kv/3DyRI5Zj8bUaFDoqPLQqA="},"indexInfo":{"baseKey":"Be/W5vmhUImB5SJ5iIWjnKXgjcsUSZqA7rDORlsrSXR1","baseKeyType":1,"closed":1738362593258,"used":1738285792006,"created":1738069366733,"remoteIdentityKey":"BZys5noNBQ91kV032OhtY+aeY3/HBMpGQTPYh/3XyftT"},"_chains":{"BU3nn3hpiqGMbZz+AGuJz+BZnPvG5fYk586PoWI4SQAf":{"chainKey":{"counter":2},"chainType":2,"messageKeys":{}},"BWFsKUFm3QVya6A8JEt1sF4xFe62P8B8oa56SHtQRNI1":{"chainKey":{"counter":0},"chainType":2,"messageKeys":{}},"BXC91dv/3OESalT167WFtZ2c/VDjGnVGwJAmMd03jklt":{"chainKey":{"counter":0,"key":"m95n7NhB8Sh0M6SCHmYCHOPLdkMt8fJUDO0GIhkMtc8="},"chainType":2,"messageKeys":{}},"BV7xx5K0DuaMcM1B84pw7JzVhp2yeBy5aUyp/TYNlWBE":{"chainKey":{"counter":-1,"key":"uupZ7sIVUc3/4YyQp5b0wV1292vq5DNIcFtAFO7SNHU="},"chainType":1,"messageKeys":{}}}},"BRhgEilJCw3PYlORZWRb8EFMBZJfn+VXFnUa3jDxcz5H":{"registrationId":1535624824,"currentRatchet":{"ephemeralKeyPair":{"pubKey":"BViP21XxKz/JOKm5CalU0rPsrWRSy4cS3mwfqH9bbFNf","privKey":"SDYByOUeDQGmA7RpBLlPRn4Wyi8aq47yOJT16zRpNXY="},"lastRemoteEphemeralKey":"BXKaRI6MyVPjStB5/EJ/DMZ6GtiCnJh/Rgp28FELu10+","previousCounter":1,"rootKey":"zKn75h0NNTDDUPz6B9f43fXaaQ8FevSSJW2H7c7FQHQ="},"indexInfo":{"baseKey":"BRhgEilJCw3PYlORZWRb8EFMBZJfn+VXFnUa3jDxcz5H","baseKeyType":2,"closed":-1,"used":1738910549312,"created":1738362593291,"remoteIdentityKey":"BZys5noNBQ91kV032OhtY+aeY3/HBMpGQTPYh/3XyftT"},"_chains":{"BRQWT1DpX/SqVSTZubhJRfRHLrccKdDkrxN85OUL/xlW":{"chainKey":{"counter":1},"chainType":2,"messageKeys":{"0":"fzG2GncU/zLJkFllr4CQVu//ErjGD6FvPlceyHdJlas="}},"BbELJe6GnbSYzXDbkkzifjiYWv7o3I5gwWDuzrXpejxV":{"chainKey":{"counter":1},"chainType":2,"messageKeys":{"1":"GW6GLelbdk/p/HGX2s7qtUI9pSCKnmDHv3DqPuHdTPg="}},"BeKm27qUZ3FDwmLkZZxReEw0k2PulHjAWNc14gFnSTYq":{"chainKey":{"counter":0},"chainType":2,"messageKeys":{}},"BZFWX3DX1sVhCAnUwmavytkaV7U/pTiVDqP1WO5QwOhN":{"chainKey":{"counter":0},"chainType":2,"messageKeys":{}},"BXKaRI6MyVPjStB5/EJ/DMZ6GtiCnJh/Rgp28FELu10+":{"chainKey":{"counter":0,"key":"5eW4iT051LPUxHLooJoO+KHWUp0l0O7vfHNLyg4yabo="},"chainType":2,"messageKeys":{}},"BViP21XxKz/JOKm5CalU0rPsrWRSy4cS3mwfqH9bbFNf":{"chainKey":{"counter":2,"key":"FJhzG4k43SHTiketx6wjuqdVutigRN++hbpI3ILXzPU="},"chainType":1,"messageKeys":{}}}}},"version":"v1"}