{"_sessions":{"BRIH6DpxfWOBUIyonkld2IBcxaFhMDMxMmxv0vWdEa4j":{"registrationId":203120874,"currentRatchet":{"ephemeralKeyPair":{"pubKey":"BcxpIWJpN9S+j+/N2rkZuOZM81MOq/kM0PuHkSHVNHUz","privKey":"oBBBVdmQBW0va8A0x2XRLrEZ0ZjAmVanjicyHrjtBEM="},"lastRemoteEphemeralKey":"BUEW4vn2IFmXYryyXKXXHwqiAMhfu20QeX54ren3gQt0","previousCounter":0,"rootKey":"YBeXJBdEiXMSZbdkUi+qxcpnh0Us01PuVTOKvpmtAJE="},"indexInfo":{"baseKey":"BRIH6DpxfWOBUIyonkld2IBcxaFhMDMxMmxv0vWdEa4j","baseKeyType":1,"closed":-1,"used":1738907267162,"created":1738070238406,"remoteIdentityKey":"BRcMqGyIG8bIVyKMcqG9SGgknSZYFduTSWOWTTGrgr4/"},"_chains":{"BZE6agiiqB//Wehk6cpQxsvhUJ49japTvUV+dcLaIRFA":{"chainKey":{"counter":0},"chainType":2,"messageKeys":{}},"BTvnV5jNyJMdoBatMMdLI2VX9u5iSguTmVb8Qfz8SYgv":{"chainKey":{"counter":1},"chainType":2,"messageKeys":{}},"BesgfzGk4m9ylvLE4rL7GvB9K7r7QYQwcZEio/mdtqwA":{"chainKey":{"counter":6},"chainType":2,"messageKeys":{"6":"qQzTQ0U8tmLS+m4HaN/ZNU7sbin2lc9uEQenh3Ljn50="}},"BefgL6un97ARZlYAVy9EKRgdRlT/53sW/WNw5LpyEzUV":{"chainKey":{"counter":1},"chainType":2,"messageKeys":{}},"BUEW4vn2IFmXYryyXKXXHwqiAMhfu20QeX54ren3gQt0":{"chainKey":{"counter":1,"key":"GOi2kZ4XmNC3R0osDU8ub91QOYktUK2lxUzY/1xsh9k="},"chainType":2,"messageKeys":{}},"BcxpIWJpN9S+j+/N2rkZuOZM81MOq/kM0PuHkSHVNHUz":{"chainKey":{"counter":-1,"key":"C6YgxxxK76Fd9dbLkVH32xHR8hOJQbNwipKMm63YW3Y="},"chainType":1,"messageKeys":{}}}}},"version":"v1"}