{"_sessions":{"Bcj5X6hRmQzTM4YPICRJvFtMcB9xWdMeBUx0oCQY3jwl":{"registrationId":91,"currentRatchet":{"ephemeralKeyPair":{"pubKey":"BWpXjM/yDCY9vLQjMeMxlHX9SDdTkmj1VGvC0nzyactx","privKey":"MK7Zk9Jj0sNEeLsxAzFq/AKVxhI9JXO9ZO7D1HTQJ30="},"lastRemoteEphemeralKey":"BfK0hjHt26Ydv5ubRW2DPK+FXoEErCty8fnb2G7qn7En","previousCounter":0,"rootKey":"+SXFuD46aDLape5rg/Wp+Wi2OvTx/wLnPtuKGpQYpK4="},"indexInfo":{"baseKey":"Bcj5X6hRmQzTM4YPICRJvFtMcB9xWdMeBUx0oCQY3jwl","baseKeyType":1,"closed":1738843185416,"used":1738843097919,"created":1738843097919,"remoteIdentityKey":"BcgCdN/2qiT52luEuxfzh38x1AWOfGStf9n/2UGEaCkn"},"_chains":{"BWpXjM/yDCY9vLQjMeMxlHX9SDdTkmj1VGvC0nzyactx":{"chainKey":{"counter":0,"key":"ht5zVXfOY/ai4G5Kn0N7Y/s2HJbUb45LehV37O5Dews="},"chainType":1,"messageKeys":{}}},"pendingPreKey":{"signedKeyId":1,"baseKey":"Bcj5X6hRmQzTM4YPICRJvFtMcB9xWdMeBUx0oCQY3jwl","preKeyId":5}},"BYCOTkcUYmBs6gAcwpBbG89fO34/FrHld0cwR70AvdtV":{"registrationId":91,"currentRatchet":{"ephemeralKeyPair":{"pubKey":"BUy+/OyFYHe4wmROwV2N9IEVmtR7izwt98pIIK6V4qs3","privKey":"kCWrpVpBApNC/BdjnPkn7m3i75nkJzinrvJDv+9xz24="},"lastRemoteEphemeralKey":"BYa5L8gitzmNdYHJdljgH1BxEUq7E6Rd9GJy40BqUlgb","previousCounter":0,"rootKey":"LgspCnQrUFMyyKFeqfRd6CWGaca/tZbwpOpayqNv9tc="},"indexInfo":{"baseKey":"BYCOTkcUYmBs6gAcwpBbG89fO34/FrHld0cwR70AvdtV","baseKeyType":2,"closed":-1,"used":1738843185461,"created":1738843185461,"remoteIdentityKey":"BcgCdN/2qiT52luEuxfzh38x1AWOfGStf9n/2UGEaCkn"},"_chains":{"BYa5L8gitzmNdYHJdljgH1BxEUq7E6Rd9GJy40BqUlgb":{"chainKey":{"counter":1,"key":"mP6Ak0E3wYj9sJdi98+AEEX1Ib/S3JBmJKRhFC5VuOU="},"chainType":2,"messageKeys":{}},"BUy+/OyFYHe4wmROwV2N9IEVmtR7izwt98pIIK6V4qs3":{"chainKey":{"counter":-1,"key":"hp6Op7E07eUlkz8MA4YMRi+jwt2DUiVEF4GsNq9NkoM="},"chainType":1,"messageKeys":{}}}}},"version":"v1"}