{"_sessions":{"Bb2JSYu1lnTjniQov+meURM9I9muD7jl1wj21OGRsj5S":{"registrationId":421194884,"currentRatchet":{"ephemeralKeyPair":{"pubKey":"BZRGLZz7T2dISnUfmkThWVWQaOCJAEbt7NDA7M+Eqpgc","privKey":"SI5qT21Fgi1FTNMphne5RYhHvEK8A+/fMohY6V/ucU0="},"lastRemoteEphemeralKey":"BewytDGhcGny5F+3DzYiIW3dpe65hVAZB7NH1NecCD0f","previousCounter":0,"rootKey":"ABkMmiedszCJKOTEyvo95yIeQT7M65QRlb+u0Qz8AP0="},"indexInfo":{"baseKey":"Bb2JSYu1lnTjniQov+meURM9I9muD7jl1wj21OGRsj5S","baseKeyType":1,"closed":1738561923107,"used":1738504294491,"created":1738486843733,"remoteIdentityKey":"BRZm6p+6Qgm44GUsCrQ2auych6CgcIibjXe8ML0tn/sL"},"_chains":{"BewytDGhcGny5F+3DzYiIW3dpe65hVAZB7NH1NecCD0f":{"chainKey":{"counter":1,"key":"8dpNgjQBd3+68fq+M3+rDojV8r7Yr8/INoCzerYweQs="},"chainType":2,"messageKeys":{}},"BZRGLZz7T2dISnUfmkThWVWQaOCJAEbt7NDA7M+Eqpgc":{"chainKey":{"counter":-1,"key":"M/HD8Bof5FecOi5mf0myw/aNv/Ra2aBiBWra86czBTw="},"chainType":1,"messageKeys":{}}}},"Ba0RbcbYY6FoSz29hFYgQggOFHGk7RbWrzW41oFJ0W9x":{"registrationId":421194884,"currentRatchet":{"ephemeralKeyPair":{"pubKey":"BcXziTjqgmhEK4uns2GtX9aXIA4d5Xv1mt0RYJIYzHhr","privKey":"uKYv1u+2cr26Q8BfaAnKi5YcP29+RaLuOH8aZ1Qlz2A="},"lastRemoteEphemeralKey":"Bb7BWrsn0aClz1flTeevDdkiNvImvAP+uQUEAgxisFFN","previousCounter":0,"rootKey":"25Qgc8Rn1df1IYQ1HHrVFpRGa3BscMYUTrpjqCQxYas="},"indexInfo":{"baseKey":"Ba0RbcbYY6FoSz29hFYgQggOFHGk7RbWrzW41oFJ0W9x","baseKeyType":2,"closed":1738851211566,"used":1738561923151,"created":1738561923151,"remoteIdentityKey":"BRZm6p+6Qgm44GUsCrQ2auych6CgcIibjXe8ML0tn/sL"},"_chains":{"Bb7BWrsn0aClz1flTeevDdkiNvImvAP+uQUEAgxisFFN":{"chainKey":{"counter":5,"key":"r9XYIItKtvvqPmkJ/d67yIrb5YgJk/6KOKZo7f0EjH8="},"chainType":2,"messageKeys":{"0":"wxfVHxqAd5gQ8R5ElNQDNnWkYotffV1vaVmIXME4/e0="}},"BcXziTjqgmhEK4uns2GtX9aXIA4d5Xv1mt0RYJIYzHhr":{"chainKey":{"counter":1,"key":"bZgdLn06uxlp4voJadL7LckSVLpi2BmElz1XwfyxS6Y="},"chainType":1,"messageKeys":{}}}},"BSsov0E5WZn8Ef0X8GKJJWQKsX4+Sw+1IUsXluH0S9ZO":{"registrationId":69531492,"currentRatchet":{"ephemeralKeyPair":{"pubKey":"BWNNNQ9sXoHziOyOU8jfP4k7m85M8Sl7dmrhaVBtERkC","privKey":"qDDxtoNJl/S7rsxCvwcjVt27h0Pjt4IYF9j5objeU2g="},"lastRemoteEphemeralKey":"BWYPY4SkJmRst9hIBnGcDJ6ilItHsvxbYynsEC+I1pZx","previousCounter":0,"rootKey":"A2FIV+UTqatDcE3GnM/P2xF1R/8K9ru6x6EhRRZpMTs="},"indexInfo":{"baseKey":"BSsov0E5WZn8Ef0X8GKJJWQKsX4+Sw+1IUsXluH0S9ZO","baseKeyType":1,"closed":1738851222505,"used":1738851211558,"created":1738851211558,"remoteIdentityKey":"BUS7BchqF0mlHCUEaf+QjT3QBPNv7xN1tF4AkjccPa1l"},"_chains":{"BWNNNQ9sXoHziOyOU8jfP4k7m85M8Sl7dmrhaVBtERkC":{"chainKey":{"counter":-1,"key":"ALYusLMVoLGdXfb74u/6P3OcC1o+oU/SD6Jw8LwwltY="},"chainType":1,"messageKeys":{}}},"pendingPreKey":{"signedKeyId":0,"baseKey":"BSsov0E5WZn8Ef0X8GKJJWQKsX4+Sw+1IUsXluH0S9ZO","preKeyId":11901574}},"BWdcssltuwDxE6SbJ1N5i17SNh/W52xkDRRm9Q3fkohZ":{"registrationId":69531492,"currentRatchet":{"ephemeralKeyPair":{"pubKey":"BVj9dOsqyKSIiowYknejuxwilJdS9vc2IuRuwUBewVk4","privKey":"OGGD95Co4kdX/2ph8gtQnVLJoPkrh0LWTCeLtGdzPEU="},"lastRemoteEphemeralKey":"BahScRRStrn8RWhcBKz+BFpZ4NcQVNt7oIfGIXccwaAk","previousCounter":3,"rootKey":"O5O+1JklgJTRrBZnZwMs6dqMkKB9Jaqx6kmYfl2R1Ik="},"indexInfo":{"baseKey":"BWdcssltuwDxE6SbJ1N5i17SNh/W52xkDRRm9Q3fkohZ","baseKeyType":2,"closed":-1,"used":1738929023713,"created":1738851222523,"remoteIdentityKey":"BUS7BchqF0mlHCUEaf+QjT3QBPNv7xN1tF4AkjccPa1l"},"_chains":{"BXmymKmT1x/PA884g8wh5ckdWVvfREwaV/4yYGsZ2AUf":{"chainKey":{"counter":0},"chainType":2,"messageKeys":{}},"BahScRRStrn8RWhcBKz+BFpZ4NcQVNt7oIfGIXccwaAk":{"chainKey":{"counter":2,"key":"w0KN8weDLa83DltLntDuuN4hI1503wMD/voJhlqPGaM="},"chainType":2,"messageKeys":{"0":"K1C9WdZoKFDrjLUKbZM7jdmqzUxP71ejVuGl9tlA3cI="}},"BVj9dOsqyKSIiowYknejuxwilJdS9vc2IuRuwUBewVk4":{"chainKey":{"counter":0,"key":"/4qwLa0lwJE0oWUQ+arEVZluSbYdHSnZbQfL2Owa3Qs="},"chainType":1,"messageKeys":{}}}}},"version":"v1"}