{"_sessions":{"BZQAw1HMe0vLgOO1GAmZI9ZVcY4cppPflRrW5A/lZgYH":{"registrationId":6,"currentRatchet":{"ephemeralKeyPair":{"pubKey":"BZR48V9UfpX2jNai04+18PU3pa4nBQP0q3YSn/hSIbgV","privKey":"UHQGBvaooLwf+dYNsYFpFrNEFGcRKYFZpFNbCAif3U0="},"lastRemoteEphemeralKey":"BYqGJLZQgh7bAiYkJbjwglhHVoHzVnGht5z1/g44fy0t","previousCounter":0,"rootKey":"up3MBvESwjeky0zY1oCO8Y0CYhWFbKqf5NDRWaSgjt4="},"indexInfo":{"baseKey":"BZQAw1HMe0vLgOO1GAmZI9ZVcY4cppPflRrW5A/lZgYH","baseKeyType":1,"closed":1738070238887,"used":1738070238089,"created":1738070238089,"remoteIdentityKey":"BR68tfpBLVvEXKu0odHA4EwfBriBl60rV5K6FBiyxm0t"},"_chains":{"BZR48V9UfpX2jNai04+18PU3pa4nBQP0q3YSn/hSIbgV":{"chainKey":{"counter":0,"key":"FpCHyOwyntmHZP3n+JiwXy8i32EcugFaKSPXWUnxO4U="},"chainType":1,"messageKeys":{}}},"pendingPreKey":{"signedKeyId":1,"baseKey":"BZQAw1HMe0vLgOO1GAmZI9ZVcY4cppPflRrW5A/lZgYH"}},"BYj930oSJAFkMQqVE9Nnjl/pQASvMmhcS4OE/5c10E4w":{"registrationId":6,"currentRatchet":{"ephemeralKeyPair":{"pubKey":"BZY4Bpk3cr4NDPqi281kU6rafMjc9Mtf44seXiUMd7xs","privKey":"kGjwJYil+f14jPaZ11W9kuXniijrlCCVvht8HpDRAHk="},"lastRemoteEphemeralKey":"BT0EMkkRyzZUQDOfxWj/99acBl5p0waoFaxAPicfURpn","previousCounter":0,"rootKey":"Nge2kupjk8b3YX/+Qk3qwepdoo1KPryqYow3ZJY+BB0="},"indexInfo":{"baseKey":"BYj930oSJAFkMQqVE9Nnjl/pQASvMmhcS4OE/5c10E4w","baseKeyType":2,"closed":-1,"used":1738070238907,"created":1738070238907,"remoteIdentityKey":"BR68tfpBLVvEXKu0odHA4EwfBriBl60rV5K6FBiyxm0t"},"_chains":{"BT0EMkkRyzZUQDOfxWj/99acBl5p0waoFaxAPicfURpn":{"chainKey":{"counter":0,"key":"TxXQpuS/ObElwx18SoIJhR8bvzL2f1WwBZ3MNTXOdiY="},"chainType":2,"messageKeys":{}},"BZY4Bpk3cr4NDPqi281kU6rafMjc9Mtf44seXiUMd7xs":{"chainKey":{"counter":-1,"key":"ECE1Io5rJCdYNSNKF9s28BhDMHAfNoulJ3xnb13jy0E="},"chainType":1,"messageKeys":{}}}}},"version":"v1"}