{"_sessions":{"BStHvNGTe6Lz4dlAxMJBAOsdjw5PetO7BhZar+lDM6dC":{"registrationId":2114295892,"currentRatchet":{"ephemeralKeyPair":{"pubKey":"BapgvF4tag2IoxEKZNXfUK20m47XkVh22sobULpgSx4M","privKey":"aAtpFRyqWfgrkONO4XQOieDT4GHjb+g9ZOHubAmrlWc="},"lastRemoteEphemeralKey":"BSnlXG4r+kYyxrIKo+5PQCLTTzwzzFBurO9nH4WEmvAs","previousCounter":11,"rootKey":"D5QHTekJKSbwUnLa++2Jz2GIaoto4bVlE4xd3LheuM4="},"indexInfo":{"baseKey":"BStHvNGTe6Lz4dlAxMJBAOsdjw5PetO7BhZar+lDM6dC","baseKeyType":1,"closed":-1,"used":1738928118931,"created":1738069367463,"remoteIdentityKey":"BVVtGsFX2cMy1o0ZDFeUR8MrB9m/LxVYynDx+ZV11Khw"},"_chains":{"BSnlXG4r+kYyxrIKo+5PQCLTTzwzzFBurO9nH4WEmvAs":{"chainKey":{"counter":1,"key":"LtiqpgPZsbAf3sE+uKs/GYK3WjGh3RbYJjgiHodl0p4="},"chainType":2,"messageKeys":{}},"BapgvF4tag2IoxEKZNXfUK20m47XkVh22sobULpgSx4M":{"chainKey":{"counter":0,"key":"dLq+hs8FT6ZpgWIGuX7YIMnqtJofs5xZMyeNU8H8KxE="},"chainType":1,"messageKeys":{}}}}},"version":"v1"}