{"_sessions":{"BWO4Sjbh1C+DMcVOLh4pU+QtheAqbBcT1irchranfJgA":{"registrationId":1836077064,"currentRatchet":{"ephemeralKeyPair":{"pubKey":"BWJKsu5EG1OwSKmbAn674QQcGO+D+Ur14g1BlDz4GugB","privKey":"6NkBXNG9K1Y8ahHVvww4R/P53M3bOktnVhQnzsVFZUM="},"lastRemoteEphemeralKey":"BQ/JNNMXYPv7CTkLElBEOKaFIpBwd7JJo3XO/k++oGhs","previousCounter":0,"rootKey":"X03Ki6+brh5W48IeX9hTzJK75ONHD/MDbdOczCFwDrs="},"indexInfo":{"baseKey":"BWO4Sjbh1C+DMcVOLh4pU+QtheAqbBcT1irchranfJgA","baseKeyType":1,"closed":1738114937990,"used":1738070012567,"created":1738069367486,"remoteIdentityKey":"BdoXO6lSbER9C38r+o4qJkDSVW6SpbX0ZGmimBJv/vNK"},"_chains":{"BQ/JNNMXYPv7CTkLElBEOKaFIpBwd7JJo3XO/k++oGhs":{"chainKey":{"counter":0,"key":"mBNFimztOq0DNNeaWheymhC1ve58fdpYJ+pPOBOu8VM="},"chainType":2,"messageKeys":{}},"BWJKsu5EG1OwSKmbAn674QQcGO+D+Ur14g1BlDz4GugB":{"chainKey":{"counter":-1,"key":"WkoZ5/U6W/+FvCVN2iDBY9trQtvbG7yL0FZSj1uDTTE="},"chainType":1,"messageKeys":{}}}},"BcoznvXHCP+z4+Gtt3hZurOxbpaFDXDLlhiQC30ukLFb":{"registrationId":1836077064,"currentRatchet":{"ephemeralKeyPair":{"pubKey":"BWLrYI6jQ1VXteAxD3gejjpOiHptUsHjBml/nDfC2qNM","privKey":"QFRntRaPzX/91+fzMhJci5gh9jt/4QinL5Hxye/6Imw="},"lastRemoteEphemeralKey":"BSRMkjuN6F2WZzJttxJ5bXu5EdMKwMY8yT58t+BRsad/","previousCounter":1,"rootKey":"SWVkcwrkhdCbzSezMw+T1eTF3lD7yyclckOzh4S/PTo="},"indexInfo":{"baseKey":"BcoznvXHCP+z4+Gtt3hZurOxbpaFDXDLlhiQC30ukLFb","baseKeyType":2,"closed":-1,"used":1738851003159,"created":1738114938045,"remoteIdentityKey":"BdoXO6lSbER9C38r+o4qJkDSVW6SpbX0ZGmimBJv/vNK"},"_chains":{"BaZ1qc6iobZP7nDPyRyV3N7kdKus/6sVjze0S4DUlCFk":{"chainKey":{"counter":2},"chainType":2,"messageKeys":{}},"BSZvjjG9PHVmggiUvkPt/bLHB4aYDGZ8CiSh6HtiGkUT":{"chainKey":{"counter":0},"chainType":2,"messageKeys":{}},"BZZZtQPTpmBcaCdHRuGfUA/117BFVOamu754x5Lc6/E0":{"chainKey":{"counter":1},"chainType":2,"messageKeys":{}},"BbWHZ3uYa1DmMayizNwL6G0t5hrVDGDuYwynvLP1Wkx0":{"chainKey":{"counter":3},"chainType":2,"messageKeys":{}},"BSQ/fg+QhXXetOb+gZJvp64xwARCgXe7P0w2U3v9mscx":{"chainKey":{"counter":1},"chainType":2,"messageKeys":{}},"BSRMkjuN6F2WZzJttxJ5bXu5EdMKwMY8yT58t+BRsad/":{"chainKey":{"counter":0,"key":"kty42ts2RJj8U7M8VilGmvFHNTXosHKLFOlmXSTomvU="},"chainType":2,"messageKeys":{}},"BWLrYI6jQ1VXteAxD3gejjpOiHptUsHjBml/nDfC2qNM":{"chainKey":{"counter":4,"key":"Ms6frUcFu21FQ97oXVk61Dgn5mb6OTSRFT+Ar0619mk="},"chainType":1,"messageKeys":{}}}}},"version":"v1"}