{"_sessions":{"BTd3ucIA/9znL0DhsIBbWMJdk06nxy0Yk8FHB+qvYQVC":{"registrationId":1827982532,"currentRatchet":{"ephemeralKeyPair":{"pubKey":"BceRFe4WhQR/DiPHX+Y8CXtDLUM8hNloz8FscMK1g+Qn","privKey":"oEGNd1fCEuln/AfUR/7Q13nNnMF4AjtuvtwVkU4mfkI="},"lastRemoteEphemeralKey":"BSFuZmobjLwtJHCxaCEVB7RU65Bq1hgdNBUeP9hYFfFt","previousCounter":0,"rootKey":"Q/FraSC1PpRYkXdvIB+vleKPyL5hRumvRK4giV5eqn4="},"indexInfo":{"baseKey":"BTd3ucIA/9znL0DhsIBbWMJdk06nxy0Yk8FHB+qvYQVC","baseKeyType":1,"closed":-1,"used":1738069366847,"created":1738069366847,"remoteIdentityKey":"BfVVAHAiQ6pv2qYWJW+iVEevrJClD0079ugRHy8UtrYT"},"_chains":{"BceRFe4WhQR/DiPHX+Y8CXtDLUM8hNloz8FscMK1g+Qn":{"chainKey":{"counter":12,"key":"DkJeKLalBEzm1Cz2exNVtnSrr42R9yzKgcL21sPvCqQ="},"chainType":1,"messageKeys":{}}},"pendingPreKey":{"signedKeyId":3,"baseKey":"BTd3ucIA/9znL0DhsIBbWMJdk06nxy0Yk8FHB+qvYQVC","preKeyId":3571779}}},"version":"v1"}