{"_sessions":{"BbAPwk6h7Dt9jYNow77zOpXdWV2kl6wzB7bsl5BvrQ5e":{"registrationId":142,"currentRatchet":{"ephemeralKeyPair":{"pubKey":"BUOkKtmbtzILgxcTPb2IMRP5fucjgfrEK2tKZWnbfbIt","privKey":"0DcwJ3L+YHYrHbZuNi44vWmL53HttPp/24dETxIboWA="},"lastRemoteEphemeralKey":"BSB1Uflm265tlGnaeq6NRC064PNWfClUkLT5ZYMA4e49","previousCounter":0,"rootKey":"6tstzziQNeTPp/YHaUwK7KlFqz+vRmwGA6TMWHs4vu0="},"indexInfo":{"baseKey":"BbAPwk6h7Dt9jYNow77zOpXdWV2kl6wzB7bsl5BvrQ5e","baseKeyType":2,"closed":-1,"used":1738844029878,"created":1738843622980,"remoteIdentityKey":"Bch+PHCN2GTvqFr0siz7eAqQ3ATtXIBSz9Ms1JRPTXUf"},"_chains":{"BSoDZ2XrrDfSas40pGrjjhEMmTKAqFfGx0LwJxY9IJkV":{"chainKey":{"counter":0},"chainType":2,"messageKeys":{}},"BSB1Uflm265tlGnaeq6NRC064PNWfClUkLT5ZYMA4e49":{"chainKey":{"counter":2,"key":"rj9mGt93GYX5PXuou08uY3bVIDONOvdDY0irkjEE5/A="},"chainType":2,"messageKeys":{}},"BUOkKtmbtzILgxcTPb2IMRP5fucjgfrEK2tKZWnbfbIt":{"chainKey":{"counter":-1,"key":"BoI2wpnl4wXl2vc+aYnmJuc8bLWOD+6l/LekRCmIeuc="},"chainType":1,"messageKeys":{}}}}},"version":"v1"}