{"_sessions":{"BToZQ6Mlg2DiNk+iH8+Jxry24Q+A2p5BCR1FoaWq9xUe":{"registrationId":838,"currentRatchet":{"ephemeralKeyPair":{"pubKey":"BVq1ndUtoQkn/u++PQr7QDxJDQc7CallFpJWLmY8PhI8","privKey":"EPdWA8qYy1DV232Jib0r9nwsvr3mOswjsvVCgNJE82g="},"lastRemoteEphemeralKey":"BdL6QN3lxEioVwClxf1YNyBdi9/Hx2Hsjy6VubcUhiU7","previousCounter":0,"rootKey":"p9hK0FzYJabRAiFiSi25wsffgqgbd/hYaVFi9FJ5x30="},"indexInfo":{"baseKey":"BToZQ6Mlg2DiNk+iH8+Jxry24Q+A2p5BCR1FoaWq9xUe","baseKeyType":1,"closed":-1,"used":1738069366349,"created":1738069366349,"remoteIdentityKey":"BfCqLZLE5e41RGLbFWW0l5K0oHvTWWDgAGX93xcgvYVJ"},"_chains":{"BVq1ndUtoQkn/u++PQr7QDxJDQc7CallFpJWLmY8PhI8":{"chainKey":{"counter":12,"key":"RHZ9BDI1UfNBAlFXP46X2A9z+4nFTY4tBCrk7LQHHZ0="},"chainType":1,"messageKeys":{}}},"pendingPreKey":{"signedKeyId":2,"baseKey":"BToZQ6Mlg2DiNk+iH8+Jxry24Q+A2p5BCR1FoaWq9xUe","preKeyId":353}}},"version":"v1"}