{"_sessions":{"BSkosZQoIL0XOuQAr+ejQ+M2ja+eGflsmxhJnW0XDlI3":{"registrationId":824065367,"currentRatchet":{"ephemeralKeyPair":{"pubKey":"Beio1kouACVaBWp2fATPH6XpEXMD5kpFh973zkWQx7Yu","privKey":"0GW0h0MuaAH2EKxxrGV/Hrh4m8cQ0t17ED/vs7NJ8XQ="},"lastRemoteEphemeralKey":"BdyFFermmwWF1f7JOscUyRHq7AOvgDg7+GyefGWn1nZO","previousCounter":0,"rootKey":"1Ret8R5LFdg3NEijDm4tShOVE+GWcDuoR/hJCY6AQ6A="},"indexInfo":{"baseKey":"BSkosZQoIL0XOuQAr+ejQ+M2ja+eGflsmxhJnW0XDlI3","baseKeyType":1,"closed":1738822455351,"used":1738564495229,"created":1738490142763,"remoteIdentityKey":"BUAnKGyIblMpz+NQo0iLDmpY2R6gECwuhqh8LrpWBLET"},"_chains":{"BdyFFermmwWF1f7JOscUyRHq7AOvgDg7+GyefGWn1nZO":{"chainKey":{"counter":2,"key":"klggj9dV2WaRYAGstIrnK0POVIrZv+KQ4xwbQPGBNIU="},"chainType":2,"messageKeys":{}},"Beio1kouACVaBWp2fATPH6XpEXMD5kpFh973zkWQx7Yu":{"chainKey":{"counter":1,"key":"IkcUMhCGkjIZZzRlbcNU3lkSdcbQigK8+Pfh242Xlws="},"chainType":1,"messageKeys":{}}}},"BURsP3KkiUCm2PC6bnvENwpBEZFjGk0jicOuGJcQ0UIR":{"registrationId":824065367,"currentRatchet":{"ephemeralKeyPair":{"pubKey":"BU1DYVjrLBJ1AUzagDOD+yq48pM16CwULQMiYcB3ojc/","privKey":"cFDjLstAiK3IIzAMBcawZX5zl2BdLtS/k2dI9jEcKls="},"lastRemoteEphemeralKey":"BefOecbiurFlTvbphtFh44EincoL3cshFHTSDvdCDz8l","previousCounter":0,"rootKey":"FZXgQ2DZ951TNz5KeM9V+Z1+13E44cEYnXXyzsh1czQ="},"indexInfo":{"baseKey":"BURsP3KkiUCm2PC6bnvENwpBEZFjGk0jicOuGJcQ0UIR","baseKeyType":1,"closed":1738822455635,"used":1738822455305,"created":1738822455305,"remoteIdentityKey":"BUAnKGyIblMpz+NQo0iLDmpY2R6gECwuhqh8LrpWBLET"},"_chains":{"BU1DYVjrLBJ1AUzagDOD+yq48pM16CwULQMiYcB3ojc/":{"chainKey":{"counter":-1,"key":"Pb/ayL8HZhz48luSb11z/JgwfSXKM7XnqS8mfjSQbFg="},"chainType":1,"messageKeys":{}}},"pendingPreKey":{"signedKeyId":3,"baseKey":"BURsP3KkiUCm2PC6bnvENwpBEZFjGk0jicOuGJcQ0UIR"}},"BWN26RkAEs7pWsACV6NOgm5M97X3TiNmHEiopZBHlJJ3":{"registrationId":824065367,"currentRatchet":{"ephemeralKeyPair":{"pubKey":"Bej0nZF/d2ZVB7FegmIvGbS8DZZkDeQFsmDuIYUtMU9x","privKey":"YI/j7dBfXaFAMHn2MHeMTQQKsxUxn/WeoVRqrr1PplU="},"lastRemoteEphemeralKey":"BefOecbiurFlTvbphtFh44EincoL3cshFHTSDvdCDz8l","previousCounter":0,"rootKey":"NBZOWJeqefGss/3mnhlAtIG8wg9Ve/sRI3Yg4W1Q0qk="},"indexInfo":{"baseKey":"BWN26RkAEs7pWsACV6NOgm5M97X3TiNmHEiopZBHlJJ3","baseKeyType":1,"closed":1738822468278,"used":1738822455626,"created":1738822455626,"remoteIdentityKey":"BUAnKGyIblMpz+NQo0iLDmpY2R6gECwuhqh8LrpWBLET"},"_chains":{"Bej0nZF/d2ZVB7FegmIvGbS8DZZkDeQFsmDuIYUtMU9x":{"chainKey":{"counter":-1,"key":"uUQb7US94RUDgAnUZsUrptSvDjdan0PyAiIM4reA7sg="},"chainType":1,"messageKeys":{}}},"pendingPreKey":{"signedKeyId":3,"baseKey":"BWN26RkAEs7pWsACV6NOgm5M97X3TiNmHEiopZBHlJJ3"}},"BZQl79SMO2XV2gHU84EpYhQzw34aOljLrE/MCtPp73cC":{"registrationId":824065367,"currentRatchet":{"ephemeralKeyPair":{"pubKey":"BYX1PoOaUsy/kBEavTN6cZE2Qp6tttiNqPrKcKsNk9AL","privKey":"4GWQRYkG4OClLHEJzgHrd4aTO9Bf07mGsITgWgYNzEk="},"lastRemoteEphemeralKey":"BefOecbiurFlTvbphtFh44EincoL3cshFHTSDvdCDz8l","previousCounter":0,"rootKey":"gtmRzmJlSolT68RpqQ1B0LNe5dKuw7Ww+PW/1EwB6yM="},"indexInfo":{"baseKey":"BZQl79SMO2XV2gHU84EpYhQzw34aOljLrE/MCtPp73cC","baseKeyType":1,"closed":1738822468539,"used":1738822468247,"created":1738822468247,"remoteIdentityKey":"BUAnKGyIblMpz+NQo0iLDmpY2R6gECwuhqh8LrpWBLET"},"_chains":{"BYX1PoOaUsy/kBEavTN6cZE2Qp6tttiNqPrKcKsNk9AL":{"chainKey":{"counter":-1,"key":"YXNvusXIg5JAx7cM5EsLaYILO3qidpYqg2/TPBsmPiM="},"chainType":1,"messageKeys":{}}},"pendingPreKey":{"signedKeyId":3,"baseKey":"BZQl79SMO2XV2gHU84EpYhQzw34aOljLrE/MCtPp73cC"}},"BfMj6JTOQLu7uaNBfvDw+7G3rFeeW/D4Sd+wjgK5LMJA":{"registrationId":824065367,"currentRatchet":{"ephemeralKeyPair":{"pubKey":"BU7581BHZ3GgkM5Uib7dyGkXh+JmxCQM1ANuUhNe0+Ze","privKey":"IOygBg2RS0KE3QU0EmDqCedY+VeobyJgabH11vARKUs="},"lastRemoteEphemeralKey":"BefOecbiurFlTvbphtFh44EincoL3cshFHTSDvdCDz8l","previousCounter":0,"rootKey":"my7S0wj90t5UNNBCGxf7AC0/KCQkM8cGmspqc23O7xc="},"indexInfo":{"baseKey":"BfMj6JTOQLu7uaNBfvDw+7G3rFeeW/D4Sd+wjgK5LMJA","baseKeyType":1,"closed":1738822487526,"used":1738822468527,"created":1738822468527,"remoteIdentityKey":"BUAnKGyIblMpz+NQo0iLDmpY2R6gECwuhqh8LrpWBLET"},"_chains":{"BU7581BHZ3GgkM5Uib7dyGkXh+JmxCQM1ANuUhNe0+Ze":{"chainKey":{"counter":-1,"key":"Sf4TktBtI8aj/tF2naWa5xDWBBGiL5fCRNipAcguUEM="},"chainType":1,"messageKeys":{}}},"pendingPreKey":{"signedKeyId":3,"baseKey":"BfMj6JTOQLu7uaNBfvDw+7G3rFeeW/D4Sd+wjgK5LMJA"}},"BbhuXuUpaGTxw5wGfdTmuwqSlaGKDBVVPZA0YHCpG3UZ":{"registrationId":824065367,"currentRatchet":{"ephemeralKeyPair":{"pubKey":"BbNIDBlZI7FgJSyH2bZ4Ehn2JdGL6CBtGeF0YYbTYURL","privKey":"ANTMuIeb/Sgj+fz5Aum0w0wYe8uMf0uL4XiH+n3GSkE="},"lastRemoteEphemeralKey":"BefOecbiurFlTvbphtFh44EincoL3cshFHTSDvdCDz8l","previousCounter":0,"rootKey":"bhYXT7Y4vPS/2N6ALXTVCEfhCgeEeo/yDWWkPo6fhow="},"indexInfo":{"baseKey":"BbhuXuUpaGTxw5wGfdTmuwqSlaGKDBVVPZA0YHCpG3UZ","baseKeyType":1,"closed":1738822572399,"used":1738822487501,"created":1738822487501,"remoteIdentityKey":"BUAnKGyIblMpz+NQo0iLDmpY2R6gECwuhqh8LrpWBLET"},"_chains":{"BbNIDBlZI7FgJSyH2bZ4Ehn2JdGL6CBtGeF0YYbTYURL":{"chainKey":{"counter":-1,"key":"xmsH0rxWkSVpcHzCcFNOHPOFNmiWn4HKYN2PphCcG90="},"chainType":1,"messageKeys":{}}},"pendingPreKey":{"signedKeyId":3,"baseKey":"BbhuXuUpaGTxw5wGfdTmuwqSlaGKDBVVPZA0YHCpG3UZ"}},"Bc7UjWnbVjhR/uvGQc44+MhTPWtmPhclIE/X0tGtOzcL":{"registrationId":824065367,"currentRatchet":{"ephemeralKeyPair":{"pubKey":"BYbmnLZnHbbLMSmfBaYTyhgsCBFgwXq08ZAaEZ9AK1Zi","privKey":"EES+bHaBMeei6b59S3kueBppc2Snb5UbHLPs/hYpQ2o="},"lastRemoteEphemeralKey":"BefOecbiurFlTvbphtFh44EincoL3cshFHTSDvdCDz8l","previousCounter":0,"rootKey":"ufwNrYDD3euEovQfiu1aeOYYcm5RPgFLOk4E8NZxybs="},"indexInfo":{"baseKey":"Bc7UjWnbVjhR/uvGQc44+MhTPWtmPhclIE/X0tGtOzcL","baseKeyType":1,"closed":1738822573445,"used":1738822572384,"created":1738822572384,"remoteIdentityKey":"BUAnKGyIblMpz+NQo0iLDmpY2R6gECwuhqh8LrpWBLET"},"_chains":{"BYbmnLZnHbbLMSmfBaYTyhgsCBFgwXq08ZAaEZ9AK1Zi":{"chainKey":{"counter":-1,"key":"7APpDoaU42h78aRvYC70QMCVLaqFBcyWnnGA10GR+XY="},"chainType":1,"messageKeys":{}}},"pendingPreKey":{"signedKeyId":3,"baseKey":"Bc7UjWnbVjhR/uvGQc44+MhTPWtmPhclIE/X0tGtOzcL"}},"BQHmgs6zOsSlY+0m401aWCwEAc7lcf1f1MdmLK5PHfVo":{"registrationId":824065367,"currentRatchet":{"ephemeralKeyPair":{"pubKey":"Bd10NWhCoUZtSaOh/fLimOOCX669dBpcl7JWo6loqOxM","privKey":"uIfLHimiBibp8ha+oajabYFmcU5E1JmIUkq8mincMk8="},"lastRemoteEphemeralKey":"BefOecbiurFlTvbphtFh44EincoL3cshFHTSDvdCDz8l","previousCounter":0,"rootKey":"hxHp44+TuQhzyLolW44/uxMz5lL42kxvSSRs82kasvI="},"indexInfo":{"baseKey":"BQHmgs6zOsSlY+0m401aWCwEAc7lcf1f1MdmLK5PHfVo","baseKeyType":1,"closed":1738822673585,"used":1738822573432,"created":1738822573432,"remoteIdentityKey":"BUAnKGyIblMpz+NQo0iLDmpY2R6gECwuhqh8LrpWBLET"},"_chains":{"Bd10NWhCoUZtSaOh/fLimOOCX669dBpcl7JWo6loqOxM":{"chainKey":{"counter":-1,"key":"RRf++MbF43nXXTlsZdNVPB0YBhje8jV6jzik+99jxPE="},"chainType":1,"messageKeys":{}}},"pendingPreKey":{"signedKeyId":3,"baseKey":"BQHmgs6zOsSlY+0m401aWCwEAc7lcf1f1MdmLK5PHfVo"}},"BfvuTSFEKnFzJaPNqOWGloTNBVm77mNMI6BlJwqZQ7kV":{"registrationId":824065367,"currentRatchet":{"ephemeralKeyPair":{"pubKey":"BbuIq4eeJMFKWI9sD5jxsP1APHxESahw8uizpsPVc+Ut","privKey":"0GAgrtYAfVviWFLlvDer72UyZ2Bt4gYP5NhUZPWUdmo="},"lastRemoteEphemeralKey":"BefOecbiurFlTvbphtFh44EincoL3cshFHTSDvdCDz8l","previousCounter":0,"rootKey":"/ivwejvueVHcV7P3Q/nePLBlnS9bjVZLE81yvJHICAk="},"indexInfo":{"baseKey":"BfvuTSFEKnFzJaPNqOWGloTNBVm77mNMI6BlJwqZQ7kV","baseKeyType":1,"closed":1738822673886,"used":1738822673571,"created":1738822673571,"remoteIdentityKey":"BUAnKGyIblMpz+NQo0iLDmpY2R6gECwuhqh8LrpWBLET"},"_chains":{"BbuIq4eeJMFKWI9sD5jxsP1APHxESahw8uizpsPVc+Ut":{"chainKey":{"counter":-1,"key":"3K+Wf9Zl7vbX9/P9Q3jH/7XOVZNPbtjZ+RWb5Y6P+fw="},"chainType":1,"messageKeys":{}}},"pendingPreKey":{"signedKeyId":3,"baseKey":"BfvuTSFEKnFzJaPNqOWGloTNBVm77mNMI6BlJwqZQ7kV","preKeyId":1316148}},"BUX3i5YsSIgn9DDufAHTQ/BBzDOhhSb+4S0kfz7Yy8pi":{"registrationId":824065367,"currentRatchet":{"ephemeralKeyPair":{"pubKey":"BdSa5DSEicA54eQb8xzYHC1Jv+xqqChYRLmBnYP4ppsP","privKey":"SLJGcW15YH0/9MxfJzJGGZJLeTHoWiI04qFaexrxr0k="},"lastRemoteEphemeralKey":"BefOecbiurFlTvbphtFh44EincoL3cshFHTSDvdCDz8l","previousCounter":0,"rootKey":"CAMuB3bHusAShrPD4rEvCwxoj2GBRAVC3eFhInaT1+c="},"indexInfo":{"baseKey":"BUX3i5YsSIgn9DDufAHTQ/BBzDOhhSb+4S0kfz7Yy8pi","baseKeyType":1,"closed":1738822674221,"used":1738822673875,"created":1738822673875,"remoteIdentityKey":"BUAnKGyIblMpz+NQo0iLDmpY2R6gECwuhqh8LrpWBLET"},"_chains":{"BdSa5DSEicA54eQb8xzYHC1Jv+xqqChYRLmBnYP4ppsP":{"chainKey":{"counter":-1,"key":"/HpG3dLZ2mg9I0HwhvK4sEsxoDMlmjqH7oEe/VK/hAY="},"chainType":1,"messageKeys":{}}},"pendingPreKey":{"signedKeyId":3,"baseKey":"BUX3i5YsSIgn9DDufAHTQ/BBzDOhhSb+4S0kfz7Yy8pi","preKeyId":1316864}},"Bdb8oHCe3xnMen2bL2nPvr/pls+CAjMoaDpJ1bCWNdNh":{"registrationId":824065367,"currentRatchet":{"ephemeralKeyPair":{"pubKey":"BX8k2XKa8NSeeogX+E5FIa6hPqD+F26xymrTYSlWNLFt","privKey":"QPP3vovFNidud4BWArIITwiRYIDruSCRfgxZC02biFk="},"lastRemoteEphemeralKey":"BefOecbiurFlTvbphtFh44EincoL3cshFHTSDvdCDz8l","previousCounter":0,"rootKey":"/uLGxRxIKqnOrAZHV49CY4MIOa1Yrk42AJOl3gyGEF8="},"indexInfo":{"baseKey":"Bdb8oHCe3xnMen2bL2nPvr/pls+CAjMoaDpJ1bCWNdNh","baseKeyType":1,"closed":1738822674514,"used":1738822674211,"created":1738822674211,"remoteIdentityKey":"BUAnKGyIblMpz+NQo0iLDmpY2R6gECwuhqh8LrpWBLET"},"_chains":{"BX8k2XKa8NSeeogX+E5FIa6hPqD+F26xymrTYSlWNLFt":{"chainKey":{"counter":-1,"key":"y0FwQi5N+v8sX4cRNwt6dMMc+dq3Xp3xAk+3Pj9rrcg="},"chainType":1,"messageKeys":{}}},"pendingPreKey":{"signedKeyId":3,"baseKey":"Bdb8oHCe3xnMen2bL2nPvr/pls+CAjMoaDpJ1bCWNdNh","preKeyId":1316136}},"BbqKRSrjNhBr1+/cvf7viYcglUlfmknGORemhvCpa4ha":{"registrationId":824065367,"currentRatchet":{"ephemeralKeyPair":{"pubKey":"BSUwFkh2gOvq61ATvyzfcVauTy0NdI4wxIqqCgAAyjlq","privKey":"8JwQ5jrN0It32sE7Oz1IUpvSFbFl57FfRgKTl3+NanA="},"lastRemoteEphemeralKey":"BefOecbiurFlTvbphtFh44EincoL3cshFHTSDvdCDz8l","previousCounter":0,"rootKey":"XD5BxTkj1ZQtDPGDYOAhZ5f691fYTxGhEPZIDS7LoHA="},"indexInfo":{"baseKey":"BbqKRSrjNhBr1+/cvf7viYcglUlfmknGORemhvCpa4ha","baseKeyType":1,"closed":1738822674817,"used":1738822674505,"created":1738822674505,"remoteIdentityKey":"BUAnKGyIblMpz+NQo0iLDmpY2R6gECwuhqh8LrpWBLET"},"_chains":{"BSUwFkh2gOvq61ATvyzfcVauTy0NdI4wxIqqCgAAyjlq":{"chainKey":{"counter":-1,"key":"3BXdh6Ett2rmx9ERjPBFI6eHE3KWDz4RDxqpq4ZNUU4="},"chainType":1,"messageKeys":{}}},"pendingPreKey":{"signedKeyId":3,"baseKey":"BbqKRSrjNhBr1+/cvf7viYcglUlfmknGORemhvCpa4ha","preKeyId":1316882}},"BZk9OZe2EtKqN0LxSg8AOv6Zg1IiIFB4uvcocE6lKPNU":{"registrationId":824065367,"currentRatchet":{"ephemeralKeyPair":{"pubKey":"Bbt5YJz5+5lj/N34oUeEVtxXo75LoDMZLWBVk+Mjc/EP","privKey":"aEXRp1+GlhiXaYMrdaX8t2qtfcm2sB9slV/iBIy8gUA="},"lastRemoteEphemeralKey":"BefOecbiurFlTvbphtFh44EincoL3cshFHTSDvdCDz8l","previousCounter":0,"rootKey":"3MsUYXsBPvzOHNy42aj/DI1EVD+EJYaMZIN75YfFUWY="},"indexInfo":{"baseKey":"BZk9OZe2EtKqN0LxSg8AOv6Zg1IiIFB4uvcocE6lKPNU","baseKeyType":1,"closed":1738822675154,"used":1738822674802,"created":1738822674802,"remoteIdentityKey":"BUAnKGyIblMpz+NQo0iLDmpY2R6gECwuhqh8LrpWBLET"},"_chains":{"Bbt5YJz5+5lj/N34oUeEVtxXo75LoDMZLWBVk+Mjc/EP":{"chainKey":{"counter":-1,"key":"RzS2ojWKYgwwUamRvYiKNKQkqBGxSDlgfsRnyC2CGXk="},"chainType":1,"messageKeys":{}}},"pendingPreKey":{"signedKeyId":3,"baseKey":"BZk9OZe2EtKqN0LxSg8AOv6Zg1IiIFB4uvcocE6lKPNU","preKeyId":1316119}},"Bc8Wz6p7oPYO/wFhgjm2R3lQMhwQiMf4slu1IdtdrAcN":{"registrationId":824065367,"currentRatchet":{"ephemeralKeyPair":{"pubKey":"BWIF+/ZT/kmrOLqBE6CPb+Wn9gPh+k+NyOf5cxqP0qxc","privKey":"aIh52hakEe5u3ZdQxc6YRCMXAFZ2KfFnXJOW6Z26AWw="},"lastRemoteEphemeralKey":"BefOecbiurFlTvbphtFh44EincoL3cshFHTSDvdCDz8l","previousCounter":0,"rootKey":"HvyPgYkqSrVlxhrYJJqa7vMoLz7s9K4518z7XxJej3I="},"indexInfo":{"baseKey":"Bc8Wz6p7oPYO/wFhgjm2R3lQMhwQiMf4slu1IdtdrAcN","baseKeyType":1,"closed":1738822675448,"used":1738822675144,"created":1738822675144,"remoteIdentityKey":"BUAnKGyIblMpz+NQo0iLDmpY2R6gECwuhqh8LrpWBLET"},"_chains":{"BWIF+/ZT/kmrOLqBE6CPb+Wn9gPh+k+NyOf5cxqP0qxc":{"chainKey":{"counter":-1,"key":"lGm1JpAOy18SEMYEYhe32ewHQbIuv/6tS5SYsSyKGl8="},"chainType":1,"messageKeys":{}}},"pendingPreKey":{"signedKeyId":3,"baseKey":"Bc8Wz6p7oPYO/wFhgjm2R3lQMhwQiMf4slu1IdtdrAcN","preKeyId":1316131}},"BVMwGxfY9xwgOTqJWYmFUu9i4Q4VK43K2CSEysUaZHYW":{"registrationId":824065367,"currentRatchet":{"ephemeralKeyPair":{"pubKey":"BYL5Ed04sedzyDtzEQSoEHoo6AiltJ8OeB5c9P64MmoP","privKey":"mHUXPPscRCh1Auhit9AXUX+sYRWRYxlcddrTj7bosmk="},"lastRemoteEphemeralKey":"BU+C/DDy1HUGd/vE5pssSeULyNQW8v89TqZKAz0OWgI4","previousCounter":5,"rootKey":"RSfznS4tN1NmfYYbf0KknZwYo5aeyeWg6SErSWsxRqQ="},"indexInfo":{"baseKey":"BVMwGxfY9xwgOTqJWYmFUu9i4Q4VK43K2CSEysUaZHYW","baseKeyType":1,"closed":-1,"used":1738929384628,"created":1738822675439,"remoteIdentityKey":"BUAnKGyIblMpz+NQo0iLDmpY2R6gECwuhqh8LrpWBLET"},"_chains":{"BU+C/DDy1HUGd/vE5pssSeULyNQW8v89TqZKAz0OWgI4":{"chainKey":{"counter":0,"key":"WMms1P+R6kuHcCEP8Lc2frhFyedy2UvNEfNw3ShijWw="},"chainType":2,"messageKeys":{}},"BYL5Ed04sedzyDtzEQSoEHoo6AiltJ8OeB5c9P64MmoP":{"chainKey":{"counter":0,"key":"Gvu1Wmu/IlSuEKNY5fTUbPyBGfeHmsTawhBThRVYz5c="},"chainType":1,"messageKeys":{}}}}},"version":"v1"}