{"_sessions":{"BZ/XyjewLlAdNgOXXtfdQ0fRj6Vf1ib/jervVW94yEMz":{"registrationId":219,"currentRatchet":{"ephemeralKeyPair":{"pubKey":"BdyrMTIb+EqCSt3qEVb7gYktZneLcMvfLUu4mVFIwtc/","privKey":"gNCS3qBmGD5RQGNG/BpaYNh/KRxTGbw4ARq1VucQe1k="},"lastRemoteEphemeralKey":"BbWAqUNdBZI2DwPcltUwBfZlvBmNtpUxbMUuQQ09dL0A","previousCounter":0,"rootKey":"thskE/ZtldSAPKRtRil6o42fybcho4n9N+Dlsq310ts="},"indexInfo":{"baseKey":"BZ/XyjewLlAdNgOXXtfdQ0fRj6Vf1ib/jervVW94yEMz","baseKeyType":1,"closed":-1,"used":1738424589472,"created":1738424541161,"remoteIdentityKey":"BbEgTSEFD5YERuIRgjuaOmrj5D8f/vMmpG4/HUJILFIw"},"_chains":{"BbWAqUNdBZI2DwPcltUwBfZlvBmNtpUxbMUuQQ09dL0A":{"chainKey":{"counter":2,"key":"mDhlwYy/72cJ8/aG547JntBEQ1SOBoagmb4VzszgGfk="},"chainType":2,"messageKeys":{}},"BdyrMTIb+EqCSt3qEVb7gYktZneLcMvfLUu4mVFIwtc/":{"chainKey":{"counter":-1,"key":"IVEkQkMGK4QSQAqjgBzk87sNVKY0mWMBqcYyK/PAado="},"chainType":1,"messageKeys":{}}}}},"version":"v1"}