{"_sessions":{"BTd+cCfNM0mMFW/7jttyIZuq7dGdYyMNVSNoq4fkk8tk":{"registrationId":495402320,"currentRatchet":{"ephemeralKeyPair":{"pubKey":"BWm48uND0a4vsijPHp3Sg9b/Tm5+qV0eJIJ+Mwgyo55p","privKey":"CJO3+MD5s+tOx2vpLXgBZUcxXAF00Z939kf+5NH6o0U="},"lastRemoteEphemeralKey":"BavA3lcLEn6w89j3q8DYc4NEJmW2u83zlLV45//AMnlK","previousCounter":4,"rootKey":"ELyZDXDaKBAkH50/9eNlUmY9RwIQLp024hGx+0wwPE4="},"indexInfo":{"baseKey":"BTd+cCfNM0mMFW/7jttyIZuq7dGdYyMNVSNoq4fkk8tk","baseKeyType":1,"closed":-1,"used":1738752326025,"created":1738070238497,"remoteIdentityKey":"Bc7+JH4O0ytdUpANi6Hn/cgDfyNIO+I57Hd6ejZcyFJK"},"_chains":{"BavA3lcLEn6w89j3q8DYc4NEJmW2u83zlLV45//AMnlK":{"chainKey":{"counter":0,"key":"eN24uXwzD2xUatbBbjskDAfmINiRb7OlX7goaDhDBpc="},"chainType":2,"messageKeys":{}},"BWm48uND0a4vsijPHp3Sg9b/Tm5+qV0eJIJ+Mwgyo55p":{"chainKey":{"counter":0,"key":"h0Ha8qhpspDM3CJ1oARVI3Cric0K9ZiTG6NHeH8Xmdc="},"chainType":1,"messageKeys":{}}}}},"version":"v1"}