{"_sessions":{"BeAc8Q6yc7npvDorGUneBuie4fYRvBEpSl4TDErErpJn":{"registrationId":71833279,"currentRatchet":{"ephemeralKeyPair":{"pubKey":"BTH3VXvvwnl20zVYcCQvFkwD9y3n62BtEF6DJxT9oh4P","privKey":"OOGJgWe64Zsl5UJTD9qG5pdun/jIfjXfi1hq1ivUzEY="},"lastRemoteEphemeralKey":"BcFKx7vrdKUdnpOvTqOArI1QBO0Er0o7yfjO64thnScS","previousCounter":0,"rootKey":"AlvdMJek/Q73i1hKgy6p2A5xztskmtIt4bHBBdehDkQ="},"indexInfo":{"baseKey":"BeAc8Q6yc7npvDorGUneBuie4fYRvBEpSl4TDErErpJn","baseKeyType":1,"closed":-1,"used":1738117661837,"created":1738069366464,"remoteIdentityKey":"BYQDOg8R4tGbaSLgnCefV1501xrBozGrUYlZkJTA4q5y"},"_chains":{"BYd/nNZL4svWn3iSu+n0kAliigWXX/W/aGQV49dcPmAL":{"chainKey":{"counter":0},"chainType":2,"messageKeys":{}},"BcFKx7vrdKUdnpOvTqOArI1QBO0Er0o7yfjO64thnScS":{"chainKey":{"counter":1,"key":"tgmCSdMAakh3ma5ikRP3XXpH/k26cMaXppug3o+GCY4="},"chainType":2,"messageKeys":{}},"BTH3VXvvwnl20zVYcCQvFkwD9y3n62BtEF6DJxT9oh4P":{"chainKey":{"counter":38,"key":"n70lNLbVhlTljRDKWdjZxbPQ7UFeFys1drMDs2WSRjM="},"chainType":1,"messageKeys":{}}}}},"version":"v1"}