{"_sessions":{"BSJUlw51JNPjO2JanxivxMTZWEB0PZIW1JIYvgZqrnxk":{"registrationId":256757559,"currentRatchet":{"ephemeralKeyPair":{"pubKey":"Bcu9pMuPMvEeZVZPr/T7UJy05ikVV7hSjku/mYRJmfVe","privKey":"OGvi6xytfY74qKK1ex1vfgjOpzYV8acqx0XzoAaBpno="},"lastRemoteEphemeralKey":"BT1M3FxjFDRA3hatjaL3CngvvLwM1GxtrRamQHtJ6IcE","previousCounter":0,"rootKey":"7KbNAMrTb7KAEteyxXje+6t702lM9TeIJVf+MA1hVqs="},"indexInfo":{"baseKey":"BSJUlw51JNPjO2JanxivxMTZWEB0PZIW1JIYvgZqrnxk","baseKeyType":1,"closed":-1,"used":1738070238428,"created":1738070238428,"remoteIdentityKey":"Baa91c21vTuCoVHWQRYnzNavAXnVigcuvz1hiXfjnHVW"},"_chains":{"Bcu9pMuPMvEeZVZPr/T7UJy05ikVV7hSjku/mYRJmfVe":{"chainKey":{"counter":5,"key":"PUqhu8bT/7JYmwQomOTDH0gMDQn9LBA/omvIwjhi9CQ="},"chainType":1,"messageKeys":{}}},"pendingPreKey":{"signedKeyId":7,"baseKey":"BSJUlw51JNPjO2JanxivxMTZWEB0PZIW1JIYvgZqrnxk","preKeyId":14385147}}},"version":"v1"}