{"_sessions":{"BQTw9iHXDPV0tOYu67Grjy6DEIeamMN3i8+KYn+l5/4e":{"registrationId":699128591,"currentRatchet":{"ephemeralKeyPair":{"pubKey":"BSlm57arXbUBGC5h30jswoltHt2DRz6fC0Ef8iejHZV/","privKey":"GEslZLhxspgUFsdz3SgezM+8/KNiwtZXiUqFZYOn0Uc="},"lastRemoteEphemeralKey":"BcIK732x7XR+TQqbXeqMp3gbNvVvvpdPkERJGdulFYZt","previousCounter":1,"rootKey":"+DPoGSRygvT4Bo8IgphSOKNCejNhQs2f0YR/9/juKv8="},"indexInfo":{"baseKey":"BQTw9iHXDPV0tOYu67Grjy6DEIeamMN3i8+KYn+l5/4e","baseKeyType":1,"closed":-1,"used":1738928935698,"created":1738069367418,"remoteIdentityKey":"BWVDjbpGfHyYk1u8gm728TiLk8WDWvNKPw6PcTZX7RdR"},"_chains":{"BfMuxKCQdNGGCu90NrnR3miYhLFF04b7t+i7S7E/ziRY":{"chainKey":{"counter":0},"chainType":2,"messageKeys":{}},"Bbxc/WjGmPHFZJu3UfZYagyCRJatZvEzPzNzqllMRcp8":{"chainKey":{"counter":1},"chainType":2,"messageKeys":{}},"BVnh+e5YUsSi9dOPcr18bGn/o1n97MVOedJERD1jRqlu":{"chainKey":{"counter":3},"chainType":2,"messageKeys":{}},"BYbLGRKOXfjElGMrPT7iCFhQ6M6R/5D5QWZQa6ubYuVo":{"chainKey":{"counter":1},"chainType":2,"messageKeys":{}},"BTUw32ybin3H3hu6MAWEYEzKJI8W+V4vF+KNVfnJNpkX":{"chainKey":{"counter":0},"chainType":2,"messageKeys":{}},"BQjhZ7IpqVi+JJ4jaS39vgpFJKnjuebC+/ollZe6eGME":{"chainKey":{"counter":0},"chainType":2,"messageKeys":{}},"BcIK732x7XR+TQqbXeqMp3gbNvVvvpdPkERJGdulFYZt":{"chainKey":{"counter":0,"key":"BmBxzIwbGaof1G+OKed22KZGnZofgB81d/ObxuEPhDI="},"chainType":2,"messageKeys":{}},"BSlm57arXbUBGC5h30jswoltHt2DRz6fC0Ef8iejHZV/":{"chainKey":{"counter":0,"key":"LrlLBrqXqDh4kgWu6iWOoCJtET5+pUHYO5+dF3ZwJ3w="},"chainType":1,"messageKeys":{}}}}},"version":"v1"}