{"_sessions":{"BWG/YVm/GBhSyc1IXkqQjRSoj1oDkAPNJTw9gpgB46VQ":{"registrationId":1724,"currentRatchet":{"ephemeralKeyPair":{"pubKey":"BYaapNxb9J7hLpIZa0z1PzWvVDPOzoqCzzz9K1KkeOwa","privKey":"oA3AwCRkkjiiP8kvFLUIYT5AUxnsXcB6lhigcZVCs0w="},"lastRemoteEphemeralKey":"BTCXUGW5Xg+E1SMyCFCD5FoW56xVE/PTS5ZEuXlnXEAa","previousCounter":0,"rootKey":"pfbo73rTAhqbzBxetfVdaUrqCXVKEvoD6xhC0Q9y8Q8="},"indexInfo":{"baseKey":"BWG/YVm/GBhSyc1IXkqQjRSoj1oDkAPNJTw9gpgB46VQ","baseKeyType":1,"closed":-1,"used":1738262484193,"created":1738262484193,"remoteIdentityKey":"BTAc3CKx+/+AkxFc32QK98BGFLcjtJjka7ycsoDZobIl"},"_chains":{"BYaapNxb9J7hLpIZa0z1PzWvVDPOzoqCzzz9K1KkeOwa":{"chainKey":{"counter":1,"key":"K3Db6dOGZ57UdYEd58BaX+k5F6S7ivDSXKwYQr3Ip9o="},"chainType":1,"messageKeys":{}}},"pendingPreKey":{"signedKeyId":1,"baseKey":"BWG/YVm/GBhSyc1IXkqQjRSoj1oDkAPNJTw9gpgB46VQ"}}},"version":"v1"}