{"_sessions":{"Ba7fV2S8IGWH6rMpsLot3Q3SYS/FfXEipB+RMY1OuLJ+":{"registrationId":758156396,"currentRatchet":{"ephemeralKeyPair":{"pubKey":"BZDfQILA7yXtKqXAgezQ/pAKHdZkDJTNFw0tXw0XWRM8","privKey":"UA198uu/MZAlhBnE+S8HQWtBFZxzCrfCpfY7ii2E93o="},"lastRemoteEphemeralKey":"BRNUezeh9uXWBU82VAfhjKEPsBPwwak3nXwecb7enVcK","previousCounter":0,"rootKey":"EekSaLO5vLg5PdNM9vzrln7u7bvGqwwxCTR/Bx87A9g="},"indexInfo":{"baseKey":"Ba7fV2S8IGWH6rMpsLot3Q3SYS/FfXEipB+RMY1OuLJ+","baseKeyType":1,"closed":1738168342151,"used":1738069366510,"created":1738069366510,"remoteIdentityKey":"BevUftg7bJ1gRmiZU8zuZm5K251TvtWZ6vsCSmUC10pt"},"_chains":{"BZDfQILA7yXtKqXAgezQ/pAKHdZkDJTNFw0tXw0XWRM8":{"chainKey":{"counter":0,"key":"nGq73CSeJl0lcG1C1ZJJsvZaKRDBTDjXoJ8F7fkAGiw="},"chainType":1,"messageKeys":{}}},"pendingPreKey":{"signedKeyId":6,"baseKey":"Ba7fV2S8IGWH6rMpsLot3Q3SYS/FfXEipB+RMY1OuLJ+","preKeyId":2972}},"BbrkQlxRYmNznrauegIFpWFUHaZDYV5kkc6dj1GaYXZO":{"registrationId":758156396,"currentRatchet":{"ephemeralKeyPair":{"pubKey":"BTf+TqiyaMBN+NdUj/KB8SMfb6rA5mppcP2SL/6yGpl/","privKey":"6Pg4fBLLMSjgtecPydfvuj85C4OBmv0973+R8ix2C1o="},"lastRemoteEphemeralKey":"BRNUezeh9uXWBU82VAfhjKEPsBPwwak3nXwecb7enVcK","previousCounter":0,"rootKey":"fWbpXKQjr/DwBJ2Bmk4CYla2RAwbPD9zGCxfmAZV9EU="},"indexInfo":{"baseKey":"BbrkQlxRYmNznrauegIFpWFUHaZDYV5kkc6dj1GaYXZO","baseKeyType":1,"closed":1738168343021,"used":1738168342105,"created":1738168342105,"remoteIdentityKey":"BevUftg7bJ1gRmiZU8zuZm5K251TvtWZ6vsCSmUC10pt"},"_chains":{"BTf+TqiyaMBN+NdUj/KB8SMfb6rA5mppcP2SL/6yGpl/":{"chainKey":{"counter":-1,"key":"h8CQT3hsWQUPO3ruDMRlHgLA8qrjX0lESSG3RKgOUN0="},"chainType":1,"messageKeys":{}}},"pendingPreKey":{"signedKeyId":6,"baseKey":"BbrkQlxRYmNznrauegIFpWFUHaZDYV5kkc6dj1GaYXZO","preKeyId":2924}},"BQgVoZQAWXv1bIqCcAcfq5t8KInLcgm05VWOHvCXPJJm":{"registrationId":758156396,"currentRatchet":{"ephemeralKeyPair":{"pubKey":"BXiB5wb7JRSfy+DTv7zajkPRQY4lHD7Ad6Auxd7BZTM3","privKey":"EJeiVNczT3bYoD1qrutCRYpFiaj4onp3/lcs4BkjhmM="},"lastRemoteEphemeralKey":"BRNUezeh9uXWBU82VAfhjKEPsBPwwak3nXwecb7enVcK","previousCounter":0,"rootKey":"4+re+5KKOsDrR9ITwLCqDknYOeji+NFsHjyKBeOuytI="},"indexInfo":{"baseKey":"BQgVoZQAWXv1bIqCcAcfq5t8KInLcgm05VWOHvCXPJJm","baseKeyType":1,"closed":1738168344397,"used":1738168343012,"created":1738168343012,"remoteIdentityKey":"BevUftg7bJ1gRmiZU8zuZm5K251TvtWZ6vsCSmUC10pt"},"_chains":{"BXiB5wb7JRSfy+DTv7zajkPRQY4lHD7Ad6Auxd7BZTM3":{"chainKey":{"counter":-1,"key":"PO9ovoU776fAhb0kNtDVaeizqca1CoxODT1g6NfxFBI="},"chainType":1,"messageKeys":{}}},"pendingPreKey":{"signedKeyId":6,"baseKey":"BQgVoZQAWXv1bIqCcAcfq5t8KInLcgm05VWOHvCXPJJm","preKeyId":2987}},"BU5/Sr/caap7hvxRT5p50SAVSZkNWxGO3H2hRSaAUZtP":{"registrationId":758156396,"currentRatchet":{"ephemeralKeyPair":{"pubKey":"BWaSrReEmutj6EDDl7kKGflwEqk8Qx8vO0qKCOh/yQIs","privKey":"uEEv/xcxhGG0uJ225VfF3eLoXf+4CGEmR0RtJwfyQnA="},"lastRemoteEphemeralKey":"BRNUezeh9uXWBU82VAfhjKEPsBPwwak3nXwecb7enVcK","previousCounter":0,"rootKey":"VRW9DuxBBRC3Pi7fBP+Wb9D/eP/ggDewhKmmytD1HNk="},"indexInfo":{"baseKey":"BU5/Sr/caap7hvxRT5p50SAVSZkNWxGO3H2hRSaAUZtP","baseKeyType":1,"closed":1738168347858,"used":1738168344387,"created":1738168344387,"remoteIdentityKey":"BevUftg7bJ1gRmiZU8zuZm5K251TvtWZ6vsCSmUC10pt"},"_chains":{"BWaSrReEmutj6EDDl7kKGflwEqk8Qx8vO0qKCOh/yQIs":{"chainKey":{"counter":-1,"key":"X6wwX0iK4oDI5960iJDi725YCdtWI2Oem2DXlVvbuBI="},"chainType":1,"messageKeys":{}}},"pendingPreKey":{"signedKeyId":6,"baseKey":"BU5/Sr/caap7hvxRT5p50SAVSZkNWxGO3H2hRSaAUZtP","preKeyId":2813}},"Bfel43lwMO+h5h1+J4JTWLRb1tfNHTCIRcKq8PwlHBRv":{"registrationId":758156396,"currentRatchet":{"ephemeralKeyPair":{"pubKey":"BW91t/ibzmXyGwvMRPZBS8+KWvEACj6uuOzy95ks3T1G","privKey":"CFV0oJrxd2705DjfqQgz5TZG9tGNeG0ISeobfwZWYWU="},"lastRemoteEphemeralKey":"BRNUezeh9uXWBU82VAfhjKEPsBPwwak3nXwecb7enVcK","previousCounter":0,"rootKey":"F2DxyfVyO+reOgUVGiotxfqamj8Bhrjl47pDf50m5Tg="},"indexInfo":{"baseKey":"Bfel43lwMO+h5h1+J4JTWLRb1tfNHTCIRcKq8PwlHBRv","baseKeyType":1,"closed":1738168348749,"used":1738168347848,"created":1738168347848,"remoteIdentityKey":"BevUftg7bJ1gRmiZU8zuZm5K251TvtWZ6vsCSmUC10pt"},"_chains":{"BW91t/ibzmXyGwvMRPZBS8+KWvEACj6uuOzy95ks3T1G":{"chainKey":{"counter":-1,"key":"JMvotcF22YQsJEUO7djNNVjJUu6/ZBJ6le5vxBAja2M="},"chainType":1,"messageKeys":{}}},"pendingPreKey":{"signedKeyId":6,"baseKey":"Bfel43lwMO+h5h1+J4JTWLRb1tfNHTCIRcKq8PwlHBRv","preKeyId":2828}},"BXwgYZ286gwzg5ZQDI1Z3eJGsDm9O1qBs/EZpEiN9cRD":{"registrationId":758156396,"currentRatchet":{"ephemeralKeyPair":{"pubKey":"BcNyFZeGr3z6KpZFOIAXgFBLBAjEiu1gCdmDDDzxnecS","privKey":"6EyVd/NbazUvqrIah7ZpTZeNYEaTJ/wHoZW21dUH0nA="},"lastRemoteEphemeralKey":"BRNUezeh9uXWBU82VAfhjKEPsBPwwak3nXwecb7enVcK","previousCounter":0,"rootKey":"QbOeSZWRoyrlNeKOXsdk/xY8y24rgiKv7l4NCZrOU48="},"indexInfo":{"baseKey":"BXwgYZ286gwzg5ZQDI1Z3eJGsDm9O1qBs/EZpEiN9cRD","baseKeyType":1,"closed":1738168349645,"used":1738168348740,"created":1738168348740,"remoteIdentityKey":"BevUftg7bJ1gRmiZU8zuZm5K251TvtWZ6vsCSmUC10pt"},"_chains":{"BcNyFZeGr3z6KpZFOIAXgFBLBAjEiu1gCdmDDDzxnecS":{"chainKey":{"counter":-1,"key":"TU8Wx5t1jWWltQ67UHoUSq5DaZJc6KliRDQa3av4swM="},"chainType":1,"messageKeys":{}}},"pendingPreKey":{"signedKeyId":6,"baseKey":"BXwgYZ286gwzg5ZQDI1Z3eJGsDm9O1qBs/EZpEiN9cRD","preKeyId":2949}},"BaFTxi8QAgV8Vyn21wgdJMYBQoriMsUECqQzUu4ZzVA4":{"registrationId":758156396,"currentRatchet":{"ephemeralKeyPair":{"pubKey":"BV/9i0I4jYzqoLw+9RBsT/6LlO6UYbs1Th/1S+1eikle","privKey":"GJW5bi5CeZjtK4RzhmEch79x06QZe1/QVpkRWMLFAHo="},"lastRemoteEphemeralKey":"BRNUezeh9uXWBU82VAfhjKEPsBPwwak3nXwecb7enVcK","previousCounter":0,"rootKey":"vj/S/LNpyiEde9aWC6npn1NoVBZJJhTzzrQH6LUPQqM="},"indexInfo":{"baseKey":"BaFTxi8QAgV8Vyn21wgdJMYBQoriMsUECqQzUu4ZzVA4","baseKeyType":1,"closed":1738168350976,"used":1738168349637,"created":1738168349637,"remoteIdentityKey":"BevUftg7bJ1gRmiZU8zuZm5K251TvtWZ6vsCSmUC10pt"},"_chains":{"BV/9i0I4jYzqoLw+9RBsT/6LlO6UYbs1Th/1S+1eikle":{"chainKey":{"counter":-1,"key":"cuqASQZ/+oUe+b5gtlm60GkXglgA8FVpMo6O9kOFoZo="},"chainType":1,"messageKeys":{}}},"pendingPreKey":{"signedKeyId":6,"baseKey":"BaFTxi8QAgV8Vyn21wgdJMYBQoriMsUECqQzUu4ZzVA4","preKeyId":2780}},"BXpt9X066qPludWRDG10cy5ZKijPizDxOiaSEhf/7DJ/":{"registrationId":758156396,"currentRatchet":{"ephemeralKeyPair":{"pubKey":"BZy74kU8YYNgOMqRqFkH2p5tT99QJiQQ8VlEuN/ftSA4","privKey":"QGaWTbY77UVxtAOVFZgm6dflsiaJkhuyRjSw2VZBslY="},"lastRemoteEphemeralKey":"BRNUezeh9uXWBU82VAfhjKEPsBPwwak3nXwecb7enVcK","previousCounter":0,"rootKey":"Gocthc2hURIg1trcz50AJnzpxvKx6DJ6R+NgZ3kG9qg="},"indexInfo":{"baseKey":"BXpt9X066qPludWRDG10cy5ZKijPizDxOiaSEhf/7DJ/","baseKeyType":1,"closed":1738168351839,"used":1738168350960,"created":1738168350960,"remoteIdentityKey":"BevUftg7bJ1gRmiZU8zuZm5K251TvtWZ6vsCSmUC10pt"},"_chains":{"BZy74kU8YYNgOMqRqFkH2p5tT99QJiQQ8VlEuN/ftSA4":{"chainKey":{"counter":-1,"key":"XW8w2tXW8n/5B0azok4tp6uPVVzqm09u73PHa5fSHgM="},"chainType":1,"messageKeys":{}}},"pendingPreKey":{"signedKeyId":6,"baseKey":"BXpt9X066qPludWRDG10cy5ZKijPizDxOiaSEhf/7DJ/","preKeyId":2990}},"BfaPL+dNkBBvOkmUcId9ZSPzcHLX9/4JI3lNi5QfDKcw":{"registrationId":758156396,"currentRatchet":{"ephemeralKeyPair":{"pubKey":"BeSLeeceyDaxZnpOOP+IVA99lPcijmsX4UlJl/4QiTx3","privKey":"6DwRql/Ju71989bB0YG8a1LU9DGyoafG3vwUdyDId2s="},"lastRemoteEphemeralKey":"BRNUezeh9uXWBU82VAfhjKEPsBPwwak3nXwecb7enVcK","previousCounter":0,"rootKey":"ppHmpv4i8yz5p0E30UDZv1Xlaa44a49CyKIJtGQtdn0="},"indexInfo":{"baseKey":"BfaPL+dNkBBvOkmUcId9ZSPzcHLX9/4JI3lNi5QfDKcw","baseKeyType":1,"closed":1738168352712,"used":1738168351829,"created":1738168351829,"remoteIdentityKey":"BevUftg7bJ1gRmiZU8zuZm5K251TvtWZ6vsCSmUC10pt"},"_chains":{"BeSLeeceyDaxZnpOOP+IVA99lPcijmsX4UlJl/4QiTx3":{"chainKey":{"counter":-1,"key":"lzXWRJ8APj2tPwcRz8yCWNl1APSpXTYrmzS8NmfA/JA="},"chainType":1,"messageKeys":{}}},"pendingPreKey":{"signedKeyId":6,"baseKey":"BfaPL+dNkBBvOkmUcId9ZSPzcHLX9/4JI3lNi5QfDKcw","preKeyId":2960}},"Bc+nMmAMUOv+luQ7wPQTQbEValCARUSzBzwKYwLHxSxB":{"registrationId":758156396,"currentRatchet":{"ephemeralKeyPair":{"pubKey":"BUgp82dnnQskWDdL7Fc1iGxHlauFDTlle16+Nd8wHy0v","privKey":"0H5mvEAuw04hEpNpICs/60+YS/0ZBqnbE+Nmi+GShm4="},"lastRemoteEphemeralKey":"BRNUezeh9uXWBU82VAfhjKEPsBPwwak3nXwecb7enVcK","previousCounter":0,"rootKey":"TZFlHDLgix5baZx971Cm5JQBN06EkR/UI5tKpUYL/UI="},"indexInfo":{"baseKey":"Bc+nMmAMUOv+luQ7wPQTQbEValCARUSzBzwKYwLHxSxB","baseKeyType":1,"closed":1738168353971,"used":1738168352703,"created":1738168352703,"remoteIdentityKey":"BevUftg7bJ1gRmiZU8zuZm5K251TvtWZ6vsCSmUC10pt"},"_chains":{"BUgp82dnnQskWDdL7Fc1iGxHlauFDTlle16+Nd8wHy0v":{"chainKey":{"counter":-1,"key":"x9/tvHH2lCsztMTrO6g38Uh0ut/0VqTxaqeBKiY2y9w="},"chainType":1,"messageKeys":{}}},"pendingPreKey":{"signedKeyId":6,"baseKey":"Bc+nMmAMUOv+luQ7wPQTQbEValCARUSzBzwKYwLHxSxB","preKeyId":2871}},"BWEXRbSACHaxftS7i0JLRoiJdvXCYZLLvIChFAcqRXF6":{"registrationId":758156396,"currentRatchet":{"ephemeralKeyPair":{"pubKey":"BaCroMbmxbpJjCQhsWXhon9iUwf375ygG45RSVt4Fkc0","privKey":"iOC2A1ghcPT6TjnwodMo8Iy70MZGk88hRk9pgSioqFY="},"lastRemoteEphemeralKey":"BRNUezeh9uXWBU82VAfhjKEPsBPwwak3nXwecb7enVcK","previousCounter":0,"rootKey":"c5w5ZxXUVff+v/3++ykCSvymh42tUemlIZ5XspbmwXc="},"indexInfo":{"baseKey":"BWEXRbSACHaxftS7i0JLRoiJdvXCYZLLvIChFAcqRXF6","baseKeyType":1,"closed":1738168355364,"used":1738168353950,"created":1738168353950,"remoteIdentityKey":"BevUftg7bJ1gRmiZU8zuZm5K251TvtWZ6vsCSmUC10pt"},"_chains":{"BaCroMbmxbpJjCQhsWXhon9iUwf375ygG45RSVt4Fkc0":{"chainKey":{"counter":-1,"key":"xSYXe0TfUhARp2jLFNAp/Xt3TslKNjofDTVStpLFeiw="},"chainType":1,"messageKeys":{}}},"pendingPreKey":{"signedKeyId":6,"baseKey":"BWEXRbSACHaxftS7i0JLRoiJdvXCYZLLvIChFAcqRXF6","preKeyId":2805}},"BVbjsQHbnC+kXfApFdIPmXQn958puwuF3WyUlDwE4E53":{"registrationId":758156396,"currentRatchet":{"ephemeralKeyPair":{"pubKey":"Bb7qrdzN5ehdqc+2vVYzCSjDKA6tXPREZYyjFNpuZ6Ff","privKey":"qMTDQTDPrtcnkTSwX68VdhXJfSCjv2xU5ddrg/kCAHw="},"lastRemoteEphemeralKey":"BRNUezeh9uXWBU82VAfhjKEPsBPwwak3nXwecb7enVcK","previousCounter":0,"rootKey":"L9LvZNZwx+alKXcWAarx30UZ5SBVqI4YkpPBShFb8Ac="},"indexInfo":{"baseKey":"BVbjsQHbnC+kXfApFdIPmXQn958puwuF3WyUlDwE4E53","baseKeyType":1,"closed":1738168356312,"used":1738168355356,"created":1738168355356,"remoteIdentityKey":"BevUftg7bJ1gRmiZU8zuZm5K251TvtWZ6vsCSmUC10pt"},"_chains":{"Bb7qrdzN5ehdqc+2vVYzCSjDKA6tXPREZYyjFNpuZ6Ff":{"chainKey":{"counter":-1,"key":"JIwXJilZPRaqgnU1EWYbm5LLNcGNgrfQtEJalC+aOkU="},"chainType":1,"messageKeys":{}}},"pendingPreKey":{"signedKeyId":6,"baseKey":"BVbjsQHbnC+kXfApFdIPmXQn958puwuF3WyUlDwE4E53","preKeyId":2833}},"BbZNxl+gh72goBOobd3cfSY5GEYiRL1OrYNAA2cLqAo6":{"registrationId":758156396,"currentRatchet":{"ephemeralKeyPair":{"pubKey":"BZvb0xJdx37ibY0wN5xrVYbgnH+rTPvdsXcpDtEYZL4+","privKey":"yNLTOR5tgS6TF5cqutcn8err9cTAP/dzEP/tMtegwVM="},"lastRemoteEphemeralKey":"BRNUezeh9uXWBU82VAfhjKEPsBPwwak3nXwecb7enVcK","previousCounter":0,"rootKey":"SGZjV2U2vy7J4QhdWC7G+0bYQCJAfn7cD8PcZzVyN0w="},"indexInfo":{"baseKey":"BbZNxl+gh72goBOobd3cfSY5GEYiRL1OrYNAA2cLqAo6","baseKeyType":1,"closed":1738168357580,"used":1738168356300,"created":1738168356300,"remoteIdentityKey":"BevUftg7bJ1gRmiZU8zuZm5K251TvtWZ6vsCSmUC10pt"},"_chains":{"BZvb0xJdx37ibY0wN5xrVYbgnH+rTPvdsXcpDtEYZL4+":{"chainKey":{"counter":-1,"key":"BuhaCkK8p3IKc8WjMR272hE3M5FdRxqz58/v9HQ709I="},"chainType":1,"messageKeys":{}}},"pendingPreKey":{"signedKeyId":6,"baseKey":"BbZNxl+gh72goBOobd3cfSY5GEYiRL1OrYNAA2cLqAo6","preKeyId":2956}},"BVAi0Q9S+F8NvHNyqXHQ+VoK25h0Coa820+spNPzKIgq":{"registrationId":758156396,"currentRatchet":{"ephemeralKeyPair":{"pubKey":"BQTnbD3ZeIw4RsMmzkFWgir87T1TVlKjk5Q/7WWqMEwB","privKey":"MLg21BzNY2oSF4EBXo9EsxKz7jEecCW8rBytqJqLDkk="},"lastRemoteEphemeralKey":"BRNUezeh9uXWBU82VAfhjKEPsBPwwak3nXwecb7enVcK","previousCounter":0,"rootKey":"L1CFwm4+2ZLGn8544O+vVprMgAXxlFgY4tBaY4bHRj8="},"indexInfo":{"baseKey":"BVAi0Q9S+F8NvHNyqXHQ+VoK25h0Coa820+spNPzKIgq","baseKeyType":1,"closed":1738168358960,"used":1738168357571,"created":1738168357571,"remoteIdentityKey":"BevUftg7bJ1gRmiZU8zuZm5K251TvtWZ6vsCSmUC10pt"},"_chains":{"BQTnbD3ZeIw4RsMmzkFWgir87T1TVlKjk5Q/7WWqMEwB":{"chainKey":{"counter":-1,"key":"ZqcniyqM6zMX5UrMREj4XOvXGgfJbIhdCffkJlqxjLc="},"chainType":1,"messageKeys":{}}},"pendingPreKey":{"signedKeyId":6,"baseKey":"BVAi0Q9S+F8NvHNyqXHQ+VoK25h0Coa820+spNPzKIgq","preKeyId":3001}},"BW9iBFgQGtv2TegQX7HE99pjSOemNLjAV/X4j8XQkZ9l":{"registrationId":758156396,"currentRatchet":{"ephemeralKeyPair":{"pubKey":"BUGed1c02cX78F1+PRagbzddLS5v3v1OfuJAirePsDIs","privKey":"wH+Zx+StgbbAFdmPeX+pCQwIj5jyceZhiSFw3zHN1UE="},"lastRemoteEphemeralKey":"BRNUezeh9uXWBU82VAfhjKEPsBPwwak3nXwecb7enVcK","previousCounter":0,"rootKey":"K9tA15ZFkHkH1GpVBwHY28Mlxk51gHhdXgYuevTw5Z8="},"indexInfo":{"baseKey":"BW9iBFgQGtv2TegQX7HE99pjSOemNLjAV/X4j8XQkZ9l","baseKeyType":1,"closed":1738168360003,"used":1738168358947,"created":1738168358947,"remoteIdentityKey":"BevUftg7bJ1gRmiZU8zuZm5K251TvtWZ6vsCSmUC10pt"},"_chains":{"BUGed1c02cX78F1+PRagbzddLS5v3v1OfuJAirePsDIs":{"chainKey":{"counter":-1,"key":"KBPwr+WHQyUzv3ZD5pDmWqNqaBffDMneAcnPqcqTVWg="},"chainType":1,"messageKeys":{}}},"pendingPreKey":{"signedKeyId":6,"baseKey":"BW9iBFgQGtv2TegQX7HE99pjSOemNLjAV/X4j8XQkZ9l","preKeyId":3012}},"BZFtqP1ZFHep8nHxPUc8R3apDfxgjG8T3UTbQZXsbXQk":{"registrationId":758156396,"currentRatchet":{"ephemeralKeyPair":{"pubKey":"BZhxAxkHYms7uD5pHBt+lPMJ2CPCbl+v+x6eVaN4KCRB","privKey":"ENj/HNj6eU8EHql7Uw2LZgkMU9Y7FDl//MPiU7n4A10="},"lastRemoteEphemeralKey":"BRNUezeh9uXWBU82VAfhjKEPsBPwwak3nXwecb7enVcK","previousCounter":0,"rootKey":"vA3SQogN35AOFsHuBKPuZ0kZM9SmOytJdPD3Z3rrZxw="},"indexInfo":{"baseKey":"BZFtqP1ZFHep8nHxPUc8R3apDfxgjG8T3UTbQZXsbXQk","baseKeyType":1,"closed":1738168361588,"used":1738168359975,"created":1738168359975,"remoteIdentityKey":"BevUftg7bJ1gRmiZU8zuZm5K251TvtWZ6vsCSmUC10pt"},"_chains":{"BZhxAxkHYms7uD5pHBt+lPMJ2CPCbl+v+x6eVaN4KCRB":{"chainKey":{"counter":-1,"key":"GrAs3JP6rG1rDtzuC7fgfQmPIG/9UcWjSai35iZT5rU="},"chainType":1,"messageKeys":{}}},"pendingPreKey":{"signedKeyId":6,"baseKey":"BZFtqP1ZFHep8nHxPUc8R3apDfxgjG8T3UTbQZXsbXQk","preKeyId":2918}},"BYbFeQmW9msyZ0p6s1kFhaONzOMTyqZoGetmtO2tRNZD":{"registrationId":758156396,"currentRatchet":{"ephemeralKeyPair":{"pubKey":"BQoG6XYNuDFwrLULUfh7sPL6k+ZGK8dgq3bH0XbL5uVU","privKey":"QMfJ5ijU6gjYHs4I4cBOO42ydfhLitpyJPoa0uryBmc="},"lastRemoteEphemeralKey":"BRNUezeh9uXWBU82VAfhjKEPsBPwwak3nXwecb7enVcK","previousCounter":0,"rootKey":"V5Z/2sNWodEKKQ2C9geZww3yZ2IPefwg7RP2M0Zj+lM="},"indexInfo":{"baseKey":"BYbFeQmW9msyZ0p6s1kFhaONzOMTyqZoGetmtO2tRNZD","baseKeyType":1,"closed":1738168362597,"used":1738168361578,"created":1738168361578,"remoteIdentityKey":"BevUftg7bJ1gRmiZU8zuZm5K251TvtWZ6vsCSmUC10pt"},"_chains":{"BQoG6XYNuDFwrLULUfh7sPL6k+ZGK8dgq3bH0XbL5uVU":{"chainKey":{"counter":-1,"key":"9W3oXL89iSzayzOw7flVRq4cYP12vDr3xQCNcib0fRQ="},"chainType":1,"messageKeys":{}}},"pendingPreKey":{"signedKeyId":6,"baseKey":"BYbFeQmW9msyZ0p6s1kFhaONzOMTyqZoGetmtO2tRNZD","preKeyId":2889}},"BX2MoLy7UBLzp0qNxGm16V40hY8JpVX5AFt5xkphdEo0":{"registrationId":758156396,"currentRatchet":{"ephemeralKeyPair":{"pubKey":"BRPq6XgZIlFwnwc6+FrZHrYUZz/nDgGFcI50FMD1fNY+","privKey":"KGiAIzV3zdIqNE4fHB+497VhZKPN31xm1ucHnvz5RWw="},"lastRemoteEphemeralKey":"BRNUezeh9uXWBU82VAfhjKEPsBPwwak3nXwecb7enVcK","previousCounter":0,"rootKey":"t5TCj0uddJUMjXuESxxMCt1oKL0U2bL7nVFV7Sz6bHY="},"indexInfo":{"baseKey":"BX2MoLy7UBLzp0qNxGm16V40hY8JpVX5AFt5xkphdEo0","baseKeyType":1,"closed":1738168363803,"used":1738168362586,"created":1738168362586,"remoteIdentityKey":"BevUftg7bJ1gRmiZU8zuZm5K251TvtWZ6vsCSmUC10pt"},"_chains":{"BRPq6XgZIlFwnwc6+FrZHrYUZz/nDgGFcI50FMD1fNY+":{"chainKey":{"counter":-1,"key":"eCGOXEjmDl29idYIoxMu/ld2GDB8jezKyMqt3CxFBVQ="},"chainType":1,"messageKeys":{}}},"pendingPreKey":{"signedKeyId":6,"baseKey":"BX2MoLy7UBLzp0qNxGm16V40hY8JpVX5AFt5xkphdEo0","preKeyId":2893}},"BeNGCUKFpqRBM8hBBAybKsRpjKu0WYjQ2TgqcFWWiGt9":{"registrationId":758156396,"currentRatchet":{"ephemeralKeyPair":{"pubKey":"BVUaZ49lINw7VGnNvvUIULCD1COyAzZWpNULqiMEjItD","privKey":"AHgTRid7Kkx4u6h7Q0fC4StncQaabqJmwKVAK2O/nGA="},"lastRemoteEphemeralKey":"BRNUezeh9uXWBU82VAfhjKEPsBPwwak3nXwecb7enVcK","previousCounter":0,"rootKey":"AbEwtqyQcGKNe5T6TU/Gp1ZGzb6ZJBXncM22zKgsWwc="},"indexInfo":{"baseKey":"BeNGCUKFpqRBM8hBBAybKsRpjKu0WYjQ2TgqcFWWiGt9","baseKeyType":1,"closed":1738168365101,"used":1738168363789,"created":1738168363789,"remoteIdentityKey":"BevUftg7bJ1gRmiZU8zuZm5K251TvtWZ6vsCSmUC10pt"},"_chains":{"BVUaZ49lINw7VGnNvvUIULCD1COyAzZWpNULqiMEjItD":{"chainKey":{"counter":-1,"key":"OJIyuvhYRZ+TPfLrKvr1UwNBmqPJRDmLF40ZiSlaS5M="},"chainType":1,"messageKeys":{}}},"pendingPreKey":{"signedKeyId":6,"baseKey":"BeNGCUKFpqRBM8hBBAybKsRpjKu0WYjQ2TgqcFWWiGt9","preKeyId":2870}},"Banffyw0a+f06jxCIkv26RXgqpXMTQxYRplOTFxkGeUf":{"registrationId":758156396,"currentRatchet":{"ephemeralKeyPair":{"pubKey":"BTjoC07ICpIl6H8ucQGTX2yxrZJjb9CSUYcmFFvMgt0s","privKey":"ICq7mAMXnA8vIDFYtlXu0hEVU4t3aMWcmAKCJQ909lY="},"lastRemoteEphemeralKey":"BRNUezeh9uXWBU82VAfhjKEPsBPwwak3nXwecb7enVcK","previousCounter":0,"rootKey":"MHzTLSxwUd17CTvXYwuQGgpOJ493+v0aPeZgYhN3XxA="},"indexInfo":{"baseKey":"Banffyw0a+f06jxCIkv26RXgqpXMTQxYRplOTFxkGeUf","baseKeyType":1,"closed":1738168366064,"used":1738168365090,"created":1738168365090,"remoteIdentityKey":"BevUftg7bJ1gRmiZU8zuZm5K251TvtWZ6vsCSmUC10pt"},"_chains":{"BTjoC07ICpIl6H8ucQGTX2yxrZJjb9CSUYcmFFvMgt0s":{"chainKey":{"counter":-1,"key":"+QQ1gwd105FkyRtZjeKVXt0BM8B+LPLQ/jcO0WAvhd8="},"chainType":1,"messageKeys":{}}},"pendingPreKey":{"signedKeyId":6,"baseKey":"Banffyw0a+f06jxCIkv26RXgqpXMTQxYRplOTFxkGeUf","preKeyId":2937}},"BRUR1TP2ZV/X61yVSx2zWc+tzACl7jKn1ymNDv8Kk8R+":{"registrationId":758156396,"currentRatchet":{"ephemeralKeyPair":{"pubKey":"BSF2WqYbtfuDDmvSCK0gOdVmidhiVTO+W9KvQFYWry8l","privKey":"OCKzShz3erJijc0RS1o5061KUSbjESXnp15JekRqnm0="},"lastRemoteEphemeralKey":"BRNUezeh9uXWBU82VAfhjKEPsBPwwak3nXwecb7enVcK","previousCounter":0,"rootKey":"9ozPczUKJIbQMmR8QCoVk43xdngeltiiulKqkzg6Lts="},"indexInfo":{"baseKey":"BRUR1TP2ZV/X61yVSx2zWc+tzACl7jKn1ymNDv8Kk8R+","baseKeyType":1,"closed":1738168367510,"used":1738168366050,"created":1738168366050,"remoteIdentityKey":"BevUftg7bJ1gRmiZU8zuZm5K251TvtWZ6vsCSmUC10pt"},"_chains":{"BSF2WqYbtfuDDmvSCK0gOdVmidhiVTO+W9KvQFYWry8l":{"chainKey":{"counter":-1,"key":"IXogxd+VGdxHa3RVM2m+5yBu3+hxKr3BwAszh+Tst88="},"chainType":1,"messageKeys":{}}},"pendingPreKey":{"signedKeyId":6,"baseKey":"BRUR1TP2ZV/X61yVSx2zWc+tzACl7jKn1ymNDv8Kk8R+","preKeyId":3036}},"BeFq/B3xzreZ2T6suHYYTa4iyISzekiw5NK+qYGXGME8":{"registrationId":758156396,"currentRatchet":{"ephemeralKeyPair":{"pubKey":"Bc3FSieFfJNxnfGukloS4J4ILekIkVlKRbIM8U+SAqhw","privKey":"OA5VwNy/uP0J2i3bAPjTvQEVlJkckYjgZL9YZSqfxFk="},"lastRemoteEphemeralKey":"BRNUezeh9uXWBU82VAfhjKEPsBPwwak3nXwecb7enVcK","previousCounter":0,"rootKey":"fUD5tZGVGbleGTDAJN3OyuJ4vW3uXHsZYnLdyRp1oIY="},"indexInfo":{"baseKey":"BeFq/B3xzreZ2T6suHYYTa4iyISzekiw5NK+qYGXGME8","baseKeyType":1,"closed":1738168368786,"used":1738168367499,"created":1738168367499,"remoteIdentityKey":"BevUftg7bJ1gRmiZU8zuZm5K251TvtWZ6vsCSmUC10pt"},"_chains":{"Bc3FSieFfJNxnfGukloS4J4ILekIkVlKRbIM8U+SAqhw":{"chainKey":{"counter":-1,"key":"/dooVmzoPO2HUZ9/VV6Rzhwlaq9Na90b/6TFMSlnc9E="},"chainType":1,"messageKeys":{}}},"pendingPreKey":{"signedKeyId":6,"baseKey":"BeFq/B3xzreZ2T6suHYYTa4iyISzekiw5NK+qYGXGME8","preKeyId":2850}},"BfAnwiXcFvHZfLJKBF8OK6mQcTN2xF+GCLqwTeJ7O2cy":{"registrationId":758156396,"currentRatchet":{"ephemeralKeyPair":{"pubKey":"BUBandNF2EUGBv8jY6PScta6qzyAoLD2Dvlo/BFH6Ddy","privKey":"8J28kQ/d7PzNKwIWaStC02PO2YOgSu94Cw4NN8piFmk="},"lastRemoteEphemeralKey":"BRNUezeh9uXWBU82VAfhjKEPsBPwwak3nXwecb7enVcK","previousCounter":0,"rootKey":"opUTCuBr4BT+vl05s/Y4XLhO1aIUgRmQJZSN2L2XnGg="},"indexInfo":{"baseKey":"BfAnwiXcFvHZfLJKBF8OK6mQcTN2xF+GCLqwTeJ7O2cy","baseKeyType":1,"closed":1738168369730,"used":1738168368772,"created":1738168368772,"remoteIdentityKey":"BevUftg7bJ1gRmiZU8zuZm5K251TvtWZ6vsCSmUC10pt"},"_chains":{"BUBandNF2EUGBv8jY6PScta6qzyAoLD2Dvlo/BFH6Ddy":{"chainKey":{"counter":-1,"key":"oktfQd2AolnfuEcb75h0gSq0oaUyDIyah2avG43hFV8="},"chainType":1,"messageKeys":{}}},"pendingPreKey":{"signedKeyId":6,"baseKey":"BfAnwiXcFvHZfLJKBF8OK6mQcTN2xF+GCLqwTeJ7O2cy","preKeyId":2934}},"BVxlKpg8t2DsgYwEkK37SNV2u4w5vThtcL+iZ+AZKr4V":{"registrationId":758156396,"currentRatchet":{"ephemeralKeyPair":{"pubKey":"BXskoeKZJ480wtjOSP6kZwU6Hsg4uLOdcNXJKCbwoI5H","privKey":"qK3dcQpiUanq3okzbueI8OxskUvBt/+t+x2ojyA5gFk="},"lastRemoteEphemeralKey":"BRNUezeh9uXWBU82VAfhjKEPsBPwwak3nXwecb7enVcK","previousCounter":0,"rootKey":"fzHVh0FpzmZzokIPLJUewpyZagzILBIPbdRQzgMv1lo="},"indexInfo":{"baseKey":"BVxlKpg8t2DsgYwEkK37SNV2u4w5vThtcL+iZ+AZKr4V","baseKeyType":1,"closed":1738168370721,"used":1738168369713,"created":1738168369713,"remoteIdentityKey":"BevUftg7bJ1gRmiZU8zuZm5K251TvtWZ6vsCSmUC10pt"},"_chains":{"BXskoeKZJ480wtjOSP6kZwU6Hsg4uLOdcNXJKCbwoI5H":{"chainKey":{"counter":-1,"key":"9OrQeEvxi1OxkjIlmWJy0buLbQXFhvi3+QXZeEeVxAg="},"chainType":1,"messageKeys":{}}},"pendingPreKey":{"signedKeyId":6,"baseKey":"BVxlKpg8t2DsgYwEkK37SNV2u4w5vThtcL+iZ+AZKr4V","preKeyId":2899}},"BUhaFkPZbhgqZllCnZH1yXdsEJmcIB3l4ykPSJvNWNF8":{"registrationId":758156396,"currentRatchet":{"ephemeralKeyPair":{"pubKey":"BRQoVFbv7Nm0+qTjyUhX5hCLwoPsEJKJM91ktp7OYRN1","privKey":"mEIMc9t09L8+rlooeyexbpzrwvk9Bl1i3rhnuUBfoUs="},"lastRemoteEphemeralKey":"BRNUezeh9uXWBU82VAfhjKEPsBPwwak3nXwecb7enVcK","previousCounter":0,"rootKey":"Jo2h1jvfYn2SrCN57We8AGJwvo8FxkyVPjWuHD8ziMA="},"indexInfo":{"baseKey":"BUhaFkPZbhgqZllCnZH1yXdsEJmcIB3l4ykPSJvNWNF8","baseKeyType":1,"closed":1738168374076,"used":1738168370710,"created":1738168370710,"remoteIdentityKey":"BevUftg7bJ1gRmiZU8zuZm5K251TvtWZ6vsCSmUC10pt"},"_chains":{"BRQoVFbv7Nm0+qTjyUhX5hCLwoPsEJKJM91ktp7OYRN1":{"chainKey":{"counter":-1,"key":"CudFd/mSiRjhr5DNTb1qfP8oiVLe59vu10shsrYk+2s="},"chainType":1,"messageKeys":{}}},"pendingPreKey":{"signedKeyId":6,"baseKey":"BUhaFkPZbhgqZllCnZH1yXdsEJmcIB3l4ykPSJvNWNF8","preKeyId":2973}},"BUF6vVpZCma0sJEqWkESyNJ8c5XL1UsxPxmp8Il4O4ET":{"registrationId":758156396,"currentRatchet":{"ephemeralKeyPair":{"pubKey":"BesAHGpkLQyLrWUJCyXHw/TDQU15Rs761aGt/+3J1Owm","privKey":"eHRi819GG4bJf7FlWt8aSEQZbY3QwswWmpmzUFcyUVw="},"lastRemoteEphemeralKey":"BRNUezeh9uXWBU82VAfhjKEPsBPwwak3nXwecb7enVcK","previousCounter":0,"rootKey":"uRGyp4G2FtbsbAaROfKWdj7ZNBklOmCpZ9O3+5XGEps="},"indexInfo":{"baseKey":"BUF6vVpZCma0sJEqWkESyNJ8c5XL1UsxPxmp8Il4O4ET","baseKeyType":1,"closed":1738168375037,"used":1738168374063,"created":1738168374063,"remoteIdentityKey":"BevUftg7bJ1gRmiZU8zuZm5K251TvtWZ6vsCSmUC10pt"},"_chains":{"BesAHGpkLQyLrWUJCyXHw/TDQU15Rs761aGt/+3J1Owm":{"chainKey":{"counter":-1,"key":"xh9KXsrHAEOItwJ5IbU9St7oZ+F55W/TWKfKzvkJUJY="},"chainType":1,"messageKeys":{}}},"pendingPreKey":{"signedKeyId":6,"baseKey":"BUF6vVpZCma0sJEqWkESyNJ8c5XL1UsxPxmp8Il4O4ET","preKeyId":2891}},"BdC0L9fuumn7OiHRFFhnIdEhcCZB7nRvfDjQN2Ob4I0a":{"registrationId":758156396,"currentRatchet":{"ephemeralKeyPair":{"pubKey":"BcS2uWjP5N5zrjbw0WezCdk7OpDToakDRDXfpr15tqkr","privKey":"gBjlGQ0VwskbzAgP2ppLqqJ4aIlkLSVhQOnaxx6YdHo="},"lastRemoteEphemeralKey":"BRNUezeh9uXWBU82VAfhjKEPsBPwwak3nXwecb7enVcK","previousCounter":0,"rootKey":"w/3/sP/WDGBvFXt7VE0TCOmo7zXjffGC0Hs0bAdktbc="},"indexInfo":{"baseKey":"BdC0L9fuumn7OiHRFFhnIdEhcCZB7nRvfDjQN2Ob4I0a","baseKeyType":1,"closed":1738168376206,"used":1738168375025,"created":1738168375025,"remoteIdentityKey":"BevUftg7bJ1gRmiZU8zuZm5K251TvtWZ6vsCSmUC10pt"},"_chains":{"BcS2uWjP5N5zrjbw0WezCdk7OpDToakDRDXfpr15tqkr":{"chainKey":{"counter":-1,"key":"U+0eYX2Hon8PVHe5SX7Gfj0xmXHb51E1lvJmk/IF19Q="},"chainType":1,"messageKeys":{}}},"pendingPreKey":{"signedKeyId":6,"baseKey":"BdC0L9fuumn7OiHRFFhnIdEhcCZB7nRvfDjQN2Ob4I0a","preKeyId":2938}},"BU4hqzGE0daptIcR4uoGLEAVYjVEuswaTWbEn937HCYv":{"registrationId":758156396,"currentRatchet":{"ephemeralKeyPair":{"pubKey":"BXxeYk+YKnreL9t3/jMDnIYRqwbGExQpmXyOJpDlzLJU","privKey":"KH7S1BmNT2wocBBwCIJ6EImvCT0BpVdrFZMGbRmKtmc="},"lastRemoteEphemeralKey":"BRNUezeh9uXWBU82VAfhjKEPsBPwwak3nXwecb7enVcK","previousCounter":0,"rootKey":"B7tz/0Q9J19mHQuADKPfZZdFx3IdawTtjCj1mDNqHK4="},"indexInfo":{"baseKey":"BU4hqzGE0daptIcR4uoGLEAVYjVEuswaTWbEn937HCYv","baseKeyType":1,"closed":1738168377148,"used":1738168376169,"created":1738168376169,"remoteIdentityKey":"BevUftg7bJ1gRmiZU8zuZm5K251TvtWZ6vsCSmUC10pt"},"_chains":{"BXxeYk+YKnreL9t3/jMDnIYRqwbGExQpmXyOJpDlzLJU":{"chainKey":{"counter":-1,"key":"DhU8UaAUXhrxgHH7nPwEGhyNTe1y5NZlOSqpBLU/Zow="},"chainType":1,"messageKeys":{}}},"pendingPreKey":{"signedKeyId":6,"baseKey":"BU4hqzGE0daptIcR4uoGLEAVYjVEuswaTWbEn937HCYv","preKeyId":2928}},"BY1ekcOBPmgwjRN8sK7/M/4orubYl735jcWU+0CKhMBF":{"registrationId":758156396,"currentRatchet":{"ephemeralKeyPair":{"pubKey":"Bf984gGPXr/hkDuc2BKG8lRuo2F4ThF4yYUe5moAReJ2","privKey":"mIww9ymnQz3i5m3ICaS2QkLXHch5x2xMfEhwkIeR71Q="},"lastRemoteEphemeralKey":"BRNUezeh9uXWBU82VAfhjKEPsBPwwak3nXwecb7enVcK","previousCounter":0,"rootKey":"6QlkvJXCLfGMmDzFmjc9iyH+gmaIiZW27jIR+g6Sz7E="},"indexInfo":{"baseKey":"BY1ekcOBPmgwjRN8sK7/M/4orubYl735jcWU+0CKhMBF","baseKeyType":1,"closed":1738168378052,"used":1738168377137,"created":1738168377137,"remoteIdentityKey":"BevUftg7bJ1gRmiZU8zuZm5K251TvtWZ6vsCSmUC10pt"},"_chains":{"Bf984gGPXr/hkDuc2BKG8lRuo2F4ThF4yYUe5moAReJ2":{"chainKey":{"counter":-1,"key":"UksxmLiozVtkHVAw59SyXaBFZtNdBptcTd5cEd0koOk="},"chainType":1,"messageKeys":{}}},"pendingPreKey":{"signedKeyId":6,"baseKey":"BY1ekcOBPmgwjRN8sK7/M/4orubYl735jcWU+0CKhMBF","preKeyId":3078}},"BcdOfaPQqLbqTtC29veQnXOO0mAQc3seNTire8TvWgBG":{"registrationId":758156396,"currentRatchet":{"ephemeralKeyPair":{"pubKey":"BSKc1W9A4wALDyen6wEl4u1Hz51Gvomz+tiVAKwKVs5Q","privKey":"CNpZ4DClZ6KpX3d7rZ2EAq5AAu4EzT2oXjgp6fPy/1M="},"lastRemoteEphemeralKey":"BRNUezeh9uXWBU82VAfhjKEPsBPwwak3nXwecb7enVcK","previousCounter":0,"rootKey":"0z+8c37sIeTluZboL+wP0+jslyf3CsmyQmHbEwckKVI="},"indexInfo":{"baseKey":"BcdOfaPQqLbqTtC29veQnXOO0mAQc3seNTire8TvWgBG","baseKeyType":1,"closed":1738168379440,"used":1738168378041,"created":1738168378041,"remoteIdentityKey":"BevUftg7bJ1gRmiZU8zuZm5K251TvtWZ6vsCSmUC10pt"},"_chains":{"BSKc1W9A4wALDyen6wEl4u1Hz51Gvomz+tiVAKwKVs5Q":{"chainKey":{"counter":-1,"key":"qehTozOszEDln0HetPkoTywUw97FwgdmVuyxmatd7NI="},"chainType":1,"messageKeys":{}}},"pendingPreKey":{"signedKeyId":6,"baseKey":"BcdOfaPQqLbqTtC29veQnXOO0mAQc3seNTire8TvWgBG","preKeyId":3216}},"Bdj1DJdODuGk8zyOWe1RM8Ga9bYxuIEDDgviJZmfCjpo":{"registrationId":758156396,"currentRatchet":{"ephemeralKeyPair":{"pubKey":"BQKnnGjjhyaq7BhbqPsqxZ+ElwYaBfgVp3VEMim0LOFP","privKey":"cB0ELJKckYWY+Q04m8mc2WGF9blSn73+E9+ea2opjEE="},"lastRemoteEphemeralKey":"BRNUezeh9uXWBU82VAfhjKEPsBPwwak3nXwecb7enVcK","previousCounter":0,"rootKey":"xUNI7q3E2sCGHRsCrqu3PpfwXYA364u9hxFfcNMdFRA="},"indexInfo":{"baseKey":"Bdj1DJdODuGk8zyOWe1RM8Ga9bYxuIEDDgviJZmfCjpo","baseKeyType":1,"closed":1738168380656,"used":1738168379428,"created":1738168379428,"remoteIdentityKey":"BevUftg7bJ1gRmiZU8zuZm5K251TvtWZ6vsCSmUC10pt"},"_chains":{"BQKnnGjjhyaq7BhbqPsqxZ+ElwYaBfgVp3VEMim0LOFP":{"chainKey":{"counter":-1,"key":"K0ok3QIBCms13olo7tOrnunNrn1DZyk7c2YC7VsgXMk="},"chainType":1,"messageKeys":{}}},"pendingPreKey":{"signedKeyId":6,"baseKey":"Bdj1DJdODuGk8zyOWe1RM8Ga9bYxuIEDDgviJZmfCjpo","preKeyId":3077}},"BTbi5odyYZ8nZIXnNfAWB77QQ3MhCpsHJ+brqCuSE7k0":{"registrationId":758156396,"currentRatchet":{"ephemeralKeyPair":{"pubKey":"BTSt8DlDH4vpve+4jpvzD+sIwfekKXzC/UCzG0flaa5C","privKey":"CFTawIS+UtYTGuHEoBepG9op8FkdwQSQfV4/9teKVlw="},"lastRemoteEphemeralKey":"BRNUezeh9uXWBU82VAfhjKEPsBPwwak3nXwecb7enVcK","previousCounter":0,"rootKey":"AyCHpBrUOiQVoi6RiFnOnsFiNJqvZTTEC7gUNvojJS4="},"indexInfo":{"baseKey":"BTbi5odyYZ8nZIXnNfAWB77QQ3MhCpsHJ+brqCuSE7k0","baseKeyType":1,"closed":1738168381645,"used":1738168380644,"created":1738168380644,"remoteIdentityKey":"BevUftg7bJ1gRmiZU8zuZm5K251TvtWZ6vsCSmUC10pt"},"_chains":{"BTSt8DlDH4vpve+4jpvzD+sIwfekKXzC/UCzG0flaa5C":{"chainKey":{"counter":-1,"key":"KY9Mz3T+Lo2R6S8N+5lI39VcbrcZ0rUEw2tb7VrO9gA="},"chainType":1,"messageKeys":{}}},"pendingPreKey":{"signedKeyId":6,"baseKey":"BTbi5odyYZ8nZIXnNfAWB77QQ3MhCpsHJ+brqCuSE7k0","preKeyId":2901}},"BTDN/4La3ZyhdvdXxlnMTMjLOaZCQYxqszXFF6O/e5lE":{"registrationId":758156396,"currentRatchet":{"ephemeralKeyPair":{"pubKey":"BU787S3EIq4w0q3ue2FoAGuJJEYDkkZgcOphVCZc869q","privKey":"YFuGbqKMv9Ozumvu0YUjFmhiUOQVxKpgEuyQFvDSZV8="},"lastRemoteEphemeralKey":"BRNUezeh9uXWBU82VAfhjKEPsBPwwak3nXwecb7enVcK","previousCounter":0,"rootKey":"2iXl3AF0iKN8SFfi2JpWgP1Vef2vO4K/sRyQEjKNzwM="},"indexInfo":{"baseKey":"BTDN/4La3ZyhdvdXxlnMTMjLOaZCQYxqszXFF6O/e5lE","baseKeyType":1,"closed":1738168382666,"used":1738168381628,"created":1738168381628,"remoteIdentityKey":"BevUftg7bJ1gRmiZU8zuZm5K251TvtWZ6vsCSmUC10pt"},"_chains":{"BU787S3EIq4w0q3ue2FoAGuJJEYDkkZgcOphVCZc869q":{"chainKey":{"counter":-1,"key":"3Kkt8BW3Yp5BjofaJRWYJethJo+btyPajBpMlczzCZ4="},"chainType":1,"messageKeys":{}}},"pendingPreKey":{"signedKeyId":6,"baseKey":"BTDN/4La3ZyhdvdXxlnMTMjLOaZCQYxqszXFF6O/e5lE","preKeyId":2947}},"BQ50uOkr4KISTlwcsWAquXHitGTBnAHB+833AS/vnUhS":{"registrationId":758156396,"currentRatchet":{"ephemeralKeyPair":{"pubKey":"BY+gpki16GoZLG4I9/+ELwYUJQmrsxz4ZTCpuynv4whW","privKey":"yDEylgPoTx9jCUTqRIp5bQYC/IxGs/E+No38GXdysXU="},"lastRemoteEphemeralKey":"BRNUezeh9uXWBU82VAfhjKEPsBPwwak3nXwecb7enVcK","previousCounter":0,"rootKey":"poG66hWbNZGf/hA5db+YCDwhdLgrQZ2LChf+lK59o68="},"indexInfo":{"baseKey":"BQ50uOkr4KISTlwcsWAquXHitGTBnAHB+833AS/vnUhS","baseKeyType":1,"closed":1738168383744,"used":1738168382654,"created":1738168382654,"remoteIdentityKey":"BevUftg7bJ1gRmiZU8zuZm5K251TvtWZ6vsCSmUC10pt"},"_chains":{"BY+gpki16GoZLG4I9/+ELwYUJQmrsxz4ZTCpuynv4whW":{"chainKey":{"counter":-1,"key":"qkomkGbdP+p7CWHxZiJSlVLVN6NcEmtr1mykYEpvEns="},"chainType":1,"messageKeys":{}}},"pendingPreKey":{"signedKeyId":6,"baseKey":"BQ50uOkr4KISTlwcsWAquXHitGTBnAHB+833AS/vnUhS","preKeyId":3028}},"Bbh1IhF2QivXo7l0zXY8Hnj1E7Re6CaAxMem4X6bGO9r":{"registrationId":758156396,"currentRatchet":{"ephemeralKeyPair":{"pubKey":"BetgrqmUOCdayWlgamZ5fycC2/YzjQpCi1yV9rwv6GZy","privKey":"uD03EQJ9Vvf632oIZsCZIse4jJ8VlDd3HOsX7gfo4E8="},"lastRemoteEphemeralKey":"BRNUezeh9uXWBU82VAfhjKEPsBPwwak3nXwecb7enVcK","previousCounter":0,"rootKey":"1Kp6lM0PjDKiObthTQNdzhWIyKsU4OoxGWLT2j3Xyao="},"indexInfo":{"baseKey":"Bbh1IhF2QivXo7l0zXY8Hnj1E7Re6CaAxMem4X6bGO9r","baseKeyType":1,"closed":1738168385176,"used":1738168383716,"created":1738168383716,"remoteIdentityKey":"BevUftg7bJ1gRmiZU8zuZm5K251TvtWZ6vsCSmUC10pt"},"_chains":{"BetgrqmUOCdayWlgamZ5fycC2/YzjQpCi1yV9rwv6GZy":{"chainKey":{"counter":-1,"key":"6zAZiWTB7r4u6NHNEsfzBjHj1qf/1HYFssLXVtMLrM4="},"chainType":1,"messageKeys":{}}},"pendingPreKey":{"signedKeyId":6,"baseKey":"Bbh1IhF2QivXo7l0zXY8Hnj1E7Re6CaAxMem4X6bGO9r","preKeyId":2909}},"BVASYg0L1ZXcm0YNllQ0aPt62QuqdTSseeloPTLFn1BK":{"registrationId":758156396,"currentRatchet":{"ephemeralKeyPair":{"pubKey":"BdC1Cup6VNN1hxV+ryqX8xv8nxnwsfXcGP5tDqlwgxgn","privKey":"+Ckp4qAoJoJWFveJDQzj0gCSb5SC9mPG09qrQy3gxFY="},"lastRemoteEphemeralKey":"BRNUezeh9uXWBU82VAfhjKEPsBPwwak3nXwecb7enVcK","previousCounter":0,"rootKey":"IegP7JkOrdfg/fBbFV/lAW05BMRiN/cE1hb0z/F0Aro="},"indexInfo":{"baseKey":"BVASYg0L1ZXcm0YNllQ0aPt62QuqdTSseeloPTLFn1BK","baseKeyType":1,"closed":1738168386142,"used":1738168385163,"created":1738168385163,"remoteIdentityKey":"BevUftg7bJ1gRmiZU8zuZm5K251TvtWZ6vsCSmUC10pt"},"_chains":{"BdC1Cup6VNN1hxV+ryqX8xv8nxnwsfXcGP5tDqlwgxgn":{"chainKey":{"counter":-1,"key":"lQv73jTrwzF4jRvW12OVB2j4r2kF2pdNiNRHXfiUdBU="},"chainType":1,"messageKeys":{}}},"pendingPreKey":{"signedKeyId":6,"baseKey":"BVASYg0L1ZXcm0YNllQ0aPt62QuqdTSseeloPTLFn1BK","preKeyId":2869}},"BfN3ZRoyH/WSkiT8O9mLHQJe3+8LX550o5Y3n+/vRpRr":{"registrationId":758156396,"currentRatchet":{"ephemeralKeyPair":{"pubKey":"BVq+B6NAB74jFpH+5UFi+SBZpO3abJ6nhf5cIoD7i28g","privKey":"8IS2DbldTVk53Eg77T8uLjEKAW8G+xFZ+LugwUBnL1Y="},"lastRemoteEphemeralKey":"BRNUezeh9uXWBU82VAfhjKEPsBPwwak3nXwecb7enVcK","previousCounter":0,"rootKey":"icQ36WRwsVibl77Eqef/GpEd15gqwvD/t3V+HhThw4Y="},"indexInfo":{"baseKey":"BfN3ZRoyH/WSkiT8O9mLHQJe3+8LX550o5Y3n+/vRpRr","baseKeyType":1,"closed":1738168387682,"used":1738168386123,"created":1738168386123,"remoteIdentityKey":"BevUftg7bJ1gRmiZU8zuZm5K251TvtWZ6vsCSmUC10pt"},"_chains":{"BVq+B6NAB74jFpH+5UFi+SBZpO3abJ6nhf5cIoD7i28g":{"chainKey":{"counter":-1,"key":"BGn9YHQZbsiudflDBR7mCVFJBnfHfZkSWUCnx6KouIw="},"chainType":1,"messageKeys":{}}},"pendingPreKey":{"signedKeyId":6,"baseKey":"BfN3ZRoyH/WSkiT8O9mLHQJe3+8LX550o5Y3n+/vRpRr","preKeyId":2843}},"BUpF4mfh/urx0Et2yOsmLKzIYbVfCVFRltGVfdrFS45l":{"registrationId":758156396,"currentRatchet":{"ephemeralKeyPair":{"pubKey":"BXDOau/QXV0XdNh51a02khGIssJ0mrFV6H6mNDqDANss","privKey":"UOLM3DvMnwO9yo2nggOUtPcxdEuGhBDbjWFZyIEK+Gg="},"lastRemoteEphemeralKey":"BRNUezeh9uXWBU82VAfhjKEPsBPwwak3nXwecb7enVcK","previousCounter":0,"rootKey":"GgtjGk0CJjzZsd1gDnf6OZzqXxr3ItPKYS2BEr8zLkU="},"indexInfo":{"baseKey":"BUpF4mfh/urx0Et2yOsmLKzIYbVfCVFRltGVfdrFS45l","baseKeyType":1,"closed":1738168388672,"used":1738168387669,"created":1738168387669,"remoteIdentityKey":"BevUftg7bJ1gRmiZU8zuZm5K251TvtWZ6vsCSmUC10pt"},"_chains":{"BXDOau/QXV0XdNh51a02khGIssJ0mrFV6H6mNDqDANss":{"chainKey":{"counter":-1,"key":"RJvhXXCxJPOu7eh+/1wXfztd8SX5ZJDHHFPgT1Xyn8o="},"chainType":1,"messageKeys":{}}},"pendingPreKey":{"signedKeyId":6,"baseKey":"BUpF4mfh/urx0Et2yOsmLKzIYbVfCVFRltGVfdrFS45l","preKeyId":2784}},"BZ6zkBo+QvWCYkDMse8AudX43Onw9/CzplutuEvcpf1b":{"registrationId":758156396,"currentRatchet":{"ephemeralKeyPair":{"pubKey":"BZv+0E7of5t0iFsycis1s7RGi9BSI6S4OIUFFQ7Q3iFA","privKey":"aGHvvX+pbn89s1HvaLQHE9w0qrrKdP4LfXq8NhUx00w="},"lastRemoteEphemeralKey":"BRNUezeh9uXWBU82VAfhjKEPsBPwwak3nXwecb7enVcK","previousCounter":0,"rootKey":"izR58n9oppcc6JFVDKf7qRudZQ1iT5Eq0vpUcaDH9TI="},"indexInfo":{"baseKey":"BZ6zkBo+QvWCYkDMse8AudX43Onw9/CzplutuEvcpf1b","baseKeyType":1,"closed":-1,"used":1738168388633,"created":1738168388633,"remoteIdentityKey":"BevUftg7bJ1gRmiZU8zuZm5K251TvtWZ6vsCSmUC10pt"},"_chains":{"BZv+0E7of5t0iFsycis1s7RGi9BSI6S4OIUFFQ7Q3iFA":{"chainKey":{"counter":11,"key":"y3VHNZlRCI92hC9CIH4INMh8XV8GDhV4A0FPVxP4ie0="},"chainType":1,"messageKeys":{}}},"pendingPreKey":{"signedKeyId":6,"baseKey":"BZ6zkBo+QvWCYkDMse8AudX43Onw9/CzplutuEvcpf1b","preKeyId":3058}}},"version":"v1"}