{"_sessions":{"BeyAaDHF7MbBjcnsaO5B+9VwL0LyTA6aYXV4rnnk7zdc":{"registrationId":21767547,"currentRatchet":{"ephemeralKeyPair":{"pubKey":"BS41PEDwMGsYCh7oxLS+XliU6+rZyvx+l7sw63qvdDdO","privKey":"0JtSztg1m4QopbxrqnYkyMRLjfZBL6EEWmXykjdfbU8="},"lastRemoteEphemeralKey":"BWapGy4+SwV2HZxNIt9l51Jwy/tzy+yn1Rs5HWqcvJdP","previousCounter":0,"rootKey":"micPKsMhm3UnYCfwnKzLIuFuqeZ43TVpKoSRniKn2AA="},"indexInfo":{"baseKey":"BeyAaDHF7MbBjcnsaO5B+9VwL0LyTA6aYXV4rnnk7zdc","baseKeyType":1,"closed":1738562109772,"used":1738507231199,"created":1738069367282,"remoteIdentityKey":"BYSlBecqgaZXiux0FoXVSyaX7papQuQlNsOxuMVeH2ER"},"_chains":{"BSHFMlZx6YgxTY8Nz5j9UWHxDPoxw/6qw3sC4v403nwD":{"chainKey":{"counter":1},"chainType":2,"messageKeys":{}},"Bc5/hhhLoqQ7a4zTYlkxw1GNV1/G5bj8Di8vbXoCZU0Y":{"chainKey":{"counter":2},"chainType":2,"messageKeys":{"2":"Pfd1qyJmk98wlFKJlPKFO/flP408QZ+Ik/MpsY16ZLQ="}},"BRyfzCJ7M8WV2e2Pagt70saBSdIusMvs2lmPDzDhuSlm":{"chainKey":{"counter":1},"chainType":2,"messageKeys":{"1":"lCxc8k+XctaKysg0PSntk5gMSum3pCIFuV3vNRneRYM="}},"BWapGy4+SwV2HZxNIt9l51Jwy/tzy+yn1Rs5HWqcvJdP":{"chainKey":{"counter":1,"key":"fs8meF+1OUEhUdiHcMjADJzl4FjyXTj/QE1V4589IXE="},"chainType":2,"messageKeys":{}},"BS41PEDwMGsYCh7oxLS+XliU6+rZyvx+l7sw63qvdDdO":{"chainKey":{"counter":-1,"key":"pDsCY0aIKNJIzUIRj5y7OPyTAE3peupoYbPCW18xwsM="},"chainType":1,"messageKeys":{}}}},"BfR9O9XxMajcEmPj/7Wb0+WHRwrsWqUo/V0oSvl8Ib9Y":{"registrationId":21767547,"currentRatchet":{"ephemeralKeyPair":{"pubKey":"BaF8bDwSzKiZd0nTlEi15ztyF+Wvr89e0vfqO9W0gVkC","privKey":"CMHJWGYW1isCgSgKyEd2CPm6O18K9CFu1OMevjCLHUM="},"lastRemoteEphemeralKey":"BcKu4vRm4RkzmwLh+Os4eT+9XUMxAvwVvuepBkj+JzYr","previousCounter":0,"rootKey":"EBSzvCSXVSpKYe0wKPxwzgbkEQq4mnFWyXhY7LOXm7w="},"indexInfo":{"baseKey":"BfR9O9XxMajcEmPj/7Wb0+WHRwrsWqUo/V0oSvl8Ib9Y","baseKeyType":2,"closed":1738649905023,"used":1738562109816,"created":1738562109816,"remoteIdentityKey":"BYSlBecqgaZXiux0FoXVSyaX7papQuQlNsOxuMVeH2ER"},"_chains":{"BcKu4vRm4RkzmwLh+Os4eT+9XUMxAvwVvuepBkj+JzYr":{"chainKey":{"counter":3,"key":"mhQPuo3P7Zy8dva1dNSYB4vI2qcVoGrfSA/kuL88PGk="},"chainType":2,"messageKeys":{"0":"racvs6Edvoc2akvzfhToW3H2aG4Ba3zQ+7MrgKOsG6Y="}},"BaF8bDwSzKiZd0nTlEi15ztyF+Wvr89e0vfqO9W0gVkC":{"chainKey":{"counter":-1,"key":"m5AWXrWGy/J/cypdTk/VG6CoWa4QeyK6Neno2nktdcY="},"chainType":1,"messageKeys":{}}}},"BbbhCuSafyxIRGmD+ltcAs823V2TYDy94G8IgbZ1ytNy":{"registrationId":21767547,"currentRatchet":{"ephemeralKeyPair":{"pubKey":"BYvKHClTP0ft2M8q7Sr2340pOfuVNqNu1ef7ai/tX6Rt","privKey":"eBWWNxUrdXXeT8fsC/RFFbKzeqni2YSWKlhvyVQ+M1w="},"lastRemoteEphemeralKey":"BT6MQIThOlyhjc7tuwvaAQZLd8S7VhGteqUY6EMdNwBC","previousCounter":1,"rootKey":"mODzy2tZve1OnmV+frVDVpSPCk/WoKZtPfXAv/q/UcQ="},"indexInfo":{"baseKey":"BbbhCuSafyxIRGmD+ltcAs823V2TYDy94G8IgbZ1ytNy","baseKeyType":2,"closed":1738795587194,"used":1738741977893,"created":1738649905068,"remoteIdentityKey":"BYSlBecqgaZXiux0FoXVSyaX7papQuQlNsOxuMVeH2ER"},"_chains":{"BYS2UYZLZxyUwBQadRLs6F8N9in3ilh5Y2IGT1VdhC1W":{"chainKey":{"counter":1},"chainType":2,"messageKeys":{"0":"YS3JkS2xBvmYgfXowt9opFk2+QkiLDy7H9LGxk32d+Y="}},"BT6MQIThOlyhjc7tuwvaAQZLd8S7VhGteqUY6EMdNwBC":{"chainKey":{"counter":1,"key":"vNMK8ojbsBxxgHOl+vsXRb34MhU2LrnyPqvBxLo1N9Q="},"chainType":2,"messageKeys":{"0":"0JCs6/UsrSjVgYY6xAA7aLVAMwmrACXXZqo+ShDnuIg="}},"BYvKHClTP0ft2M8q7Sr2340pOfuVNqNu1ef7ai/tX6Rt":{"chainKey":{"counter":-1,"key":"6m+V0/FsnGThHSFZOQl3EK93OTUQwYdYRq5ilS1YRdk="},"chainType":1,"messageKeys":{}}}},"BR4hVTzA1M/Cjj7Xxk4wfjaL9Q3TrDTjOcxSDZglZPo2":{"registrationId":21767547,"currentRatchet":{"ephemeralKeyPair":{"pubKey":"BY3eVg2TJtaYTKov2rWT58qKM++a2JWYqCopITIpnns8","privKey":"UCm+0XVK1SfFdMhFQ5Ph2beNiHWtMwg2UI8WnsuxgWc="},"lastRemoteEphemeralKey":"BT+gvDq6O+1spNPThhCGYGeFqjpDFtVj10K7QdgqU0R7","previousCounter":0,"rootKey":"nfuezCMDTFUeZbnbx2qf7Vf0yvCkh96t2qioziS16tE="},"indexInfo":{"baseKey":"BR4hVTzA1M/Cjj7Xxk4wfjaL9Q3TrDTjOcxSDZglZPo2","baseKeyType":2,"closed":1738808310644,"used":1738795587227,"created":1738795587227,"remoteIdentityKey":"BYSlBecqgaZXiux0FoXVSyaX7papQuQlNsOxuMVeH2ER"},"_chains":{"BT+gvDq6O+1spNPThhCGYGeFqjpDFtVj10K7QdgqU0R7":{"chainKey":{"counter":1,"key":"XSPpy0RhLWtXR2790k1scVCdoAUCnmMdyV8qiAqHH4o="},"chainType":2,"messageKeys":{"0":"3PQ9rbWPmlDyZGcvWP134TlqPxUiBDg0rwziJfRAw5Y="}},"BY3eVg2TJtaYTKov2rWT58qKM++a2JWYqCopITIpnns8":{"chainKey":{"counter":-1,"key":"ha/3mqQ6nnJh2M0HIj3zniFWlwH5qLI/KYNtFNDvo+s="},"chainType":1,"messageKeys":{}}}},"BYx2pyWfw/YMPaLBKjvVb2dEA5/YscjK7Cw8YoUDbLsL":{"registrationId":21767547,"currentRatchet":{"ephemeralKeyPair":{"pubKey":"Bc0hfQfDEtujLkBWvyvqmJLVS9MegJnV/Kf+WS3EgNQz","privKey":"ACcyA76xfSZ4pMuXzlOzuECwRqYOFSDxtjqDGmi6MFg="},"lastRemoteEphemeralKey":"BXnvMvskxkTos7nYy+9fPTqBDbVwTfw8V7A4xIgmDZBn","previousCounter":3,"rootKey":"13VgV/buUk/7PI6UL9WRjbFhRJeMJvvDpKtYZMmSulI="},"indexInfo":{"baseKey":"BYx2pyWfw/YMPaLBKjvVb2dEA5/YscjK7Cw8YoUDbLsL","baseKeyType":2,"closed":-1,"used":1738920878660,"created":1738808310689,"remoteIdentityKey":"BYSlBecqgaZXiux0FoXVSyaX7papQuQlNsOxuMVeH2ER"},"_chains":{"BV+Lsfu3CJdkmfaPRBJVQolzbYU7prmSPGVb7KeMVcRQ":{"chainKey":{"counter":2},"chainType":2,"messageKeys":{"0":"O5DVlWOyr8FGseCEG70brKRsZlJ5XZtkYv/TJAfrXcc="}},"BSs7juzZP+JuVaqdGmMFTbo1vEAP2OKjpLq1HbJVysE0":{"chainKey":{"counter":1},"chainType":2,"messageKeys":{}},"BZpS6Ca3yC7Ris7SHn4xO0si3ITMo46uarLwzpENslAd":{"chainKey":{"counter":1},"chainType":2,"messageKeys":{"1":"kozhHe+7URoalMEPkruWuNv3nkxlC0Ifpzy8OncJetM="}},"BXnvMvskxkTos7nYy+9fPTqBDbVwTfw8V7A4xIgmDZBn":{"chainKey":{"counter":1,"key":"5B5DupfjFzCIWOqm98tQncZRqE3RN4kDa1ImUMmWFAg="},"chainType":2,"messageKeys":{"0":"eq/mA5GujxlWEWTG/V9GLCyOJe2M6JeFUe8nBTwep1w="}},"Bc0hfQfDEtujLkBWvyvqmJLVS9MegJnV/Kf+WS3EgNQz":{"chainKey":{"counter":0,"key":"Hx1UdY243CIvkfqckHwE6vWd7ZBp67IhnEWoWnvURCM="},"chainType":1,"messageKeys":{}}}}},"version":"v1"}