{"_sessions":{"BVY+8pKVIU4s+jTkYUDgWtI0u16ClI2/NTY7gUTR3j4R":{"registrationId":16,"currentRatchet":{"ephemeralKeyPair":{"pubKey":"BdyKFAD1zHBgEyQRKRbY9Xp+D1a5NmW5jZuSUSU6DxdC","privKey":"UNUyyXhzBh67to1efSuCnNsL0xAFkhsxoNo61LaYSEo="},"lastRemoteEphemeralKey":"Be1EdYKiECNuL7WlrCBfkcwS0Qz8T6PTfXeCBsDQi9c5","previousCounter":0,"rootKey":"IF/Kjf+Z+3ObAdr2TuOM/SyhvKVxGZnsCcZEszXtt/A="},"indexInfo":{"baseKey":"BVY+8pKVIU4s+jTkYUDgWtI0u16ClI2/NTY7gUTR3j4R","baseKeyType":1,"closed":-1,"used":1738372549750,"created":1738372549750,"remoteIdentityKey":"BUUSrbhO/UtbU2TXdUyLHMo7T4o2rnhnB9G7hIMhBlpl"},"_chains":{"BdyKFAD1zHBgEyQRKRbY9Xp+D1a5NmW5jZuSUSU6DxdC":{"chainKey":{"counter":1,"key":"imdrxNbgX20cYzA54gEOxbisREo3hMG7olbSO+9Nlww="},"chainType":1,"messageKeys":{}}},"pendingPreKey":{"signedKeyId":1,"baseKey":"BVY+8pKVIU4s+jTkYUDgWtI0u16ClI2/NTY7gUTR3j4R"}}},"version":"v1"}