{"_sessions":{"BXpCN4BZDF8JtRIy5qBuWBTBTaCiueuH0ruUCs42cANz":{"registrationId":641242308,"currentRatchet":{"ephemeralKeyPair":{"pubKey":"BRSUXrUQuizQQG5uhFGAoJeDT/VGRqo022eFnuOhICQ2","privKey":"eGjxsA5kJqswIDx6V7jVCq0gVItM7FAlps43VEi+m34="},"lastRemoteEphemeralKey":"BbWjbhiLhmtejvx2wlRbunBrYCIRLFQRvOGp2cwV9dAQ","previousCounter":0,"rootKey":"ZlKA3NuwV7X2kycamEXwzemYIfUfB+oI7Jgt++LsnVk="},"indexInfo":{"baseKey":"BXpCN4BZDF8JtRIy5qBuWBTBTaCiueuH0ruUCs42cANz","baseKeyType":1,"closed":1738373841950,"used":1738070238606,"created":1738070238606,"remoteIdentityKey":"BVKEiW0iVxUiLTBlCVY5rgZH9fVqhvM+QYbKkrys7D1N"},"_chains":{"BRSUXrUQuizQQG5uhFGAoJeDT/VGRqo022eFnuOhICQ2":{"chainKey":{"counter":1,"key":"gwilSlFJyLE0mrIbMlHqJ4ePzpzJ5D+1SHDJpeN44mc="},"chainType":1,"messageKeys":{}}},"pendingPreKey":{"signedKeyId":0,"baseKey":"BXpCN4BZDF8JtRIy5qBuWBTBTaCiueuH0ruUCs42cANz","preKeyId":16772060}},"BVEeGWEv+W/PV628vgQ7F5rlkub9lq06Y2nkNto8lY9e":{"registrationId":204707879,"currentRatchet":{"ephemeralKeyPair":{"pubKey":"BfUZDM1OGg3B61nEhtFbHOppE4AyGITNN0IUhZqBCaZO","privKey":"yHnL3v+uuiGQI8bjcmHBtEJ/5MCqAqv/LU6BN4BLVns="},"lastRemoteEphemeralKey":"BQg/pMLPU1GRuvKQdRKySayZUewKPMIV6hx4nRVvnWQ8","previousCounter":0,"rootKey":"Ik+bgMt5qsNFyakKUIlylZ2605+o9o/6kdb+9KJF1r8="},"indexInfo":{"baseKey":"BVEeGWEv+W/PV628vgQ7F5rlkub9lq06Y2nkNto8lY9e","baseKeyType":1,"closed":1738373843005,"used":1738373841942,"created":1738373841942,"remoteIdentityKey":"BRJsibrmoEHyKr/2cPsNFKM8IeLqGClCCg3LMgubYBJ7"},"_chains":{"BfUZDM1OGg3B61nEhtFbHOppE4AyGITNN0IUhZqBCaZO":{"chainKey":{"counter":-1,"key":"ITgqaW95ztnDUEnp68rb/Xprp2tQSHVYdmvlTu9QvPg="},"chainType":1,"messageKeys":{}}},"pendingPreKey":{"signedKeyId":0,"baseKey":"BVEeGWEv+W/PV628vgQ7F5rlkub9lq06Y2nkNto8lY9e","preKeyId":9722831}},"BZvtBpmmRd98pv9bujbXRYkErfrtf3HdiEDbCGVnKe8b":{"registrationId":204707879,"currentRatchet":{"ephemeralKeyPair":{"pubKey":"BZJoE5O9ziYsKlvgOUQvQRXbUmLWUtxSpmpvK6QcuIY8","privKey":"kErg2qjGdZ3kWXtIwfRpkUuVB0yIps0m949ev0ubn0I="},"lastRemoteEphemeralKey":"BQg/pMLPU1GRuvKQdRKySayZUewKPMIV6hx4nRVvnWQ8","previousCounter":0,"rootKey":"cJ6xZtScVRO0Q9t4vLYXXu2zp+aAnrutnoXRRqkJxNU="},"indexInfo":{"baseKey":"BZvtBpmmRd98pv9bujbXRYkErfrtf3HdiEDbCGVnKe8b","baseKeyType":1,"closed":1738374499254,"used":1738373842998,"created":1738373842998,"remoteIdentityKey":"BRJsibrmoEHyKr/2cPsNFKM8IeLqGClCCg3LMgubYBJ7"},"_chains":{"BZJoE5O9ziYsKlvgOUQvQRXbUmLWUtxSpmpvK6QcuIY8":{"chainKey":{"counter":-1,"key":"qsLofugx2CpRLyDyPpyz71dVy42+yOehJjbU5sPJIz0="},"chainType":1,"messageKeys":{}}},"pendingPreKey":{"signedKeyId":0,"baseKey":"BZvtBpmmRd98pv9bujbXRYkErfrtf3HdiEDbCGVnKe8b","preKeyId":9722708}},"BTDATrRpKmvokO1rnZwxwWbAHtCe/rJOCY3ud9WCzLdc":{"registrationId":204707879,"currentRatchet":{"ephemeralKeyPair":{"pubKey":"BY3TA/tR81lcKlVQ65gbOLPHQuK75ZSBNL0W3w5crZpF","privKey":"WJaVUkLkJSgyMwLOKqnAodnSGDK+s3l5+q8xCvz6EnE="},"lastRemoteEphemeralKey":"Ba2LhdW5OV1UkToKa4aOZ30K4QiFw/E2gWOo0nCZw+YB","previousCounter":0,"rootKey":"Ou6Et5FOuG9aU9ul8CRu8W5/YoLYxo4xXArSICMYFKE="},"indexInfo":{"baseKey":"BTDATrRpKmvokO1rnZwxwWbAHtCe/rJOCY3ud9WCzLdc","baseKeyType":2,"closed":1738376148222,"used":1738374499308,"created":1738374499308,"remoteIdentityKey":"BRJsibrmoEHyKr/2cPsNFKM8IeLqGClCCg3LMgubYBJ7"},"_chains":{"Ba2LhdW5OV1UkToKa4aOZ30K4QiFw/E2gWOo0nCZw+YB":{"chainKey":{"counter":0,"key":"1uDvRVX3Tcb3PcEba47J/i2NyBQ8hmrAEUbffKBQw0c="},"chainType":2,"messageKeys":{}},"BY3TA/tR81lcKlVQ65gbOLPHQuK75ZSBNL0W3w5crZpF":{"chainKey":{"counter":-1,"key":"0yQrpbni3J2q2loaJbu9Fln7ZG9BQKJ40HGLb96aXEk="},"chainType":1,"messageKeys":{}}}},"BR61bX+q6eBorCTgbFFkfED2/F0/vhRgbLDk+1Kb4jRm":{"registrationId":504701342,"currentRatchet":{"ephemeralKeyPair":{"pubKey":"BQSuJhvIP/ZmrWRJEL7pG06JbeSInziDqMs+axUEOtBy","privKey":"2KE7D/9S+7FyLJ6wB3ktKRyyj73a80H6Lve1Z0ihHlQ="},"lastRemoteEphemeralKey":"BRgHVwjDvr1U2G3SSKxG0ZXP2cj/yWFOahgJoKE22mJJ","previousCounter":1,"rootKey":"jqDNdFwGan2OFEfopHl/mCkDiBOlTNIFiEv5UOlEhOI="},"indexInfo":{"baseKey":"BR61bX+q6eBorCTgbFFkfED2/F0/vhRgbLDk+1Kb4jRm","baseKeyType":2,"closed":1738824987759,"used":1738485030513,"created":1738376148266,"remoteIdentityKey":"BaLz+mxj+seW1lZOfrQjgG25iWKfqgfqhhk0YizXmagT"},"_chains":{"BWc0Zj/Xl7ytt0XTxUnflMtsQhOiTjKWPGNRj96s0/ZG":{"chainKey":{"counter":1},"chainType":2,"messageKeys":{}},"BRgHVwjDvr1U2G3SSKxG0ZXP2cj/yWFOahgJoKE22mJJ":{"chainKey":{"counter":1,"key":"1sdKHroSQEDcH6vyZB8TbaHyg16C7csGqAx04ns4heg="},"chainType":2,"messageKeys":{}},"BQSuJhvIP/ZmrWRJEL7pG06JbeSInziDqMs+axUEOtBy":{"chainKey":{"counter":0,"key":"Oq55wvll1Gl/gU7FL+pBNr7WGWFpGM29l3mwblRum88="},"chainType":1,"messageKeys":{}}}},"BccP79aMX/rG+18DFVqBDjFhl49BT7mrnHiearlByAZ8":{"registrationId":1143380838,"currentRatchet":{"ephemeralKeyPair":{"pubKey":"BfPHTN1UPfrdFDMTT9mEJiq1Aur2MN9vTNgEqI62/O5e","privKey":"aFP/eb6/ouvUpuzTiDjdMF9qI/wTmHnaADsR9dLyOnk="},"lastRemoteEphemeralKey":"BTRf/GX7Ms0ECRwZyVxwZ8+iSQVnki01hruq9M1ANCFq","previousCounter":0,"rootKey":"J+qbAqeLx5AO8EIgHLBLzM4AEBUkOT0rJAVhsGFt3ok="},"indexInfo":{"baseKey":"BccP79aMX/rG+18DFVqBDjFhl49BT7mrnHiearlByAZ8","baseKeyType":2,"closed":1738841686212,"used":1738824987800,"created":1738824987800,"remoteIdentityKey":"BVWPocdc/mqD5aPNjt4uEIr2STcAqbX/pRU6pfNa+Glc"},"_chains":{"BTRf/GX7Ms0ECRwZyVxwZ8+iSQVnki01hruq9M1ANCFq":{"chainKey":{"counter":0,"key":"Z/j9eiKCDkOrIjo8moHD+HeOtiv3XZ3s5mF3GrggWRg="},"chainType":2,"messageKeys":{}},"BfPHTN1UPfrdFDMTT9mEJiq1Aur2MN9vTNgEqI62/O5e":{"chainKey":{"counter":-1,"key":"kzsGbGtwHBeB/01TMyofdFMER0Pucto1X9WcDuIgEVY="},"chainType":1,"messageKeys":{}}}},"BexzbLGz3k4JmsH3CssU1D/ZlpQ3bTYWyDb81TTOk4Yl":{"registrationId":1143380838,"currentRatchet":{"ephemeralKeyPair":{"pubKey":"BdahSGbf+d5YMgQszn4xlNaPvUGEziLCgAlES3pAzdk2","privKey":"mCwAj0nfbwYxuTfphYuaCeI3qMhWKw7VBlpii21N+3U="},"lastRemoteEphemeralKey":"BXsXXCobQIluBkZtHcXag6ZRrSyyTquRQ6MiU8iuZZI4","previousCounter":0,"rootKey":"I2HDpqUw2CvdbjpnXM+woUyjZxRfA2ehRgZNfcWhhF4="},"indexInfo":{"baseKey":"BexzbLGz3k4JmsH3CssU1D/ZlpQ3bTYWyDb81TTOk4Yl","baseKeyType":1,"closed":1738841857648,"used":1738841686202,"created":1738841686202,"remoteIdentityKey":"BVWPocdc/mqD5aPNjt4uEIr2STcAqbX/pRU6pfNa+Glc"},"_chains":{"BdahSGbf+d5YMgQszn4xlNaPvUGEziLCgAlES3pAzdk2":{"chainKey":{"counter":-1,"key":"zePZ06qJT/jvwuGHnCeom5YSedpOrsrrg26/0jqzzMo="},"chainType":1,"messageKeys":{}}},"pendingPreKey":{"signedKeyId":0,"baseKey":"BexzbLGz3k4JmsH3CssU1D/ZlpQ3bTYWyDb81TTOk4Yl","preKeyId":15771916}},"BTEc77sG5bXq3a+wzj+vA3H3NZsuW/WQBhCf3nX9ohoK":{"registrationId":1143380838,"currentRatchet":{"ephemeralKeyPair":{"pubKey":"BRfJvj6Brf/gtZ1GvMixSMCmmxiA/4b8PJqJhDeaEtlY","privKey":"8O+EZPf0AcPYE+oFC0YsYFUvMIU7xGKyL4sF6ePUfEE="},"lastRemoteEphemeralKey":"BXsXXCobQIluBkZtHcXag6ZRrSyyTquRQ6MiU8iuZZI4","previousCounter":0,"rootKey":"Z5JkDSxAyqVv7EUZ1TfkXwxQ56UneLamxPbrD8wlrck="},"indexInfo":{"baseKey":"BTEc77sG5bXq3a+wzj+vA3H3NZsuW/WQBhCf3nX9ohoK","baseKeyType":1,"closed":-1,"used":1738841857625,"created":1738841857625,"remoteIdentityKey":"BVWPocdc/mqD5aPNjt4uEIr2STcAqbX/pRU6pfNa+Glc"},"_chains":{"BRfJvj6Brf/gtZ1GvMixSMCmmxiA/4b8PJqJhDeaEtlY":{"chainKey":{"counter":0,"key":"j/oR7e8HAPpwkMP9erCWwRAFyHOPGfgtQltP93tg1js="},"chainType":1,"messageKeys":{}}},"pendingPreKey":{"signedKeyId":0,"baseKey":"BTEc77sG5bXq3a+wzj+vA3H3NZsuW/WQBhCf3nX9ohoK","preKeyId":15771596}}},"version":"v1"}