{"_sessions":{"BTMsTEZsv42CLoUF0DfL3+6+0/0Pi1hF54Vb8wvhhhdd":{"registrationId":831667799,"currentRatchet":{"ephemeralKeyPair":{"pubKey":"BQ3ahC76SrHEo3wiM2+YGmPo8fntgy4uCOpjV8fcMf89","privKey":"MIrMaVGE0+ovkTaKAkA4urZMQ5JfKgscT2H80gUD/lQ="},"lastRemoteEphemeralKey":"BTHjWAPO39A/y2gIuF8JzDTDSTnk96+Fm8THqQzF95Qi","previousCounter":10,"rootKey":"zAuPcaG4hnIddtpRUgf7hc3Ax5QZVCGQPvDQN8Uchuo="},"indexInfo":{"baseKey":"BTMsTEZsv42CLoUF0DfL3+6+0/0Pi1hF54Vb8wvhhhdd","baseKeyType":1,"closed":-1,"used":1738928568338,"created":1738069366802,"remoteIdentityKey":"BWDxyymuPP3mo1/Qn0ttCubpaP2vbKRnkwFx3IH3PGt5"},"_chains":{"Ba6Xx29KwKsUOoBv8xK6TR82o4fEMCJs0Fno3pWshhh/":{"chainKey":{"counter":0},"chainType":2,"messageKeys":{}},"BTHjWAPO39A/y2gIuF8JzDTDSTnk96+Fm8THqQzF95Qi":{"chainKey":{"counter":0,"key":"mkT5rhQ8pnDS8QP/dU/XR7wg/nwkeTh63usahMw+BCM="},"chainType":2,"messageKeys":{}},"BQ3ahC76SrHEo3wiM2+YGmPo8fntgy4uCOpjV8fcMf89":{"chainKey":{"counter":0,"key":"MK5J4Ek2s6RwPMNhd+w4/GIMdINO9bAMwDYfB1UhuTA="},"chainType":1,"messageKeys":{}}}}},"version":"v1"}