{"version":9,"hash":{"type":"Buffer","data":"zkQjSPRM09l+pCFh4r9W8rgfd+EOBryXoyzr44Zo/ew3TqWCj0b8BP1YSbU4Xifww+alO0WUuHl1j5aHZiFlGB3/8AQRozuadMY3jOVM0JdyfMOxT1aTvbIdPeeVd5VYm/BWgGz8EtrV3UHHpUEHQh1vctXv+ulS5j86smduNoU="},"indexValueMap":{"Q7ja1iNYCz+YzIUTOsPi/sw63WshgQlckXVt6AplLXY=":{"valueMac":{"type":"Buffer","data":"5dJLDbVfiNEhdhekdxWroIntmKLBlzn9W5zFFrJgtjk="}},"X+9u5y3U3vdY4gUbqVnt4UXOouArDt4R8FgwuW9bEsM=":{"valueMac":{"type":"Buffer","data":"QT1Cp48mYsNVCKVuPXty8gZ7JeuarMsS6fviiyWiXw0="}},"9H8YPJp7M20matdSvfICLBXzuEclQwEbaumi+QkfUoY=":{"valueMac":{"type":"Buffer","data":"k/UuAnL6Yb40s+gwD7zbI13JfnKBPwhQQLOFVb4/raY="}}}}