[{"senderKeyId":1582649289,"senderChainKey":{"iteration":1,"seed":"JrHeM+2KYcoiemCpl4ybQslPaGcqOe1vP0eeBaA/aFU="},"senderSigningKey":{"public":"Ba2haxWo0hM82RPbfJcCRzRNNCFqGZ93xuDqY1RYENAX"},"senderMessageKeys":[]},{"senderKeyId":1182727020,"senderChainKey":{"iteration":17,"seed":"1ydJrnlx0KCv6ZCRKJ9JfB5WRD1w33lB41x2Amy+M+A="},"senderSigningKey":{"public":"BW6vm1tL/ruZ0eAAW4dycBSVI4ibgN34UraFPwENTm4+"},"senderMessageKeys":[]},{"senderKeyId":1182727020,"senderChainKey":{"iteration":2,"seed":"WSTjprkOuPRTgPbVv5djyr5npuKDY2oZEw7Bq9yFz3A="},"senderSigningKey":{"public":"BW6vm1tL/ruZ0eAAW4dycBSVI4ibgN34UraFPwENTm4+"},"senderMessageKeys":[]},{"senderKeyId":1182727020,"senderChainKey":{"iteration":3,"seed":"ec1bgqyYfl4EoVqu24P8FhUARVs0zCMeaYMlUc9qm8k="},"senderSigningKey":{"public":"BW6vm1tL/ruZ0eAAW4dycBSVI4ibgN34UraFPwENTm4+"},"senderMessageKeys":[]},{"senderKeyId":759282867,"senderChainKey":{"iteration":3,"seed":"TfjumjyFMi7aqDbgFjmeqKT7cnSQ3QiHt7gXk0V+O88="},"senderSigningKey":{"public":"BX4wXWECWXuSXrHljNNGeNhvRALfASNf+T9CYOADf9s6"},"senderMessageKeys":[]}]