[{"senderKeyId":593570989,"senderChainKey":{"iteration":1,"seed":"bBRbgk1W1qKk07rTCfue5Dkskn0zNbNJR83Gi+8gwTs="},"senderSigningKey":{"public":"BTafJUaDFnnNtJehKBSMq2iZgKrCFRSEj0ulsBhRmABI"},"senderMessageKeys":[]},{"senderKeyId":901124315,"senderChainKey":{"iteration":5,"seed":"bwRPfgtW7JXaLt4omM3+IEXTIE2ALf8r98wvLIC8DIo="},"senderSigningKey":{"public":"BTQcbRMGMQUjXrqZOwT1h3aWx2zSYY7OmdjYiHtDaBky"},"senderMessageKeys":[{}]},{"senderKeyId":901124315,"senderChainKey":{"iteration":4,"seed":"fs5wZaEtAsRMRoHScxTaKnKsAm8KZQ+yD2FK+znFGtc="},"senderSigningKey":{"public":"BTQcbRMGMQUjXrqZOwT1h3aWx2zSYY7OmdjYiHtDaBky"},"senderMessageKeys":[]},{"senderKeyId":10739137,"senderChainKey":{"iteration":7,"seed":"D2ZgeHpzyYoCuTC+W25ZApLaNdthIVnzlcmT0gCuzMs="},"senderSigningKey":{"public":"BXCuhfdi20A3Ivi0br11+n9SzPNrfjvuQs4E2YToZ/gp"},"senderMessageKeys":[]},{"senderKeyId":10739137,"senderChainKey":{"iteration":1,"seed":"7j7C0LbBHPWglEA8SXwTe/15CEIHQ6CTjyM9mVl1Yb0="},"senderSigningKey":{"public":"BXCuhfdi20A3Ivi0br11+n9SzPNrfjvuQs4E2YToZ/gp"},"senderMessageKeys":[]}]