[{"senderKeyId":677075353,"senderChainKey":{"iteration":2,"seed":"7v7HhOhoQxyjwkYv5SbPZxmAbZTTIlL0ckhw1c6qt0g="},"senderSigningKey":{"public":"BdVk7VD1gjxvLvOpjxbt7vlXATiVMA8aVMD3hToK5W1U"},"senderMessageKeys":[]},{"senderKeyId":1112181702,"senderChainKey":{"iteration":1,"seed":"jUg/+KlKFPxqfcE6XAcGEOI1FjEd3TFjsw2NzjIODxQ="},"senderSigningKey":{"public":"BbJvc8RPf8MysUfmUzFI+u4I7acv/KJ9LsKN7UFamJEH"},"senderMessageKeys":[]},{"senderKeyId":774893168,"senderChainKey":{"iteration":3,"seed":"HHVaFWkkld279r4zW1jkZcEKuP9HObOONw0zNLl82bI="},"senderSigningKey":{"public":"BVRF+Nk8G5e0SmuIeGSBHBHP6lnaPdVBQOouCL61q2Uy"},"senderMessageKeys":[]},{"senderKeyId":1667312516,"senderChainKey":{"iteration":1,"seed":"AYzMrSJ7fkcUFISWfQyenNjypvOp8v3kr7Vvz8cwbyc="},"senderSigningKey":{"public":"BW8+blRGpVwefrZJTYrAqrA6iI6cwd6IQnOR5MEDYxA5"},"senderMessageKeys":[]}]