[{"senderKeyId":89548274,"senderChainKey":{"iteration":2,"seed":"KkXcQZv+ACAKAReULrGfRIoYRzP83nuZ6z2PlK01nbA="},"senderSigningKey":{"public":"Bb4nky/h2vgOWdV7h80ll5ie3Azv1x+OFnLT907ruVN9"},"senderMessageKeys":[]},{"senderKeyId":1490366965,"senderChainKey":{"iteration":15,"seed":"q0jE5HAre3kwg0cQlW0+3Ia7xXbabyxsd1suU4bVbSY="},"senderSigningKey":{"public":"BWM1iEXrMZd1orfvni2wtvyVzlW6YZqf/R0qcqygbulY"},"senderMessageKeys":[{}]},{"senderKeyId":1049420027,"senderChainKey":{"iteration":25,"seed":"UJrHW5cCdFOEpITbAP4TQ1C3D5rRvRCKVnan3duI5u4="},"senderSigningKey":{"public":"BalyJSsTP52IuJspnd7fnUv7f5RMXmzXlwTsEUthCE5A"},"senderMessageKeys":[]},{"senderKeyId":1049420027,"senderChainKey":{"iteration":11,"seed":"rQwvdA9YM3c/mU+bq7Mk1OJkX+3YgRRb5LYAFNAma6c="},"senderSigningKey":{"public":"BalyJSsTP52IuJspnd7fnUv7f5RMXmzXlwTsEUthCE5A"},"senderMessageKeys":[]},{"senderKeyId":1228309707,"senderChainKey":{"iteration":1,"seed":"mNFRJs8TsQLJdIO9kH6JO6FFN3TPGJF9YdfhQ1yehyE="},"senderSigningKey":{"public":"BeHwD4oJb0znNdlAVFk9hpzkwy/vqdIvolxuJogLeG4t"},"senderMessageKeys":[]}]