[{"senderKeyId":976822488,"senderChainKey":{"iteration":7,"seed":"bwEK0X4pHy/eKf/NikoYmoqvEgELNiCBG91UpvO3zw0="},"senderSigningKey":{"public":"BdnyLk6RHo4TYUMrbI33//j4lHKeON1bJUvFkUWgNRY+"},"senderMessageKeys":[{},{},{}]},{"senderKeyId":976822488,"senderChainKey":{"iteration":1,"seed":"GugSo9TpJaw6lw6alYe8mQmuo2fMXuJaPL0SGSpwIPE="},"senderSigningKey":{"public":"BdnyLk6RHo4TYUMrbI33//j4lHKeON1bJUvFkUWgNRY+"},"senderMessageKeys":[]},{"senderKeyId":976822488,"senderChainKey":{"iteration":3,"seed":"zpXUugRtfKZd9/Seuqm6HUTcTBd8fHVAfDCdHhpd41U="},"senderSigningKey":{"public":"BdnyLk6RHo4TYUMrbI33//j4lHKeON1bJUvFkUWgNRY+"},"senderMessageKeys":[]},{"senderKeyId":976822488,"senderChainKey":{"iteration":5,"seed":"XCBvFL6RgPwZZC+GpEs51EE0olTfNNa0U1rPPPfKkJc="},"senderSigningKey":{"public":"BdnyLk6RHo4TYUMrbI33//j4lHKeON1bJUvFkUWgNRY+"},"senderMessageKeys":[]}]