[{"senderKeyId":883305756,"senderChainKey":{"iteration":1,"seed":"/8DHnqRwkynNjoaohdp2A2devSPOXOCPelT1oFb068I="},"senderSigningKey":{"public":"Bci8wBZ5/GuFFPD0UVGRHfwRsbskhMqJSldDoIespC1l"},"senderMessageKeys":[]},{"senderKeyId":1228798465,"senderChainKey":{"iteration":3,"seed":"wZt1+PtOJdzxJXD81C8ifqNsC9B5mPzFaCdnfGVADWU="},"senderSigningKey":{"public":"BTZmThhaGWw3kQvs0JRqYfz3FAZJQY0s6fhD1WXY7ApI"},"senderMessageKeys":[]},{"senderKeyId":1284082846,"senderChainKey":{"iteration":3,"seed":"pD01tZk+vwnhWAing8Q9223iJFTscpwnUGjNZ1gKHgM="},"senderSigningKey":{"public":"BSFWza5KVjQDW8GsK1ai5jXIsSpdPXqUXDwXGpkaKx9k"},"senderMessageKeys":[]},{"senderKeyId":1284082846,"senderChainKey":{"iteration":1,"seed":"m0JpvCPusKd0DB/u++G80w+d7pGKJzUoYU/Hnt6WQqk="},"senderSigningKey":{"public":"BSFWza5KVjQDW8GsK1ai5jXIsSpdPXqUXDwXGpkaKx9k"},"senderMessageKeys":[]},{"senderKeyId":1284082846,"senderChainKey":{"iteration":2,"seed":"+V2NL5veY920UTM01u+/ireR94qPBAdISqNFSmRmBK8="},"senderSigningKey":{"public":"BSFWza5KVjQDW8GsK1ai5jXIsSpdPXqUXDwXGpkaKx9k"},"senderMessageKeys":[]}]