[{"senderKeyId":545456638,"senderChainKey":{"iteration":1,"seed":"mPOc5yVnVrCcvJi+Leusk/jLnJRWwKeGZQZK7ieiG6U="},"senderSigningKey":{"public":"BTjDdRXOwwjXLC8MzTv7sICkvVUUkpTMnCVAfUZUC/gp"},"senderMessageKeys":[]},{"senderKeyId":1848010873,"senderChainKey":{"iteration":6,"seed":"AYNTlSiLsbJbCZq02X92pmWPvUIZEZCZDpvyZOt1juE="},"senderSigningKey":{"public":"BWB7Jb+WipqcQxwwidrckur6dk2I+pk8jqqt6KfpYY4j"},"senderMessageKeys":[]},{"senderKeyId":2108673989,"senderChainKey":{"iteration":8,"seed":"afAhu1RznAOp1Gs6c3tTEF2Uvr19T7lFT3gWW/l2pts="},"senderSigningKey":{"public":"Bcb5QWlt3T+Zezt0SLNsiibvBbTfIain+e7KUptPOdBw"},"senderMessageKeys":[]},{"senderKeyId":2108673989,"senderChainKey":{"iteration":4,"seed":"w9aBYsozjHnAY3w3IlczRfs8A41mhUNQKl1QaqEq8Vo="},"senderSigningKey":{"public":"Bcb5QWlt3T+Zezt0SLNsiibvBbTfIain+e7KUptPOdBw"},"senderMessageKeys":[]},{"senderKeyId":2108673989,"senderChainKey":{"iteration":6,"seed":"AmUjMtc12ldLEqO/mTef3vgOmt+Fw9f3nzMpocoscy0="},"senderSigningKey":{"public":"Bcb5QWlt3T+Zezt0SLNsiibvBbTfIain+e7KUptPOdBw"},"senderMessageKeys":[]}]