[{"senderKeyId":1509104335,"senderChainKey":{"iteration":1,"seed":"tOgdOvqjMWN+liAaTQW60gQc1XtEqS++qoSFsPziPyI="},"senderSigningKey":{"public":"BXhOKNJ08UDYDEuj8EtFUZ3p8Hs2h8vWfbOoJMEmX0N6"},"senderMessageKeys":[]},{"senderKeyId":2128490255,"senderChainKey":{"iteration":1,"seed":"GbAeZ6zLCPZF+tT3bhOq/OGThbmrUhpRskZhggonwW8="},"senderSigningKey":{"public":"BVQBmrSYIw4NRmErLs5AnjhqXPl3G7o2OsLq8oLYUMwo"},"senderMessageKeys":[]},{"senderKeyId":1640325443,"senderChainKey":{"iteration":3,"seed":"x0PtQhO6EIien2dYoZyNSujG9Za2ln4hXzb4qWWg5PI="},"senderSigningKey":{"public":"BUMjlVZ2+eckpPaoPNHm13PY7GG7XWSCJJQA63TBsE4q"},"senderMessageKeys":[]},{"senderKeyId":1640325443,"senderChainKey":{"iteration":2,"seed":"4PRDpl8d0TwWQT0UGqg5i73fzUSisyIVqyxPQ337RWM="},"senderSigningKey":{"public":"BUMjlVZ2+eckpPaoPNHm13PY7GG7XWSCJJQA63TBsE4q"},"senderMessageKeys":[]},{"senderKeyId":2032739979,"senderChainKey":{"iteration":2,"seed":"rp9Zzdj0d0pAgIHoRzLaVOJFcf0h/Sh/R4N6LQqPjZs="},"senderSigningKey":{"public":"Ba6utHFxmei0kYPMsJdOHYV5rcbTXHOkyE0vblwmJ0gF"},"senderMessageKeys":[]}]