[{"senderKeyId":1984082496,"senderChainKey":{"iteration":3,"seed":"eBlqMsA00mnAJDwuEQoKg3qttdlXjzLNnsEInRRA1WY="},"senderSigningKey":{"public":"BSfjj+WH01V/7ygj8lixZtffY0XTEx36tZ5q+d/I6hNz"},"senderMessageKeys":[]},{"senderKeyId":1945884427,"senderChainKey":{"iteration":5,"seed":"7A18YEsRN+FCpq/urIXmaNOXAnN29rfw2k3YYIL8S7w="},"senderSigningKey":{"public":"BfVnpsXbFtAib7RwHK5mHh+uXBScwB3IyQ2j/6J9Vh4C"},"senderMessageKeys":[]},{"senderKeyId":1302194083,"senderChainKey":{"iteration":77,"seed":"d6dtUJRvsqpzNZUc1kPZhx2cvQCNpeUVDoizgegy+aY="},"senderSigningKey":{"public":"BQF40jUIhh5NkZLsxV5RhXKeuVTeqXdOIcb2lmaZlJpp"},"senderMessageKeys":[{},{},{}]},{"senderKeyId":1302194083,"senderChainKey":{"iteration":20,"seed":"UOxbQTVUxd82h+ryiBKfemk77OMJX0pbzvDr9Htmzuo="},"senderSigningKey":{"public":"BQF40jUIhh5NkZLsxV5RhXKeuVTeqXdOIcb2lmaZlJpp"},"senderMessageKeys":[]},{"senderKeyId":1302194083,"senderChainKey":{"iteration":76,"seed":"PwpnvY/1/jJ1tPLtoyisagI1nuHPftKrJHZ1U4Ar5Rc="},"senderSigningKey":{"public":"BQF40jUIhh5NkZLsxV5RhXKeuVTeqXdOIcb2lmaZlJpp"},"senderMessageKeys":[]}]