[{"senderKeyId":1646741060,"senderChainKey":{"iteration":12,"seed":"CKedsaAu2Sudk+GJ3CZYtNplnevNxgnpbgz1+aDpXrA="},"senderSigningKey":{"public":"BQlzTqUQ9JUx31ABJC2tpBintBlxOcgbz6gWCw5z1mgw"},"senderMessageKeys":[]},{"senderKeyId":1646741060,"senderChainKey":{"iteration":4,"seed":"XcyGLxYG0OzI+P43nkQLQDov0AvpbtLsDaKMnQNeVAI="},"senderSigningKey":{"public":"BQlzTqUQ9JUx31ABJC2tpBintBlxOcgbz6gWCw5z1mgw"},"senderMessageKeys":[]},{"senderKeyId":1832733873,"senderChainKey":{"iteration":4,"seed":"pCectPLr+jdPLBI1uP+oItWGbJHLJrt7w2hLPlEntZk="},"senderSigningKey":{"public":"BZm1pJ45u+QJ9AXXLBAtwzLrQHD9ZhOyacg6JdDU+JgL"},"senderMessageKeys":[]}]