[{"senderKeyId":1248160461,"senderChainKey":{"iteration":175,"seed":"xbR6EOipHmvaGjzXwaRHCchZi+SSzKNr+CFm+pbhw+Q="},"senderSigningKey":{"public":"BTF7d21On2PpPXuCGFJM3N11jK1JaqvYqVLoTUACkVV1","private":"uK7G97jaKlgFoY33Q4+G+itfcxhurISKq5er4coLano="},"senderMessageKeys":[{},{},{},{},{},{},{},{},{},{},{},{},{},{},{},{},{},{},{},{},{},{},{},{},{},{},{},{},{},{},{},{},{},{},{},{},{},{},{},{},{},{},{},{},{},{},{},{},{},{},{},{},{},{},{},{},{},{},{},{},{},{},{},{},{},{},{},{},{},{},{},{},{},{},{},{},{},{},{},{},{},{},{},{},{},{},{}]}]