[{"senderKeyId":1676386481,"senderChainKey":{"iteration":9,"seed":"lTZU9Cfff8Npi5xwhDi5NjQGZmG41UkwAw0rxgz4xeM="},"senderSigningKey":{"public":"BXRrurM+JW46aglkI4Oj7VtkDXsaU0OjN+JEw2UYuoRr"},"senderMessageKeys":[]},{"senderKeyId":384946494,"senderChainKey":{"iteration":63,"seed":"Ri70QGdnaX/vHSwILwWgzSAJTFwtD64mJ6F/gbP4dys="},"senderSigningKey":{"public":"BfxtlBFND84C1yMAjHazG9cLgDXAYFdc05ylG1ErmwNB"},"senderMessageKeys":[]},{"senderKeyId":384946494,"senderChainKey":{"iteration":14,"seed":"p8V+pSoPY8wONfsLx5jier/N7VE8vpGdW4bK7hM7deU="},"senderSigningKey":{"public":"BfxtlBFND84C1yMAjHazG9cLgDXAYFdc05ylG1ErmwNB"},"senderMessageKeys":[]},{"senderKeyId":384946494,"senderChainKey":{"iteration":16,"seed":"enpUwt3GyDT2El0eVr2AGjeUKREQD+ysf7QwmjaQDVo="},"senderSigningKey":{"public":"BfxtlBFND84C1yMAjHazG9cLgDXAYFdc05ylG1ErmwNB"},"senderMessageKeys":[]},{"senderKeyId":384946494,"senderChainKey":{"iteration":61,"seed":"vOxlU5l2Y2JBzUc5gT4uKSZPqgGUwbYcb0S56FztjMo="},"senderSigningKey":{"public":"BfxtlBFND84C1yMAjHazG9cLgDXAYFdc05ylG1ErmwNB"},"senderMessageKeys":[]}]