[{"senderKeyId":1184797300,"senderChainKey":{"iteration":40,"seed":"c3KJHMG7CO3qMynmh6YwNfKXEbYjN3DuYSYDMp1YWu8="},"senderSigningKey":{"public":"BaUaCQVFpD8BFIL4wjKAbvZ2WxIwh6hi9/TxkCKCCFwq"},"senderMessageKeys":[]},{"senderKeyId":465592704,"senderChainKey":{"iteration":62,"seed":"wxwfkOoooS8UgvzasmyBPZcgPv68owbljFpo75Smzxs="},"senderSigningKey":{"public":"BfGKoeQY9X988yBlynHE/wsRtxUpVlkI1nu55c+RyEVG"},"senderMessageKeys":[{}]},{"senderKeyId":465592704,"senderChainKey":{"iteration":17,"seed":"IqKctHhobV6liJE5aEdbp1HarYOyvklqk2GDg7HcQ+o="},"senderSigningKey":{"public":"BfGKoeQY9X988yBlynHE/wsRtxUpVlkI1nu55c+RyEVG"},"senderMessageKeys":[]},{"senderKeyId":465592704,"senderChainKey":{"iteration":41,"seed":"2sn2aOVX1mtCt0j7D/Dm4HY6iKkmrlZpC4pcgSrqKQc="},"senderSigningKey":{"public":"BfGKoeQY9X988yBlynHE/wsRtxUpVlkI1nu55c+RyEVG"},"senderMessageKeys":[]},{"senderKeyId":2037793392,"senderChainKey":{"iteration":7,"seed":"2FfWQ/qkW+i7Fy+j5ghRifjBMOP/pSAILVmPAr3bw9k="},"senderSigningKey":{"public":"BdlZ/762YvwOc5rBru3Puhg0ky20UXxH3Wao+GRdWVFB"},"senderMessageKeys":[]}]