{"_sessions":{"Bf17y8Q+JRVIAYP6hYBoQfax1RcXJ9fezWD1Ioqg6PQV":{"registrationId":1077776908,"currentRatchet":{"ephemeralKeyPair":{"pubKey":"Bd3ByPkapA3efU6aRsl36CJr0l7iFHstJHA7kd3sb4IK","privKey":"2GZKN+SyAkFW974y6PhMTWPHBg3m7OQtdNtTVuMgkkY="},"lastRemoteEphemeralKey":"BfcEas8Yt4DO4ppX8OyCv2AVx7Vg6wHpg+91m4ULyQp+","previousCounter":0,"rootKey":"xlXORKwFIKdJE5pPngnyXgFamM4dGWaDouhI7xFYzZA="},"indexInfo":{"baseKey":"Bf17y8Q+JRVIAYP6hYBoQfax1RcXJ9fezWD1Ioqg6PQV","baseKeyType":2,"closed":-1,"used":1738111496962,"created":1738111496962,"remoteIdentityKey":"BVH+gGAOPOFFaDW3PUnaYt2rofNZ+KMw+doCvh/u0AZ9"},"_chains":{"BfcEas8Yt4DO4ppX8OyCv2AVx7Vg6wHpg+91m4ULyQp+":{"chainKey":{"counter":10,"key":"suHI1v1o5jEIE3wRshdUg44Up8QrBifnNwcq2wovwdo="},"chainType":2,"messageKeys":{"1":"ZPQ8BAka4zWLLAjd98PTmOIUzNzsEvrerh7Nv9VGdTk=","2":"3BEgeoPDUBguiMnlcFr7G1tbTczzYLj1nMiWOPRTwDo=","3":"2n9ivF61CF6DuPcagTOXrPorRa8VADEmx9Wn+fQWDcE="}},"Bd3ByPkapA3efU6aRsl36CJr0l7iFHstJHA7kd3sb4IK":{"chainKey":{"counter":-1,"key":"krr509Lrr+glaORUthRtNh5hkifAHFVKPsaedH1XB2A="},"chainType":1,"messageKeys":{}}}}},"version":"v1"}