{"_sessions":{"BedZo5ItbmP8ptmCJlflrO4C7JPGevH9a7rCyxk4zlB+":{"registrationId":1267287180,"currentRatchet":{"ephemeralKeyPair":{"pubKey":"BSVGCyJ4nevf3iLS0lofsvtJ5+f2qfURmaut+DAZSUpC","privKey":"MOpuQ/56wvcyXDliyGyh2EAz7aRoD8C/CsGZ7duAvW4="},"lastRemoteEphemeralKey":"BW8MYFWtXPivGmFUSKVAjyU8iIqN1ezrnU0exZQkO2kf","previousCounter":0,"rootKey":"iRguxECQL6mO2U/XEywShxWsOtVTmrTkUYoUvP87+J4="},"indexInfo":{"baseKey":"BedZo5ItbmP8ptmCJlflrO4C7JPGevH9a7rCyxk4zlB+","baseKeyType":1,"closed":-1,"used":1738262484217,"created":1738262484217,"remoteIdentityKey":"BXSs0JlAFLHexkJZlxNeeVA5JsPswTwzYGhECCNwAow4"},"_chains":{"BSVGCyJ4nevf3iLS0lofsvtJ5+f2qfURmaut+DAZSUpC":{"chainKey":{"counter":1,"key":"j5kp4WgLrnhj47P8YA82r6qEa+HrYHucRFXeJe66W+U="},"chainType":1,"messageKeys":{}}},"pendingPreKey":{"signedKeyId":11027052,"baseKey":"BedZo5ItbmP8ptmCJlflrO4C7JPGevH9a7rCyxk4zlB+","preKeyId":2633}}},"version":"v1"}