{"_sessions":{"BX1nVmekfE22xiS99trlxOn2Bg7y2RdX5TAv9/rilQBA":{"registrationId":5120,"currentRatchet":{"ephemeralKeyPair":{"pubKey":"BenfgvCs0C1VxmOEZnB7vVOJAC/eO4PBm458YlgfXFZP","privKey":"aCbRh/vpz4qc/5WNbBPfkDyMDzI0BdchMRaUXvB9VEw="},"lastRemoteEphemeralKey":"BafvSqj2dmaqb60nipMqYeO5O9IUBNaB4ZcYwBmE/HV/","previousCounter":0,"rootKey":"T4JRJ9DQtwgwEFIPL/uAnl0TMkMfU8N/mpQG6aMPocM="},"indexInfo":{"baseKey":"BX1nVmekfE22xiS99trlxOn2Bg7y2RdX5TAv9/rilQBA","baseKeyType":1,"closed":-1,"used":1738417576587,"created":1738417576587,"remoteIdentityKey":"BXZdoKcqcfiuQtcV5IESrV8h4/sAG6sdlldI4WKgqm1X"},"_chains":{"BenfgvCs0C1VxmOEZnB7vVOJAC/eO4PBm458YlgfXFZP":{"chainKey":{"counter":10,"key":"WymV9YKINgbM+CTDY/NUPTSJrOyGR7dBfBqPPfpw83Q="},"chainType":1,"messageKeys":{}}},"pendingPreKey":{"signedKeyId":2,"baseKey":"BX1nVmekfE22xiS99trlxOn2Bg7y2RdX5TAv9/rilQBA","preKeyId":755}}},"version":"v1"}