{"_sessions":{"BX2vA4ma7ZQirz7tPbXqPTjPxEoQ7EyVjmJtcMoTAmww":{"registrationId":903319957,"currentRatchet":{"ephemeralKeyPair":{"pubKey":"BfVb9PoSyiWxwrXfb/Fsd25jU82j1BOff3WgvjhuAcNc","privKey":"6Oeazw1Dt0sweRGo2IbnanZK8AmXNtseZxnqgqOcXFY="},"lastRemoteEphemeralKey":"BQwXKb4jmItDz3EMbh7xWTjnLp5ypAvBFGx3fho3gaor","previousCounter":0,"rootKey":"k9RRUcLA6sTx+cccGp3ds0rJC5aUfN96UU08e/n61Zg="},"indexInfo":{"baseKey":"BX2vA4ma7ZQirz7tPbXqPTjPxEoQ7EyVjmJtcMoTAmww","baseKeyType":1,"closed":-1,"used":1738918307391,"created":1738070238520,"remoteIdentityKey":"BZs2lRlQTOSU2cXL3f9gOF/rkdOU9IlJovStgAF0M8wn"},"_chains":{"BbTWinzkciiw1GeUaE2otRyOmd8QtDsN6bpyybkXGJdP":{"chainKey":{"counter":2},"chainType":2,"messageKeys":{}},"BTqxNh+neKV6pwyxSiQeU1pEuV2ZxxXGI+Umv1SMEOdK":{"chainKey":{"counter":16},"chainType":2,"messageKeys":{}},"BR4KyJ2GVXd2zuAsYswInhb3NXSiVq8VNPKGbtvpy3gC":{"chainKey":{"counter":1},"chainType":2,"messageKeys":{}},"BVxTWNgXsaoWUQFxrU/xS/5jesP4MPLpCW9Z6VQLVN1r":{"chainKey":{"counter":4},"chainType":2,"messageKeys":{}},"Ba+zCwzoMc94QnWAeEmjLCuG5+qMsKjFwpGQ8b5b/swD":{"chainKey":{"counter":0},"chainType":2,"messageKeys":{}},"BVSdoYmTASKecUqfAyDmYBoWRK/YQZtzzsJct8IDhkhx":{"chainKey":{"counter":0},"chainType":2,"messageKeys":{}},"BdSI50Vwty2KSQv2KGGXKQDj3LkEn5apRYwivbei0M8z":{"chainKey":{"counter":0},"chainType":2,"messageKeys":{}},"BQma832P+tOJwSvQOdudcsDpl80fjgEsSI8bWH/rl3l5":{"chainKey":{"counter":1},"chainType":2,"messageKeys":{}},"BQwXKb4jmItDz3EMbh7xWTjnLp5ypAvBFGx3fho3gaor":{"chainKey":{"counter":1,"key":"ZX5/ALCNOUlw+uMW3Kx3bhoO1FXlrRikL7gSqGJd2ko="},"chainType":2,"messageKeys":{}},"BfVb9PoSyiWxwrXfb/Fsd25jU82j1BOff3WgvjhuAcNc":{"chainKey":{"counter":-1,"key":"H8pOKcvuTfqKrBIJRQBwQPeuA8BhP252Vnx+rP8x/rc="},"chainType":1,"messageKeys":{}}}}},"version":"v1"}