{"_sessions":{"BcDvxHzegDaz9Cul7XSBzD/IlQxon4KX4Ib4ynSeyy45":{"registrationId":1303873716,"currentRatchet":{"ephemeralKeyPair":{"pubKey":"Bdf0hE6Dx2opKCyjyHk8SHwDdPcSe4P/purcmkzzh1xs","privKey":"WFk80yTQlISgeBZmre26ctI2dIig6zFG6oEexLvuVVM="},"lastRemoteEphemeralKey":"BS784mAoyMffK/RAhIE++M4u1jF422KgDLgMgpV/FK5e","previousCounter":0,"rootKey":"3PQjCtYvLrBVSeOwT+no/oUH/65H5jZ3nRvFNnY0FPs="},"indexInfo":{"baseKey":"BcDvxHzegDaz9Cul7XSBzD/IlQxon4KX4Ib4ynSeyy45","baseKeyType":1,"closed":-1,"used":1738930392370,"created":1738150278051,"remoteIdentityKey":"Bao518GjUbMKXq/iLrRYndq8EMdO16x08Uds0Ulq2fpQ"},"_chains":{"BUdu5+tD0Rol+SxwP/pxugUywv6yrFe3ippWbFymmfov":{"chainKey":{"counter":0},"chainType":2,"messageKeys":{}},"BapOqQhtmW5VhmP5h3KgMN50y2AVJhAjtAq8fqT5Axpw":{"chainKey":{"counter":0},"chainType":2,"messageKeys":{}},"BYjs4vrcJOH5hqRAZPHt09VDX+f87CeBqKm5IczHKcJx":{"chainKey":{"counter":0},"chainType":2,"messageKeys":{}},"Bcfk4t6TArB3kB16Rp9YLvFrkz7CjleSbrCO6puMorFh":{"chainKey":{"counter":0},"chainType":2,"messageKeys":{}},"BQbLNPECfTBi6flMvn+k6GfXbY0WySLBShV1pyI4AEwH":{"chainKey":{"counter":0},"chainType":2,"messageKeys":{}},"BTZNF/LB1wrE80YOt5G+RDJGGdkv2p62+zx+1i4faWF1":{"chainKey":{"counter":0},"chainType":2,"messageKeys":{}},"BWblxFC7Qnnw6wqD9cdoTX5cniSiswIQtwx6tp4iX0sM":{"chainKey":{"counter":0},"chainType":2,"messageKeys":{}},"BRIRNkDDIdvfKFGYd+89BrnLBND6sAIBMGcLZt8anHhP":{"chainKey":{"counter":0},"chainType":2,"messageKeys":{}},"BZzl0x4zrk116Q7pQQrM3B8O+J01ZUNU8gf5O/l/XNYM":{"chainKey":{"counter":1},"chainType":2,"messageKeys":{}},"BRu9BbUx+nOgDu9OqC6XF/ONfPWGmLFWjGADoxQLPgsc":{"chainKey":{"counter":0},"chainType":2,"messageKeys":{}},"BRDRWrhwOfnunBCaLUHvr2ict0c0AsVTVrBpkvW8sZ1+":{"chainKey":{"counter":0},"chainType":2,"messageKeys":{}},"BV2WdcT1R1D8vRUltcbEnzhV9jRf3KlZdT2Yk1p5omRQ":{"chainKey":{"counter":0},"chainType":2,"messageKeys":{}},"BW14btHH0JPgY3iprcDTz1UVuTmLubvrKFBwEOLjAJ8N":{"chainKey":{"counter":0},"chainType":2,"messageKeys":{}},"BQZn43qD23vLisjqZhkIjAZEWhIHeHZ8HAJZ7/tIR2Im":{"chainKey":{"counter":0},"chainType":2,"messageKeys":{}},"Ba+3Rd5OzOE7BqU6KjoVU0NBZgBWEN6GXn3m3mwJQG4C":{"chainKey":{"counter":0},"chainType":2,"messageKeys":{}},"BX74bWBVZNI7mlUccqnI0fl8nwAFYS3DIZ03QzblGmIP":{"chainKey":{"counter":0},"chainType":2,"messageKeys":{}},"BS784mAoyMffK/RAhIE++M4u1jF422KgDLgMgpV/FK5e":{"chainKey":{"counter":0,"key":"LTzpYl0yfJxTRnX5WnWbMg3ZECbCDgnL8J+CSBzTILg="},"chainType":2,"messageKeys":{}},"Bdf0hE6Dx2opKCyjyHk8SHwDdPcSe4P/purcmkzzh1xs":{"chainKey":{"counter":-1,"key":"3zextkBHref05D3+rW7Kf6lYQH85S8+s4Y1J/rYnxH8="},"chainType":1,"messageKeys":{}}}}},"version":"v1"}