{"_sessions":{"BQmj0EH/qQgCOxEliY382H7XjfarYYXsbkuoHmM02Owj":{"registrationId":11114,"currentRatchet":{"ephemeralKeyPair":{"pubKey":"BWMiYNg/Ku57fF8v2VYULTJDITnUrt2XWCixf6Z59IEU","privKey":"0KFcpNQhkXtCQP+hsrortwhVCk9pNB80u5RZYrn8iVo="},"lastRemoteEphemeralKey":"BdFMJ7Aex/p/Bj9ZRlxCzv5tcCQu42dTKdNgwWGbuxUi","previousCounter":0,"rootKey":"d/vXJGJusjDCwJgRb21pF39Ur9fB31SxsW+Tu/W4EBw="},"indexInfo":{"baseKey":"BQmj0EH/qQgCOxEliY382H7XjfarYYXsbkuoHmM02Owj","baseKeyType":1,"closed":-1,"used":1738494786582,"created":1738494786582,"remoteIdentityKey":"BWJ0bEij6SMJMe/nLYsmEMNnOPmgwr4xhx+ynYS/SDIQ"},"_chains":{"BWMiYNg/Ku57fF8v2VYULTJDITnUrt2XWCixf6Z59IEU":{"chainKey":{"counter":9,"key":"h88JpLNI/6kbPSRFUR23li6vs+D1gBzZXv+eTqhVQAY="},"chainType":1,"messageKeys":{}}},"pendingPreKey":{"signedKeyId":1,"baseKey":"BQmj0EH/qQgCOxEliY382H7XjfarYYXsbkuoHmM02Owj"}}},"version":"v1"}