{"_sessions":{"BYo7RU7gmmcF6ehLBgq4UU/DdP487wNYU77YhVkbss4i":{"registrationId":724244602,"currentRatchet":{"ephemeralKeyPair":{"pubKey":"BR2deLiO5HpE/GJp2ShFlWTRUx354501gld78qvDIE5U","privKey":"8Inw/99vF0FyQnEvG/lE7AlgTPs7y2ubVZ2aNh9WEng="},"lastRemoteEphemeralKey":"BXCaDOYqG4anWevr9gugOB0PiFZgpLZ9OqNs+/F6tABh","previousCounter":2,"rootKey":"ZgCKwIU1AzXCV+64vvc2Xt7IodP66wRvOgF50Fg2fqk="},"indexInfo":{"baseKey":"BYo7RU7gmmcF6ehLBgq4UU/DdP487wNYU77YhVkbss4i","baseKeyType":1,"closed":-1,"used":1738890428211,"created":1738070238360,"remoteIdentityKey":"BSRHqEJiJz6GEb4sZTSCFma3KWCqUZShkr69b0V+6f0o"},"_chains":{"BU1HvyPOxsCRHSNHXMw8ezyIlKGnzBSX7pcvQ0UeIURn":{"chainKey":{"counter":2},"chainType":2,"messageKeys":{}},"BZE0NUBzRkZXdyn/70ilY3rkZYqvEaS08OkbfT6MJJMS":{"chainKey":{"counter":1},"chainType":2,"messageKeys":{}},"BfgIyinN88UWJjrRvcfSDvA9YfnRl9UaEJOL0gLOxdR3":{"chainKey":{"counter":0},"chainType":2,"messageKeys":{}},"BXCaDOYqG4anWevr9gugOB0PiFZgpLZ9OqNs+/F6tABh":{"chainKey":{"counter":0,"key":"QzDNcnB1G5rVbMZCrC3tlNoC9F1XBRUAIUVqUBi4TbU="},"chainType":2,"messageKeys":{}},"BR2deLiO5HpE/GJp2ShFlWTRUx354501gld78qvDIE5U":{"chainKey":{"counter":-1,"key":"iv9y8glZQnYprweIRR6A51NzXoOTQGcKYK7vTQOT3RA="},"chainType":1,"messageKeys":{}}}}},"version":"v1"}