{"_sessions":{"Bfv4mCkP9iPCT/Bm0U5foZFDUlXpiXpiT0AW/NlSHrE2":{"registrationId":5165,"currentRatchet":{"ephemeralKeyPair":{"pubKey":"BWa+5G9XlgdOw6a51fqsl6RcVsQaGz8xM6w3HaR6GPQZ","privKey":"4P0L/ucoJ/68kFc/0T2ZzxsutOt0t7pUasa49H5D8lU="},"lastRemoteEphemeralKey":"BaDC5xuTGWt2XvBuwIi/sUuEuQ5FjZcKBle4u6KRTSI6","previousCounter":0,"rootKey":"Uf4VeTdenvJ8BrUxehS45afz1AKD0iLCQaD4pFyTfjI="},"indexInfo":{"baseKey":"Bfv4mCkP9iPCT/Bm0U5foZFDUlXpiXpiT0AW/NlSHrE2","baseKeyType":1,"closed":-1,"used":1738513731240,"created":1738513731240,"remoteIdentityKey":"BTzDhClbkHsMrWctp/cIeNFvYvd0iQPu8/60/eRS3aAN"},"_chains":{"BWa+5G9XlgdOw6a51fqsl6RcVsQaGz8xM6w3HaR6GPQZ":{"chainKey":{"counter":8,"key":"ck1VmBa6JE0O0FU8v7u4NUkKWsVW6DkRx/3YG6h4IsE="},"chainType":1,"messageKeys":{}}},"pendingPreKey":{"signedKeyId":1,"baseKey":"Bfv4mCkP9iPCT/Bm0U5foZFDUlXpiXpiT0AW/NlSHrE2","preKeyId":119}}},"version":"v1"}