{"_sessions":{"BZp/XdUZ3P/lhaKrkD2mmqSkzONpNBH+JZYY7aFfDo1W":{"registrationId":2143551222,"currentRatchet":{"ephemeralKeyPair":{"pubKey":"BW/1pLLT76hDhhh5kHY8ew2UxekCAZoVRHOHd1Qj4qIb","privKey":"aAXiStHtY7XHwMKMzaJBuTD9nXWmpKxKIYbbkCnUXWg="},"lastRemoteEphemeralKey":"BdpvHKnppTC23NfNssJg3Be+4Jxiq8kv6lnmQbviARU/","previousCounter":0,"rootKey":"w9hDnvrXrDi1yFD6/Z8k55V43KgwVTsiFGixTaqW1Wk="},"indexInfo":{"baseKey":"BZp/XdUZ3P/lhaKrkD2mmqSkzONpNBH+JZYY7aFfDo1W","baseKeyType":1,"closed":-1,"used":1738159303283,"created":1738069366622,"remoteIdentityKey":"BbDBzi3y6IyvLQt+rZehDxWPgtmJPvICVGMtC4fsf6Fm"},"_chains":{"BdpvHKnppTC23NfNssJg3Be+4Jxiq8kv6lnmQbviARU/":{"chainKey":{"counter":0,"key":"ZlyAeGPjToAwAWpytzW8NIK0+ZW438rymIja3K6mJJQ="},"chainType":2,"messageKeys":{}},"BW/1pLLT76hDhhh5kHY8ew2UxekCAZoVRHOHd1Qj4qIb":{"chainKey":{"counter":2,"key":"rJwi77FPoCHM4cuyIvIVDYeyjGH7x8DOM0lDaoN7b6M="},"chainType":1,"messageKeys":{}}}}},"version":"v1"}