{"_sessions":{"BV60+Z9ZpsMQKQlU+DY9noAO3me0lh9XaQCD9PrexP0o":{"registrationId":1370820691,"currentRatchet":{"ephemeralKeyPair":{"pubKey":"BccmP+AwiGGTvDHTyICZAsTpo4AWrBjdirmO6sMR/XU8","privKey":"cAnDFV3otU/sgFbl02nQYyhQVx9iN9S/AoL45XnhiEE="},"lastRemoteEphemeralKey":"BdzVMlwqqdfDRQtqYXWDnmwwfSJ/2IaWARgOtkxt1txt","previousCounter":3,"rootKey":"icAXfnn5tiENx01aw4di8mexPBRxetoC0DJ/kxRh+js="},"indexInfo":{"baseKey":"BV60+Z9ZpsMQKQlU+DY9noAO3me0lh9XaQCD9PrexP0o","baseKeyType":1,"closed":-1,"used":1738865114977,"created":1738486496129,"remoteIdentityKey":"BSPjD8TrpBf3KVO0qSQLMpZG2TClGLjP9V3wMZZuW4Fd"},"_chains":{"BU0AGVuPHU1L4Bbocxripb6MZrZjhlAOWdHx/semCwp4":{"chainKey":{"counter":2},"chainType":2,"messageKeys":{}},"BXNleo53t1npybQKv5t1+P3pzVPOLKg/u+ga5RHIdU1/":{"chainKey":{"counter":2},"chainType":2,"messageKeys":{"2":"eiQBHcw9696Zt4nvv7dqD9bTb3ou8GhalRwLRpGp/D0="}},"BdzVMlwqqdfDRQtqYXWDnmwwfSJ/2IaWARgOtkxt1txt":{"chainKey":{"counter":0,"key":"jLaSA9g3oes8J2NSW+k6C+dzvD0OvhVrTICFU66nbV4="},"chainType":2,"messageKeys":{}},"BccmP+AwiGGTvDHTyICZAsTpo4AWrBjdirmO6sMR/XU8":{"chainKey":{"counter":2,"key":"lEnx/eaICevQPsnnQlom7O5HdLAmlTnEQ4TIIpJUPXU="},"chainType":1,"messageKeys":{}}}}},"version":"v1"}