{"_sessions":{"BScX00AKLAWctIqeSdqJHu7POTJaWiRCaCPjYAShIxA5":{"registrationId":2099711483,"currentRatchet":{"ephemeralKeyPair":{"pubKey":"BVbWRPl5TPqU/N3zUq5Kb+PD1nD8hvnsbm0zlZmpRKYJ","privKey":"MPBZ3zb9vRgU37CLrnqEmlbcmO9vYzGzXMaW5+p/SEU="},"lastRemoteEphemeralKey":"BXwRsnerQ3ZK3eIRTbMk0i8fda3w4mEJrY4mCZ0GPV4m","previousCounter":0,"rootKey":"fnnanuw/GqMRrxliiKRx1WfvljLprWnEFTu8wY0+yDs="},"indexInfo":{"baseKey":"BScX00AKLAWctIqeSdqJHu7POTJaWiRCaCPjYAShIxA5","baseKeyType":2,"closed":-1,"used":1738074277647,"created":1738074277647,"remoteIdentityKey":"BbzSoCNm2fFJROFqDZsuHHr7wb4dAGROR1J827oKtxMp"},"_chains":{"BXwRsnerQ3ZK3eIRTbMk0i8fda3w4mEJrY4mCZ0GPV4m":{"chainKey":{"counter":11,"key":"swNACMjtqqxrBSLaR/GlRcbGRiaeOgX3uajcLxcB1bs="},"chainType":2,"messageKeys":{}},"BVbWRPl5TPqU/N3zUq5Kb+PD1nD8hvnsbm0zlZmpRKYJ":{"chainKey":{"counter":-1,"key":"YHwGfm3FOO7rbZWRFzClXgr747ikPTm5iPJ2SqYBSMA="},"chainType":1,"messageKeys":{}}}}},"version":"v1"}