{"_sessions":{"BbMTxBJ5zs7DWt48PX3T4ACgIfWhsSGAaEFfAIDI14Zw":{"registrationId":1446148246,"currentRatchet":{"ephemeralKeyPair":{"pubKey":"Bb9CMrco3vpjeruUcSXg5D35zHY97EQtZMZ/NofTyRQZ","privKey":"eLMW7yYxhRmml3X0Pra2Dp3swJCMEx27RxRz76T2gFs="},"lastRemoteEphemeralKey":"BTxQGW4ROc0wUG6Tf7h/k2bG502BVkbX1WLckYcURBks","previousCounter":0,"rootKey":"P6nK+YQ88xlh9hbXKbOGnkuW1hXZmHLXeCPJBQht5r4="},"indexInfo":{"baseKey":"BbMTxBJ5zs7DWt48PX3T4ACgIfWhsSGAaEFfAIDI14Zw","baseKeyType":1,"closed":-1,"used":1738070238176,"created":1738070238176,"remoteIdentityKey":"BWB+EQ8EZa8NWX48vMj1Cidm+neqveIJpeOmFT4TlWca"},"_chains":{"Bb9CMrco3vpjeruUcSXg5D35zHY97EQtZMZ/NofTyRQZ":{"chainKey":{"counter":5,"key":"2Ef+53gYa+5/pUcRmr8uAKsuyPrnUDzb44C+NVa2dYk="},"chainType":1,"messageKeys":{}}},"pendingPreKey":{"signedKeyId":21,"baseKey":"BbMTxBJ5zs7DWt48PX3T4ACgIfWhsSGAaEFfAIDI14Zw","preKeyId":3148}}},"version":"v1"}