{"_sessions":{"BUWnXfB5mkGXW+5yUpukHyuJNhBpLLNc8KmzXHZl0jAd":{"registrationId":1726186568,"currentRatchet":{"ephemeralKeyPair":{"pubKey":"BYUEZD7l4a2qEXZREINFJDH9bvJ0rn3RAW5pLRcB9Skw","privKey":"KMrvxRY/k3qQIuTlTSRWjEWs51RCxm6tZ0pkHdKwFkg="},"lastRemoteEphemeralKey":"BUjiy8sRERIE8mbozeV2+qg2WvtIdvDXQV9kM49qArEp","previousCounter":0,"rootKey":"Z4sjOeXrIwmdXB5FlyUDI2/cWjnFlzkMKuec5MM1HQ8="},"indexInfo":{"baseKey":"BUWnXfB5mkGXW+5yUpukHyuJNhBpLLNc8KmzXHZl0jAd","baseKeyType":1,"closed":-1,"used":1738069367143,"created":1738069367143,"remoteIdentityKey":"BV4LQeDXuW7QRibbDJIFKPxSfjdPvnCTEFZTqCSqsnMQ"},"_chains":{"BYUEZD7l4a2qEXZREINFJDH9bvJ0rn3RAW5pLRcB9Skw":{"chainKey":{"counter":6,"key":"sQVpgy4nx4kSd+7PPolxs84LImwpymrcY3VDtBF7T4g="},"chainType":1,"messageKeys":{}}},"pendingPreKey":{"signedKeyId":4,"baseKey":"BUWnXfB5mkGXW+5yUpukHyuJNhBpLLNc8KmzXHZl0jAd","preKeyId":4910606}}},"version":"v1"}