{"_sessions":{"BZgZ5n9mSJhuDbG9lBg0wwyF0aNf1UE4j3BuigT4nnNE":{"registrationId":689182374,"currentRatchet":{"ephemeralKeyPair":{"pubKey":"BcB8n4zb+baqBwrLW33X/b+m0W1PZQ5499xH4WEjF0YG","privKey":"CCyT7kmJsKIdoWhZWrc9lyFgQsfEaVeCKE8bSXwNyEQ="},"lastRemoteEphemeralKey":"BWtR1KO6qHg7NdK5AasSqtV67JZC7z19cONP86Fz2aQg","previousCounter":0,"rootKey":"fQv7wN9Ce6BJX2KIbrJDZxb9Xx1i2kTrsGfRTO/kPJs="},"indexInfo":{"baseKey":"BZgZ5n9mSJhuDbG9lBg0wwyF0aNf1UE4j3BuigT4nnNE","baseKeyType":1,"closed":-1,"used":1738437868704,"created":1738070238337,"remoteIdentityKey":"BYDaoADiQ0cXzP+cX05ABFQTPiTVJgVKxS8G5j7qTz1t"},"_chains":{"BadkKdYS3Q9W5Siw1x2VvjrbKc9+rgqhDYqStYmVWnIL":{"chainKey":{"counter":3},"chainType":2,"messageKeys":{"0":"4EP+e31M68NVyPnlTgzSmXM7WgWn40AnCUcuSwsNF7U="}},"BbH/F901UrhH2RM2wJ2Y8ZvVBf8rpAlo1gXwbsMqq0hF":{"chainKey":{"counter":0},"chainType":2,"messageKeys":{}},"BawmV+NsqfV8HCjIXsyFaxmVUhYk2OusRLNrDrmx+h99":{"chainKey":{"counter":0},"chainType":2,"messageKeys":{}},"BWtR1KO6qHg7NdK5AasSqtV67JZC7z19cONP86Fz2aQg":{"chainKey":{"counter":0,"key":"IlrRaoi0sLSVu7ht3Pi6gK18zu1fYGgJgEyhPyUcpGY="},"chainType":2,"messageKeys":{}},"BcB8n4zb+baqBwrLW33X/b+m0W1PZQ5499xH4WEjF0YG":{"chainKey":{"counter":1,"key":"DjkhTzONSUmELwb8M8Thgq9z/ZbK2f4cH5v20XVuzCg="},"chainType":1,"messageKeys":{}}}}},"version":"v1"}