{"_sessions":{"BcyyA6BwjK2+4hNGSSIJuXPLpV8U7qqUI/1K0soVLMFt":{"registrationId":18,"currentRatchet":{"ephemeralKeyPair":{"pubKey":"BWSxgJtCR63rRA5GJVJy+E/LAQ9iRwa6Dvp5A8/8qdRk","privKey":"QM5CLDQSkAtsPzDeUfnKFH2otRL94xJI8Wl7Vqiig00="},"lastRemoteEphemeralKey":"BXnqlBcpw8zZFVpEincdLhThcBkS0AMTfW/XqDXeencI","previousCounter":0,"rootKey":"U8cDi6mH59I1qkqv/PgWgEsCAaxsHKShby+PpwbnM0A="},"indexInfo":{"baseKey":"BcyyA6BwjK2+4hNGSSIJuXPLpV8U7qqUI/1K0soVLMFt","baseKeyType":1,"closed":-1,"used":1738426873876,"created":1738426873876,"remoteIdentityKey":"BYMST+jPQ9yNpVRKTXmHI+aP9yEQMjYhBaNPspRbaNN6"},"_chains":{"BWSxgJtCR63rRA5GJVJy+E/LAQ9iRwa6Dvp5A8/8qdRk":{"chainKey":{"counter":6,"key":"/ljMSBWd0s7CGxDj0WZRqy70gv62JQW2Sk2krhgmqw4="},"chainType":1,"messageKeys":{}}},"pendingPreKey":{"signedKeyId":1,"baseKey":"BcyyA6BwjK2+4hNGSSIJuXPLpV8U7qqUI/1K0soVLMFt","preKeyId":18}}},"version":"v1"}