{"_sessions":{"BdCEoD4UYAVJUmyWiLh3wOGlJLUA0gAxeE4wZZYQNQoH":{"registrationId":889668734,"currentRatchet":{"ephemeralKeyPair":{"pubKey":"BdQEOZ5Xo4dii4jmPkC1mjpujkghqMeOLUKAMoUvttt0","privKey":"WPaMohsNEa6F1menks2Uzas10xcgzf+PeHVA65FOgm4="},"lastRemoteEphemeralKey":"BXJqT0PDwH5dS+vVPXqLsCcnUUyTe8jqAS3Nz1LlNShq","previousCounter":3,"rootKey":"Yus2jw/ITPnRNq+JrpIKentXntoSvv7EDhzr8dsQ44Y="},"indexInfo":{"baseKey":"BdCEoD4UYAVJUmyWiLh3wOGlJLUA0gAxeE4wZZYQNQoH","baseKeyType":1,"closed":-1,"used":1738590961090,"created":1738069366870,"remoteIdentityKey":"BZtQ9l71yH1Ncqr3SsUnohnxLD130Z/DZsBwQYOZHYNf"},"_chains":{"BXJqT0PDwH5dS+vVPXqLsCcnUUyTe8jqAS3Nz1LlNShq":{"chainKey":{"counter":1,"key":"BHzH+X4I4KtB81swqVa/rpcwgHDi5xzKOnBwOIAyakA="},"chainType":2,"messageKeys":{}},"BdQEOZ5Xo4dii4jmPkC1mjpujkghqMeOLUKAMoUvttt0":{"chainKey":{"counter":8,"key":"I6JrmjE7CNBCQc1XPbGytnheCyE80f/ssDw2Mz62uCA="},"chainType":1,"messageKeys":{}}}}},"version":"v1"}