{"_sessions":{"BZCwbCj9nQIXkCdRTKJPlb7iDNCcXkFIavfa2kmbGOoa":{"registrationId":25,"currentRatchet":{"ephemeralKeyPair":{"pubKey":"BTIBvrcOo2ZwbjE0E82J1xXJHs2Ws7dekVCblxT6Nepf","privKey":"iLza0g8cchMzMNCe2DpjSx9t4FWK4h7x49RzQjXO+FM="},"lastRemoteEphemeralKey":"BUdp/wbtYA+bqFBEjAKnFTIvkFaxtsi7SYtf7VhlN6Jc","previousCounter":0,"rootKey":"P9oI/wDJgQirf9YIy0tJEV/aN/JwQ1EJMG8nESy62HI="},"indexInfo":{"baseKey":"BZCwbCj9nQIXkCdRTKJPlb7iDNCcXkFIavfa2kmbGOoa","baseKeyType":1,"closed":1738357206854,"used":1738357209146,"created":1738357205132,"remoteIdentityKey":"BXW9/f35dOmnKPTdgC+csgnA3Ci7QEkhxupGK3axOTMK"},"_chains":{"BUdp/wbtYA+bqFBEjAKnFTIvkFaxtsi7SYtf7VhlN6Jc":{"chainKey":{"counter":0,"key":"FdDInPw4WrhDTZPKNpQN3G132Fj1+dua5O1VkcUZWEw="},"chainType":2,"messageKeys":{}},"BTIBvrcOo2ZwbjE0E82J1xXJHs2Ws7dekVCblxT6Nepf":{"chainKey":{"counter":-1,"key":"3JedDbYcxFXYyogrVjXakOtmfNg2a3cR0aIp2VmpyUY="},"chainType":1,"messageKeys":{}}}},"Bf8EZ6DlB26vjfmY+RQkK/r7kxhB6efLY4GXotqzxSoW":{"registrationId":25,"currentRatchet":{"ephemeralKeyPair":{"pubKey":"BUKF7c75PtNXTh6eMqR83d2tKmTNrzoB83w/dGAS0M17","privKey":"iC6Q2J4ZCPdquHj5tWbpXhJ6bhxk/K5IKTVZMzw2504="},"lastRemoteEphemeralKey":"BUdp/wbtYA+bqFBEjAKnFTIvkFaxtsi7SYtf7VhlN6Jc","previousCounter":-1,"rootKey":"uAEs3Zl8sJJOWDML5CzLwsGyDvqYuuR7iETwSwuM+4c="},"indexInfo":{"baseKey":"Bf8EZ6DlB26vjfmY+RQkK/r7kxhB6efLY4GXotqzxSoW","baseKeyType":2,"closed":-1,"used":1738357206910,"created":1738357206910,"remoteIdentityKey":"BXW9/f35dOmnKPTdgC+csgnA3Ci7QEkhxupGK3axOTMK"},"_chains":{"BcdhWEAbSiPcIdeZ4kcy0v0oEwgN7CSKOUA0aNuMa9d/":{"chainKey":{"counter":0},"chainType":2,"messageKeys":{}},"BUdp/wbtYA+bqFBEjAKnFTIvkFaxtsi7SYtf7VhlN6Jc":{"chainKey":{"counter":0,"key":"LptemWu2fHzFRfxMYgzpPhwLWqDgojYefgVKZU43KDQ="},"chainType":2,"messageKeys":{}},"BUKF7c75PtNXTh6eMqR83d2tKmTNrzoB83w/dGAS0M17":{"chainKey":{"counter":0,"key":"HdB+aJKXewes69jJrFLBAN22xT/UlBSADb/avW6jilw="},"chainType":1,"messageKeys":{}}}}},"version":"v1"}