{"_sessions":{"BaXUfVmrA76ON9dyZ3poBcovsHiesg1f4OjQIprVKDZ8":{"registrationId":2128374018,"currentRatchet":{"ephemeralKeyPair":{"pubKey":"BbbLXFOQFI7jY5A7zziqfoR1VAjeoeIF4NIO00qlbsNO","privKey":"UPVyCz4VTSF/QD2EytxLqds0xoO1P6/sSb+m3F8GTnU="},"lastRemoteEphemeralKey":"BUPuJWe4Scb26M0QMGrUGeGaty7lbbpDk7FJyI0AiWNk","previousCounter":2,"rootKey":"oz1LQ6bXHsNJMKL9A6J6kznwsIgVOJsskZJw+VHvqLg="},"indexInfo":{"baseKey":"BaXUfVmrA76ON9dyZ3poBcovsHiesg1f4OjQIprVKDZ8","baseKeyType":2,"closed":1738303047722,"used":1738303023730,"created":1738069314836,"remoteIdentityKey":"BYlKTqzSNLi0Iz3mchMvgyPi+B8kKbvwVvyS+/4qqRJg"},"_chains":{"Bf0TnV7EqlfcdOJ8DJ4cUadC9rkJfO9vlVuEHVKwm0ZK":{"chainKey":{"counter":8},"chainType":2,"messageKeys":{}},"BW5CqmERZpcub7xWJBugcDonx9imMf7x4JbE3ZTlTNkO":{"chainKey":{"counter":1},"chainType":2,"messageKeys":{}},"BUMROtL/BbyPAHUymL09o/mi+8mOltOF6xH7kyCj2v1H":{"chainKey":{"counter":3},"chainType":2,"messageKeys":{}},"BSXTImqiiBzwRDVt/JsFakDLtFav4PE4fERRFkbwL7wt":{"chainKey":{"counter":1},"chainType":2,"messageKeys":{}},"BdUPD1Ou43BeyUzHE9pCcELq2BeezPqwRalve0AR9F5J":{"chainKey":{"counter":0},"chainType":2,"messageKeys":{}},"BVXtPosX333Fn+q0z+rc276KU2uTL2XRnNy3ovm4u0tA":{"chainKey":{"counter":0},"chainType":2,"messageKeys":{}},"BUJeyvMD0u9nQogu4eQ/0c4Db+8EIG8eIWQGy7sduIIN":{"chainKey":{"counter":0},"chainType":2,"messageKeys":{}},"Bd32VdUXfZzqOOnuAXC2JP4uMYQMXwcLkpyjflWhroBZ":{"chainKey":{"counter":0},"chainType":2,"messageKeys":{}},"BRU6cbVyx/4WQZVXPLjfzl53gh6x+ZDGDNj/n8yqRXIJ":{"chainKey":{"counter":0},"chainType":2,"messageKeys":{}},"BafWaLR+EHI68hIpmVGoYY5LYSqkMV6SRyyFAAKJKZdJ":{"chainKey":{"counter":1},"chainType":2,"messageKeys":{}},"BUPuJWe4Scb26M0QMGrUGeGaty7lbbpDk7FJyI0AiWNk":{"chainKey":{"counter":9,"key":"davMy9ym68mpeDs/2plgUSS9gPExdEy2zmwS9aSNkts="},"chainType":2,"messageKeys":{}},"BbbLXFOQFI7jY5A7zziqfoR1VAjeoeIF4NIO00qlbsNO":{"chainKey":{"counter":-1,"key":"BRhD1h64GObmNThpdWtUfmxVwT5w5w2zWfQahloVdgE="},"chainType":1,"messageKeys":{}}}},"BXVQr3O4C21EM8Wxa2THrQvLuBdjbd9gQI3THAYmNzJf":{"registrationId":2128374018,"currentRatchet":{"ephemeralKeyPair":{"pubKey":"BX60T9C+rcClWhcMr1lc2BPUWkxj0SxGSciOTToH0uoy","privKey":"UBBHV4aA1ZN+ldAE3LqqgipwTf4FbD1g6NlhYNWYKFg="},"lastRemoteEphemeralKey":"Beh2lvvssLbIPOpOxpqNGpzK30/exPDyRx9vtZl0IaNn","previousCounter":4,"rootKey":"yABbIbQ7IZAeTOmhHqCuJxfQpp1te/vdKddXop+84SU="},"indexInfo":{"baseKey":"BXVQr3O4C21EM8Wxa2THrQvLuBdjbd9gQI3THAYmNzJf","baseKeyType":2,"closed":-1,"used":1738932801786,"created":1738303047777,"remoteIdentityKey":"BYlKTqzSNLi0Iz3mchMvgyPi+B8kKbvwVvyS+/4qqRJg"},"_chains":{"BSczS8tBihsTzOvgqP0jGoMckMeC4now2npxlNMFzUZu":{"chainKey":{"counter":6},"chainType":2,"messageKeys":{"0":"zpC9/TwvrdcNF9OPJkhiXgP4AXEA8yyBb7ASMd/9Cn4="}},"BSQ8rfzzzz0N9/JejJrJZvTf1jNvkj04B05cu0loOL1G":{"chainKey":{"counter":0},"chainType":2,"messageKeys":{}},"BT8Z5n5Z5hWYkswzHBz5OYVSg9ivGEpTMS3BvnV91rUL":{"chainKey":{"counter":0},"chainType":2,"messageKeys":{}},"BYYIz+3OZcO/3lAX6iQJhWE+NdPa3qVfR9xhROZP+nJm":{"chainKey":{"counter":0},"chainType":2,"messageKeys":{}},"BawyoUsbmh9ZKZA8OAmH3ZvTgz6/66kSN+ezv/BXIsMj":{"chainKey":{"counter":1},"chainType":2,"messageKeys":{}},"Bd+DeBgDUEqFIRg6Mud/AU3g3eDGZaVdxXfXVBaXTc0r":{"chainKey":{"counter":0},"chainType":2,"messageKeys":{}},"BbVpik4x0hKGEGAEjk+HUL20fk66yuZIa3TBVAumsBtt":{"chainKey":{"counter":0},"chainType":2,"messageKeys":{}},"Bdbxi4mvXHiz9QXH7jDrDnY+9npoFYkHRwBMhGTBTH83":{"chainKey":{"counter":0},"chainType":2,"messageKeys":{}},"BTU0O8+/cQ3xZo5F+8fKnouAwkcH3YEiq/rLNABiGmp0":{"chainKey":{"counter":0},"chainType":2,"messageKeys":{}},"BUqZHX+pvppluOdUdCmKXC3zliGMO5aJx7TDdHnM0HlC":{"chainKey":{"counter":0},"chainType":2,"messageKeys":{}},"BXO4kKgt44PT5nlqD/0/8gHlyM91XjX2jY/eAhIcnOZx":{"chainKey":{"counter":2},"chainType":2,"messageKeys":{}},"BTNFYbG6icEPb/lfEl53NRTnv2jFKskiWq9dQfgGJPR+":{"chainKey":{"counter":0},"chainType":2,"messageKeys":{}},"BYZY3eDi2t+NpFdY3S5YW6Wf3XA0HLfp+zGrdzIJS9t5":{"chainKey":{"counter":0},"chainType":2,"messageKeys":{}},"BXjIxqzc5cplyrWI9xIu3gmCBKKFikmJi2VjvBNixGZo":{"chainKey":{"counter":0},"chainType":2,"messageKeys":{}},"BWV4fC6/sR5SCY86SrSDppz33K9pT3Gm6UEOVLKg6KNB":{"chainKey":{"counter":0},"chainType":2,"messageKeys":{}},"BVlqgssgjbLwTx98WZyDYC46fQrLoAGXpZfII9W2RpIk":{"chainKey":{"counter":0},"chainType":2,"messageKeys":{}},"Badp7tblroSJheWb62SJzlj9gYaqEzRsD1fzVJ9AXXUJ":{"chainKey":{"counter":0},"chainType":2,"messageKeys":{}},"BfjAoiimzkg7LCwvSUNkFsKF3HrVWD2WyMLUhQ5UK64d":{"chainKey":{"counter":0},"chainType":2,"messageKeys":{}},"Bbgv51bw+hkl/0m7iGsgQq0EA14X7rSjD0Gj62S5xJpv":{"chainKey":{"counter":1},"chainType":2,"messageKeys":{"1":"72n7bylv6BgMaJF5oI8yLCntqsJR9OZpGfcl2estYKI="}},"Bah7kSVqjzK5kG/7C4DJvd7zrstqOimn++p7jgf4D+Ns":{"chainKey":{"counter":1},"chainType":2,"messageKeys":{"0":"ywGl4evbQ94rc/GtiLYnVRaHDy5iBWHLRhDd09wBYNU="}},"BdfX5+HO+tlKDvGpYsWb3jCJ/mG5+tmMvswi3k6YSxND":{"chainKey":{"counter":0},"chainType":2,"messageKeys":{}},"BVQtxQfyfebmfQNKJmE/xX0mJYfI8I3UpzPSkSI5NkUW":{"chainKey":{"counter":0},"chainType":2,"messageKeys":{}},"BQATX3JZQ13pLS/tqLOpSJE02StLxffdYOTp8GUXgHgu":{"chainKey":{"counter":0},"chainType":2,"messageKeys":{}},"BTvwSSJLeMRS8uhvw8QjO+KbrtpghxJ2rlq30Mg+mdgo":{"chainKey":{"counter":0},"chainType":2,"messageKeys":{}},"BQVDX1scWn9SBf1R96hz1WWmCE8LyKYvBR/pGXfTnqEr":{"chainKey":{"counter":0},"chainType":2,"messageKeys":{}},"BW64r8nuhc3XPvd0PKYYBxPVXVmvWoTgVZtUJ98aJDlU":{"chainKey":{"counter":2},"chainType":2,"messageKeys":{}},"BbKNsX9BL31/noSG7pu38LmfEcmFsS2AqGOkvI7GZmQv":{"chainKey":{"counter":0},"chainType":2,"messageKeys":{}},"Bb1bmSXGwO6RvTbi8YQvzUiHcDwMrxuNFwYqmE3DMZRI":{"chainKey":{"counter":1},"chainType":2,"messageKeys":{}},"BTQrYu2/5JTpoIXoDblVQy68vmIf4bnv2uYLTrEDYyFO":{"chainKey":{"counter":0},"chainType":2,"messageKeys":{}},"BTg9eBztG1uUKyWihXTF3TqyK/LQT0lLVm7ey6W2/QAW":{"chainKey":{"counter":1},"chainType":2,"messageKeys":{}},"Bffm0qIJV+Ff0cr4r6DJAMtTevhWPZvgw7fCvtaqkPwQ":{"chainKey":{"counter":1},"chainType":2,"messageKeys":{}},"BdrjGygysRZkOd/TTdDOgiP5RpkbL3VokA5DHRm2V4AR":{"chainKey":{"counter":0},"chainType":2,"messageKeys":{}},"Beh2lvvssLbIPOpOxpqNGpzK30/exPDyRx9vtZl0IaNn":{"chainKey":{"counter":0,"key":"pP2KWheoir75PXlG7PbRsa+6rPZz1zmizOOHHVF9AL4="},"chainType":2,"messageKeys":{}},"BX60T9C+rcClWhcMr1lc2BPUWkxj0SxGSciOTToH0uoy":{"chainKey":{"counter":-1,"key":"T4PUvcfimEzBGYnZEGqGWkqbZczkQfECiQ5SfYVyPx0="},"chainType":1,"messageKeys":{}}}}},"version":"v1"}