{"_sessions":{"BeRZ+riKqYW1nXrVrLm7afgfTG6zf5p+LFcT/FnrXx4t":{"registrationId":734356182,"currentRatchet":{"ephemeralKeyPair":{"pubKey":"BdFYxPcgryYhmDgCx8SsH9xHjkQzpHIpcSAcNct1AWZt","privKey":"mG2LvXUkz0yMRsYvnD78YoS22sqq2fLQXwm6XT07T1w="},"lastRemoteEphemeralKey":"BYY8FZJysDqpRxGNOb957rkm6N2BYztKhjKUMAnkb4N9","previousCounter":0,"rootKey":"eIJMuD8APy81CFN9u4ws2+RoCSNtHoQ4NKjQ74Jk0hM="},"indexInfo":{"baseKey":"BeRZ+riKqYW1nXrVrLm7afgfTG6zf5p+LFcT/FnrXx4t","baseKeyType":1,"closed":-1,"used":1738572484499,"created":1738572461085,"remoteIdentityKey":"BW4LjqNasq9Loho64FqEy2UmO3C+Y41l+tj/ITG24cYN"},"_chains":{"BYY8FZJysDqpRxGNOb957rkm6N2BYztKhjKUMAnkb4N9":{"chainKey":{"counter":0,"key":"1YmCcWHIROHumETJECs2XkmFCvZ9pZgs8p+Fzcs+9wQ="},"chainType":2,"messageKeys":{}},"BdFYxPcgryYhmDgCx8SsH9xHjkQzpHIpcSAcNct1AWZt":{"chainKey":{"counter":1,"key":"IaTc8A4Y1sq4X9w6eVx23EwWF94ksqwIoIewAkafQ+k="},"chainType":1,"messageKeys":{}}}}},"version":"v1"}