{"_sessions":{"BWddSFFEuUiZpNl3n4RftwZh26FOgAjVmkxE9OKowpQF":{"registrationId":864867585,"currentRatchet":{"ephemeralKeyPair":{"pubKey":"BYKFqQCpWu6KYLZgpRFdAvya2fg4tHTWFzy9oBWYBuQk","privKey":"IB30kuom6/JGYE1qENFEtoKxIciL+r7K+pZ80on7sUE="},"lastRemoteEphemeralKey":"BW44ygQGMCUyemnDDYHYHHyTWHqBBS/TfV9xA43BiZxR","previousCounter":0,"rootKey":"QxYeFevhbMt/4/+wUMipM4efTqKhSGfW+cPLDP8BQFg="},"indexInfo":{"baseKey":"BWddSFFEuUiZpNl3n4RftwZh26FOgAjVmkxE9OKowpQF","baseKeyType":2,"closed":-1,"used":1738157085825,"created":1738157085825,"remoteIdentityKey":"BXxdZNNPbR1pSegdG8s3xeVt2wwa7nzUM0C9hqkwfERZ"},"_chains":{"BW44ygQGMCUyemnDDYHYHHyTWHqBBS/TfV9xA43BiZxR":{"chainKey":{"counter":1,"key":"yrzOxNspskWGbTsUMbs0SFATOKKunqH5o+zGnCEFPjw="},"chainType":2,"messageKeys":{}},"BYKFqQCpWu6KYLZgpRFdAvya2fg4tHTWFzy9oBWYBuQk":{"chainKey":{"counter":-1,"key":"bau1IHG5EkBVwfYg4XoD0Xuuaj5c6Z1DtSu0v+d/f1A="},"chainType":1,"messageKeys":{}}}}},"version":"v1"}