{"_sessions":{"BTeVXpX/ImMzYclpa/qyy2rxBLzbaK5kOz5SHpLQFMlH":{"registrationId":435592526,"currentRatchet":{"ephemeralKeyPair":{"pubKey":"Bdzr/qsimOwLHy4TZxL7+ombv/IiWNHDZXvxxas2ToAx","privKey":"aJMsGLWR3BggkbCl7NmdsS4+Q/2EdadEPDLmLrFFwXM="},"lastRemoteEphemeralKey":"BRIUu8dHlR8SltNns49/bTbSjgwvCt57Y7uTsOPah2ZJ","previousCounter":0,"rootKey":"0LojPNER1s1GMj6OHxdCMDISOvyR1yaAIjR+opkEF0s="},"indexInfo":{"baseKey":"BTeVXpX/ImMzYclpa/qyy2rxBLzbaK5kOz5SHpLQFMlH","baseKeyType":1,"closed":-1,"used":1738070238222,"created":1738070238222,"remoteIdentityKey":"BTaYjN4Wu/iZ/NFePcf3bM5efAMP2IOt8+jnA13GWiYu"},"_chains":{"Bdzr/qsimOwLHy4TZxL7+ombv/IiWNHDZXvxxas2ToAx":{"chainKey":{"counter":1,"key":"sCvj6L9KcbMbTy6Ag6mJwtOGcdRvCQL8/pYOmXgNGMY="},"chainType":1,"messageKeys":{}}},"pendingPreKey":{"signedKeyId":0,"baseKey":"BTeVXpX/ImMzYclpa/qyy2rxBLzbaK5kOz5SHpLQFMlH","preKeyId":9158446}}},"version":"v1"}