{"_sessions":{"BUPj/lj1ZVwwgEi8RE3mU9mFIxzhvhqfpNT1A3mduQw4":{"registrationId":1908729548,"currentRatchet":{"ephemeralKeyPair":{"pubKey":"BYJ8nVEwfD9RdWM2L0qnMyDTRmNrsUlMLjvlUs8HNTYV","privKey":"QPSEat19q5g59WAovGMYRPyNjOF7E2nCKvZ1oTn+xUo="},"lastRemoteEphemeralKey":"BQ1iBXVWsXbY40mhgtQLCJpg8A/F1EVpvGFre+Kasc0b","previousCounter":0,"rootKey":"CWEp+H/BqloOr/LtFKzkBLI8KM8jvCijFlczEP3vMRI="},"indexInfo":{"baseKey":"BUPj/lj1ZVwwgEi8RE3mU9mFIxzhvhqfpNT1A3mduQw4","baseKeyType":1,"closed":1738540382626,"used":1738281154123,"created":1738069366824,"remoteIdentityKey":"BRPnrtu4+yyJWkYvdhuPm3C7HZdUnqaa9YCm02bNjfVf"},"_chains":{"BVHRbg12yo8/fWsr+m2ajL28FLNhWOF0CgtZAt5qQFY7":{"chainKey":{"counter":1},"chainType":2,"messageKeys":{}},"BW+s7Y5u8X/CNyJFFfufg+VUDIBph23L7Jnk9NO7kHYl":{"chainKey":{"counter":2},"chainType":2,"messageKeys":{}},"BQ1iBXVWsXbY40mhgtQLCJpg8A/F1EVpvGFre+Kasc0b":{"chainKey":{"counter":0,"key":"q/5A01n7M/KSYDB+Cu1P1ueFe9iETZ5/mImN8P2u1Ic="},"chainType":2,"messageKeys":{}},"BYJ8nVEwfD9RdWM2L0qnMyDTRmNrsUlMLjvlUs8HNTYV":{"chainKey":{"counter":0,"key":"TmKJaGnEM90e4Fz9ykM+WYbwiumaC40dAkwMXFKfIdU="},"chainType":1,"messageKeys":{}}}},"BdwF/F5A9e7VduD/tOvWqpgZVhCDpUPbEY064aGSsY9M":{"registrationId":1908729548,"currentRatchet":{"ephemeralKeyPair":{"pubKey":"BblGkqqlA4HvsmbP1DQH3oeTeV/e1ye6UwtZ2l9MoqMN","privKey":"EKUtXZYKgwfpkp1ilI7sJEQp+M0IZJWYerNRx8S8XkQ="},"lastRemoteEphemeralKey":"BUhCHiaqJmTTpNUNkc4fFP286xj1ot/uiH5elxsvfFhn","previousCounter":1,"rootKey":"j4jyMomPWyZFXN/Gu/ljSp1cnNaKk3A96M8tGkO6FNc="},"indexInfo":{"baseKey":"BdwF/F5A9e7VduD/tOvWqpgZVhCDpUPbEY064aGSsY9M","baseKeyType":2,"closed":-1,"used":1738799996363,"created":1738540382670,"remoteIdentityKey":"BRPnrtu4+yyJWkYvdhuPm3C7HZdUnqaa9YCm02bNjfVf"},"_chains":{"BbvoMWVR2B0u5UiUgUqTvg72gZB2NQnG4YF7snWSH7gz":{"chainKey":{"counter":3},"chainType":2,"messageKeys":{"0":"Zp6B1gU86yzgrLHDBnIMemzP/t90FyS6jPJR3THDTro="}},"BfNxhwj7enD+emeVgmozShOLkNZYiASu0cxBmg0Nul0m":{"chainKey":{"counter":2},"chainType":2,"messageKeys":{}},"BUhCHiaqJmTTpNUNkc4fFP286xj1ot/uiH5elxsvfFhn":{"chainKey":{"counter":1,"key":"GtGJP96/bXiOQPKFSjRZfukav9kTPsuioaV/e7OKK6I="},"chainType":2,"messageKeys":{}},"BblGkqqlA4HvsmbP1DQH3oeTeV/e1ye6UwtZ2l9MoqMN":{"chainKey":{"counter":-1,"key":"cadt4MZGxXdk8yyM7++T+mqZcwgl/u02kHMVQ1aU+QE="},"chainType":1,"messageKeys":{}}}}},"version":"v1"}