{"_sessions":{"BR1Mz2XV/Xry4Q15tvOsDjJc5zcMkzi7x7A+VIKciudG":{"registrationId":1199564175,"currentRatchet":{"ephemeralKeyPair":{"pubKey":"BaQcz2W6k8EBc2/C6Try4+oE3Z7jtFrupOfD5g6Ql8FU","privKey":"kJdX3sQcKqYsg5jF4dy3G9+hkI1xa3v6Z35yPBVWzmg="},"lastRemoteEphemeralKey":"BX+uir2T/kLucsoPrppWt4UiMYyTyKV/u9YZnQIWA+AD","previousCounter":1,"rootKey":"ruGjyuBX8EaMMFLoqGoCyQOv36B3IT3/E/+qGSN72C4="},"indexInfo":{"baseKey":"BR1Mz2XV/Xry4Q15tvOsDjJc5zcMkzi7x7A+VIKciudG","baseKeyType":1,"closed":-1,"used":1738924212493,"created":1738070238720,"remoteIdentityKey":"BTlwEMnXudEtnfANd2MBheSmD5Qre9CArQHNvwyUn5ZW"},"_chains":{"BTJ5PFIkR/Kp1jl56ztcZHopdhp0mj4ngMcfviT1gCEu":{"chainKey":{"counter":0},"chainType":2,"messageKeys":{}},"BaoNQ01WVk8ffyAw2munr+OtQG32eZijSkYpCu9G2ilz":{"chainKey":{"counter":1},"chainType":2,"messageKeys":{}},"Bf/wK/B1AGsoGxkASUQvqsmU88jWaVysK3v/Ja5dKio6":{"chainKey":{"counter":1},"chainType":2,"messageKeys":{}},"BeEwqpPIKaaz4VK3HVjglszpaQ7u8wZI+p/bF81OYWwU":{"chainKey":{"counter":0},"chainType":2,"messageKeys":{}},"BVHhAaRimYNMNIfmdfB3l2uTGLxQczq41zEv2eFm4tZr":{"chainKey":{"counter":0},"chainType":2,"messageKeys":{}},"BbhCkRx66iDMF7vcOXCOSqyRH0s1Q5UvTE8X0Xx9zdY9":{"chainKey":{"counter":1},"chainType":2,"messageKeys":{}},"BTYteePWgMd19KkjMUr4g5LP7HsWDQTD/NbMSVTsTKMc":{"chainKey":{"counter":1},"chainType":2,"messageKeys":{}},"Bc+wPwzsu8dYq+tgtPUKHcfjjNCJ9TK3eOcZr0bbV340":{"chainKey":{"counter":0},"chainType":2,"messageKeys":{}},"BctlyFGc38UTRm/isUX0SM7WOk7fOmBCZqc+9vue2gsT":{"chainKey":{"counter":0},"chainType":2,"messageKeys":{}},"BTnPitttvxKvGbRxJRaf4yQYET0S7i1KsP1xpimJt0MY":{"chainKey":{"counter":2},"chainType":2,"messageKeys":{}},"BfImJcucDLyh+odz/Ea4BDIY4KN4wlEcjho7B028Iack":{"chainKey":{"counter":0},"chainType":2,"messageKeys":{}},"BU3PPjeN009xWQuBXQpaY/G6f5ULiH1hGGRsLoUjS5Y+":{"chainKey":{"counter":1},"chainType":2,"messageKeys":{}},"BWONdlnFkDXSjXqmMRKZq/5zxw5fW7g4Hv4PnT4fwcQL":{"chainKey":{"counter":1},"chainType":2,"messageKeys":{}},"BSF3xrsg4+mUbXZo+MHnylD81hidYQPHUr2NkRW1ri5X":{"chainKey":{"counter":0},"chainType":2,"messageKeys":{}},"BcDycxJ5QHjV8tYINHf2bTrzmKOpzjQTCK6OLkG3Gvwq":{"chainKey":{"counter":0},"chainType":2,"messageKeys":{}},"Bbh3SADWUlfH5BY9EmVYpPB/jwmGZWqKzS92VUd5jyps":{"chainKey":{"counter":0},"chainType":2,"messageKeys":{}},"BRYvoy1JGuExJNQZmD+p1S8o8UZPT6n68tMWfURmgLZM":{"chainKey":{"counter":0},"chainType":2,"messageKeys":{}},"Bb2aFX5UcqSKqRHZW7iQye99quXb5gJgKLijr51yJ+03":{"chainKey":{"counter":0},"chainType":2,"messageKeys":{}},"BYpPIfro0gYMjP9dYKAeb97OHsjfcxs5dqXh9b9U+Ng0":{"chainKey":{"counter":0},"chainType":2,"messageKeys":{}},"BX+uir2T/kLucsoPrppWt4UiMYyTyKV/u9YZnQIWA+AD":{"chainKey":{"counter":0,"key":"XigJzSqrY3Z+F+sdcaWlTVNHxGf+rxO3tyv861JffAM="},"chainType":2,"messageKeys":{}},"BaQcz2W6k8EBc2/C6Try4+oE3Z7jtFrupOfD5g6Ql8FU":{"chainKey":{"counter":-1,"key":"P33I+ED4cs4yZScvJbBwjlAVhzmPTEG1349EXzhMAOM="},"chainType":1,"messageKeys":{}}}}},"version":"v1"}