{"_sessions":{"Belf0jgcq3Tjyty4i07nNrP/GUamlvVjHR+1unZlIS41":{"registrationId":1329152866,"currentRatchet":{"ephemeralKeyPair":{"pubKey":"BdJoAdUIFChSddlNt7LT2cuCL8UtH30L5ZQApyo5I1oG","privKey":"yAsMk8L/pfy+mmc0wpc9zGD4txOqY0LmdXSbAWdYVXk="},"lastRemoteEphemeralKey":"BbcnI9AtEddadN+zP/IR/eN/R4edci1rHZa7rgZzFA9T","previousCounter":0,"rootKey":"sYyYNdE3RsodYc2bjlNCAjSdmMttrJ6XC69AoHX9W9A="},"indexInfo":{"baseKey":"Belf0jgcq3Tjyty4i07nNrP/GUamlvVjHR+1unZlIS41","baseKeyType":1,"closed":-1,"used":1738069367554,"created":1738069367554,"remoteIdentityKey":"BUFM6wUTVa4H6zrj2bUkIWbMxCFdmsiSC850FaFhFfdq"},"_chains":{"BdJoAdUIFChSddlNt7LT2cuCL8UtH30L5ZQApyo5I1oG":{"chainKey":{"counter":6,"key":"BVqv+jgCia0jBLxJot1vQX1b7JEk/7h/EhRqNkfSsaw="},"chainType":1,"messageKeys":{}}},"pendingPreKey":{"signedKeyId":3,"baseKey":"Belf0jgcq3Tjyty4i07nNrP/GUamlvVjHR+1unZlIS41","preKeyId":8086537}}},"version":"v1"}