{"_sessions":{"BVVA6z1YEXA6wbySqKjCWJ9CiDeiWjiKb+parLyIpC5G":{"registrationId":942154142,"currentRatchet":{"ephemeralKeyPair":{"pubKey":"BeE7vYFltB7+rCrujvAFIlpevKIlfh4l3ejJQetJBaxn","privKey":"6EP62NsFjaERQ3WSLqC3nmqZVK5H9MssN06gJ+aTMGM="},"lastRemoteEphemeralKey":"BcTJFKokNPCGbHRUx9kRznLV8fVJfyBGOIjmV7gkozZ2","previousCounter":0,"rootKey":"nix6/ZZRyqmu1cRcKJXJQWJXbJzpk9q4+4r0cKpJzDc="},"indexInfo":{"baseKey":"BVVA6z1YEXA6wbySqKjCWJ9CiDeiWjiKb+parLyIpC5G","baseKeyType":2,"closed":-1,"used":1738752422573,"created":1738752422573,"remoteIdentityKey":"BQpZ79Xz+TNiAlDTl2EhbhswsrpU+qGHcjupKAJjjchM"},"_chains":{"BcTJFKokNPCGbHRUx9kRznLV8fVJfyBGOIjmV7gkozZ2":{"chainKey":{"counter":0,"key":"VzjpTS7fBfxouCDvHtnvD/0tf+0HhM7co31Df2lZIQs="},"chainType":2,"messageKeys":{}},"BeE7vYFltB7+rCrujvAFIlpevKIlfh4l3ejJQetJBaxn":{"chainKey":{"counter":-1,"key":"ULB0VywktCAbBmuKozoZKqu6mRn3ITMN3kgUDYb57yM="},"chainType":1,"messageKeys":{}}}}},"version":"v1"}