{"_sessions":{"BZDVEPkUGbtw5jGGwea262N4+KthPHwYKZdmC6DXoNFj":{"registrationId":165,"currentRatchet":{"ephemeralKeyPair":{"pubKey":"BWZUTW3Ohv0tL0D/eKMvnDASeV8I2OOMzKbUgw4z5jd6","privKey":"qD2atmEaPAelJYsF0l9t2u1lDhxzPQu9TO8WrR9CN3c="},"lastRemoteEphemeralKey":"BUyA+RpzYIx5E9wEDY+hHGHFbrARiRWzPdCWHNvmNzg7","previousCounter":0,"rootKey":"6Mtn4atiiN3RcIh/DIkQd6Zbh3FFFWzAT4BsHWlC1/Q="},"indexInfo":{"baseKey":"BZDVEPkUGbtw5jGGwea262N4+KthPHwYKZdmC6DXoNFj","baseKeyType":1,"closed":-1,"used":1738888320409,"created":1738888320409,"remoteIdentityKey":"BSUYa1W6Rcd6U7A/8R6JxYGdesFhXbtfHayU2ubSlFZl"},"_chains":{"BWZUTW3Ohv0tL0D/eKMvnDASeV8I2OOMzKbUgw4z5jd6":{"chainKey":{"counter":0,"key":"DeZ32tImXRIskKrSTLXI+q6OzA0am15zCTUQKMvgmow="},"chainType":1,"messageKeys":{}}},"pendingPreKey":{"signedKeyId":1,"baseKey":"BZDVEPkUGbtw5jGGwea262N4+KthPHwYKZdmC6DXoNFj"}}},"version":"v1"}