{"_sessions":{"BVaVVyZbgSTsqmwzJiM/zxuvj5k2ZSjVBPa0hDKtc08s":{"registrationId":1597960950,"currentRatchet":{"ephemeralKeyPair":{"pubKey":"BT5BSCaeJN8tqv5I4MhXTYe9zLUhDFqnoP8EJ7xCDckd","privKey":"cMO3A/N22vcWLU79aXoZqKIU+vcZaVIxz4S8E49A02E="},"lastRemoteEphemeralKey":"BX6862OT7cUdXj3lGsIffdAczHU2oLJPdO1YgdHgFA1R","previousCounter":0,"rootKey":"16dhtfkVJYSKZ0ffXVursaCiYzvWcFH4SDMNZcKmSn4="},"indexInfo":{"baseKey":"BVaVVyZbgSTsqmwzJiM/zxuvj5k2ZSjVBPa0hDKtc08s","baseKeyType":2,"closed":-1,"used":1738116927514,"created":1738116927514,"remoteIdentityKey":"Bc+NTctVwSHRRW95z7DRzfB/ry7Pu40s1K+0z0SNPIB8"},"_chains":{"BX6862OT7cUdXj3lGsIffdAczHU2oLJPdO1YgdHgFA1R":{"chainKey":{"counter":1,"key":"S9sfKW1Ypcvtyr993ZH1IQq4eaKMB7FmYekNUd5iKto="},"chainType":2,"messageKeys":{}},"BT5BSCaeJN8tqv5I4MhXTYe9zLUhDFqnoP8EJ7xCDckd":{"chainKey":{"counter":-1,"key":"N4/4xqAIhrLWlv28Px3rdqSUz9R0f+h8CaR222+tUVM="},"chainType":1,"messageKeys":{}}}}},"version":"v1"}