{"_sessions":{"BbVlYr0kirXrOrgnyHVkGIm2Hv2KVGxtGgBsdvwwDmoI":{"registrationId":1633261746,"currentRatchet":{"ephemeralKeyPair":{"pubKey":"BY4+NXEaFFEsq9l8fp3eY79eClp+lAuHCUVCYRzXWE0e","privKey":"oDvm+9122R+O1YNG3QXi/FUT/xCizcZE90fWK2lpe1Y="},"lastRemoteEphemeralKey":"BZF8k0M9p0exUWwzpDBOwHV7Im76Etau3xFwb8HvCIIe","previousCounter":5,"rootKey":"LeUFnz3puNudEwttUZmg+7HBQ5YtTlLSbzDGuUqtWFA="},"indexInfo":{"baseKey":"BbVlYr0kirXrOrgnyHVkGIm2Hv2KVGxtGgBsdvwwDmoI","baseKeyType":1,"closed":-1,"used":1738655304805,"created":1738070238291,"remoteIdentityKey":"Bduyw2LrY15SbBqFoibAQNvLRQx+QfHuJkChtVsGa+Vh"},"_chains":{"BZZRSelH3rWR5aZ8IUoIHDEmVrg3qTf1BHx5tydP4PZf":{"chainKey":{"counter":0},"chainType":2,"messageKeys":{}},"BYTlzErhszXucjdBm9HkeWsfxhjAexh6H/AWxHUuzWkn":{"chainKey":{"counter":0},"chainType":2,"messageKeys":{}},"BedlKqSEVILDxvA2tItuouGIjdnKWTDLq9DH6YNhWlR9":{"chainKey":{"counter":0},"chainType":2,"messageKeys":{}},"BZF8k0M9p0exUWwzpDBOwHV7Im76Etau3xFwb8HvCIIe":{"chainKey":{"counter":0,"key":"RRYqbgLmaz1bJdeqZG5RziS2GbFq8B9Ps1RSx4eNZSE="},"chainType":2,"messageKeys":{}},"BY4+NXEaFFEsq9l8fp3eY79eClp+lAuHCUVCYRzXWE0e":{"chainKey":{"counter":1,"key":"Wir4C3I54xSkK5/hhdGrSy8NVsYTk0QcMRuJij5UUZk="},"chainType":1,"messageKeys":{}}}}},"version":"v1"}