{"_sessions":{"BdYDqM0TFz6LCoVa9bnWeRStw3q0QxVVBFZ2thJ2+SQ2":{"registrationId":870797338,"currentRatchet":{"ephemeralKeyPair":{"pubKey":"BX/x77DqoTH+pwCwxY/m0FHDj6nb9iZWRb/PM9gBWME2","privKey":"cERpQe6w5WQrWHs46Wj6k2GwhNaDmmdiZXL4GCdGXGY="},"lastRemoteEphemeralKey":"BRH8WbSdvkR7QBIY6VL3yWQVvsSEfrxTT5Xe1+l+mW4U","previousCounter":0,"rootKey":"fY0EOVi09p42pXqt1b6BGgynC75+PsMHy3fXIfXIIxo="},"indexInfo":{"baseKey":"BdYDqM0TFz6LCoVa9bnWeRStw3q0QxVVBFZ2thJ2+SQ2","baseKeyType":1,"closed":-1,"used":1738070238245,"created":1738070238245,"remoteIdentityKey":"BYuSCilga91ae91nIJpDC1DJIV4lhXGhwSznczpeCs8b"},"_chains":{"BX/x77DqoTH+pwCwxY/m0FHDj6nb9iZWRb/PM9gBWME2":{"chainKey":{"counter":5,"key":"nqB20HIn+YLdko2mPn9B3+MR3aNZCyAvfYKOnN2ogTs="},"chainType":1,"messageKeys":{}}},"pendingPreKey":{"signedKeyId":2,"baseKey":"BdYDqM0TFz6LCoVa9bnWeRStw3q0QxVVBFZ2thJ2+SQ2","preKeyId":8831413}}},"version":"v1"}