{"_sessions":{"BeuY9r8SQIW1mbhnbZi5CC2LCDfvmYXoZ8KQqT0hGz8q":{"registrationId":690181613,"currentRatchet":{"ephemeralKeyPair":{"pubKey":"BS+DUL6cWXPcdYl72TXeagMncF7QNyvC0cbL+H3RRas8","privKey":"QIIv1k/wLr4r5btpHUc2scrOMDkIwCPse2280eogrFw="},"lastRemoteEphemeralKey":"Bd3BPbiwDiocLISbnERcWab+9lJ3Wm/LMnEo/uCeoQUk","previousCounter":0,"rootKey":"GnF2l9NVV2gEwJmZ7AP/Im19ZBT++9XMFsRFfduPSr4="},"indexInfo":{"baseKey":"BeuY9r8SQIW1mbhnbZi5CC2LCDfvmYXoZ8KQqT0hGz8q","baseKeyType":1,"closed":1738540817343,"used":1738485773471,"created":1738485709878,"remoteIdentityKey":"BTPpW3Th4hhKGTDXL1DXDY+5aZK3AuWnF1s86D8WtzQd"},"_chains":{"Bd3BPbiwDiocLISbnERcWab+9lJ3Wm/LMnEo/uCeoQUk":{"chainKey":{"counter":0,"key":"v7/arJFtSMnptl3pXKlrQF65rNkt1drl66Akd852VWk="},"chainType":2,"messageKeys":{}},"BS+DUL6cWXPcdYl72TXeagMncF7QNyvC0cbL+H3RRas8":{"chainKey":{"counter":-1,"key":"AKK3RY8mxSFIXVg9DlutWiUYGY4rpXc2VqPeOEmiiD0="},"chainType":1,"messageKeys":{}}}},"BSejI6QsXFk8MW82r16mGm2qxbDhEcHysJ1WPD6mkJFG":{"registrationId":690181613,"currentRatchet":{"ephemeralKeyPair":{"pubKey":"BQTCDswfZLFZsfQC+NC+mBTc7N/qb5JI9UiaeRiI6FEW","privKey":"WPxPozigRDhg1X3nLU4UBD4wN93/UQaYUiDe+lmcM1M="},"lastRemoteEphemeralKey":"BfPhnyL2G7K2qMFovcDArH0ULUlKCz+FDPmf+XdNfbQ7","previousCounter":0,"rootKey":"GtT14JXODMTsiZU/wYpdlWXwI0LvyVyQp3NyztPk6Pg="},"indexInfo":{"baseKey":"BSejI6QsXFk8MW82r16mGm2qxbDhEcHysJ1WPD6mkJFG","baseKeyType":2,"closed":-1,"used":1738540817359,"created":1738540817359,"remoteIdentityKey":"BTPpW3Th4hhKGTDXL1DXDY+5aZK3AuWnF1s86D8WtzQd"},"_chains":{"BfPhnyL2G7K2qMFovcDArH0ULUlKCz+FDPmf+XdNfbQ7":{"chainKey":{"counter":3,"key":"ciwbHSyfSkA13OmxUCTaxFLE0CsktyqRoYOXsqeykq4="},"chainType":2,"messageKeys":{"0":"Zn1n+sDg4q6ESExnvLdsbxqb9IqpISR/8MwmeZ0rkCw="}},"BQTCDswfZLFZsfQC+NC+mBTc7N/qb5JI9UiaeRiI6FEW":{"chainKey":{"counter":7,"key":"cIK/kfhr9ze6ivhQQmQUQ/43An/Q/REpDfTK4WnaNGI="},"chainType":1,"messageKeys":{}}}}},"version":"v1"}