{"_sessions":{"BZAndJS3EmwhUdk7u3Mr1hQS1bP7Z96hMK6ia75zRGZn":{"registrationId":2097792205,"currentRatchet":{"ephemeralKeyPair":{"pubKey":"BXWSC5nIq8rDX1jsXl6KbMWZNE7C/sprD5qi0s/N3DRO","privKey":"kL41xQ06qfSp3m9W8Hp+UPZO7GjpLy8m/OMQv5xej1o="},"lastRemoteEphemeralKey":"BaIupNhKJ06p+zIPHHKpP8homT0yEwPKJAQdOZB4uc1Q","previousCounter":0,"rootKey":"M/rjRkeb2saRU0ZA4S2VKoYIsJ2eQAvjHxytz/an7ok="},"indexInfo":{"baseKey":"BZAndJS3EmwhUdk7u3Mr1hQS1bP7Z96hMK6ia75zRGZn","baseKeyType":1,"closed":-1,"used":1738070238538,"created":1738070238538,"remoteIdentityKey":"BUxgn78gWA9HPFRn3ZeU6MTAk52KpxUeWIq+wNxzqpRV"},"_chains":{"BXWSC5nIq8rDX1jsXl6KbMWZNE7C/sprD5qi0s/N3DRO":{"chainKey":{"counter":5,"key":"jmtYpPkr2poCbvTAx1NF/FOo0lgcQFB9u+FlXyzrp4E="},"chainType":1,"messageKeys":{}}},"pendingPreKey":{"signedKeyId":1,"baseKey":"BZAndJS3EmwhUdk7u3Mr1hQS1bP7Z96hMK6ia75zRGZn"}}},"version":"v1"}