{"_sessions":{"BQABXosfMTNpoQynsFFtI290Y5pZNQfN57NJHb8Rt3gv":{"registrationId":6232,"currentRatchet":{"ephemeralKeyPair":{"pubKey":"BX5IYBtKd8LQcx/AUnoUBR3C3x1aDxGGdK8oxeS84JVI","privKey":"EHxBrvxMrC2qg1ATm4dRMskHVrlJ77l510i5+cilOGo="},"lastRemoteEphemeralKey":"BbYwujti8WNhrxnUgP1Y6J78ZvA+P006XgWp8W7o8otu","previousCounter":0,"rootKey":"W8RyvwQBjeQ6I4cgf8v8KX6GQMIl6nJ40irrlPRvdzY="},"indexInfo":{"baseKey":"BQABXosfMTNpoQynsFFtI290Y5pZNQfN57NJHb8Rt3gv","baseKeyType":1,"closed":-1,"used":1738070238268,"created":1738070238268,"remoteIdentityKey":"BW8k9H9H35+GlBvAieVg8HByKkii3xoRZpXOYPGv6qVR"},"_chains":{"BX5IYBtKd8LQcx/AUnoUBR3C3x1aDxGGdK8oxeS84JVI":{"chainKey":{"counter":11,"key":"ugCdcv5fvC51qKWfYuHzJ+FhDmHMzdh0M7+9/TWk888="},"chainType":1,"messageKeys":{}}},"pendingPreKey":{"signedKeyId":1,"baseKey":"BQABXosfMTNpoQynsFFtI290Y5pZNQfN57NJHb8Rt3gv","preKeyId":136}}},"version":"v1"}