{"_sessions":{"BfcAMBdO+KrMg5BQTMK2TO3K0mj98QWkRbuimHJgUJNJ":{"registrationId":1244542654,"currentRatchet":{"ephemeralKeyPair":{"pubKey":"Babx7NkEnRzpYx3pU6GwewjHIL9gtXhQ7uIJTaakZ55h","privKey":"SOcHAF8Mep4beCn+fSCSCSOeppOHDPbIejdmIJul/k0="},"lastRemoteEphemeralKey":"BS5nK6+piXLXWMbTD8KcHw8iZGY+PD0u7BFxgC/YKw58","previousCounter":0,"rootKey":"FogNj/l3yZBwLk/ZF+cRqwDrpNv4Sr0ARr2NpH+5ooY="},"indexInfo":{"baseKey":"BfcAMBdO+KrMg5BQTMK2TO3K0mj98QWkRbuimHJgUJNJ","baseKeyType":1,"closed":-1,"used":1738070238153,"created":1738070238153,"remoteIdentityKey":"BWe/vRTDdpJOtBDjHLViE45aXyEkvZUhZUQ1lEUoxpph"},"_chains":{"Babx7NkEnRzpYx3pU6GwewjHIL9gtXhQ7uIJTaakZ55h":{"chainKey":{"counter":5,"key":"3gSNtDYH0u8hjjyF0Y7CpX9+uw8s50X3625Pz2iIRcs="},"chainType":1,"messageKeys":{}}},"pendingPreKey":{"signedKeyId":0,"baseKey":"BfcAMBdO+KrMg5BQTMK2TO3K0mj98QWkRbuimHJgUJNJ","preKeyId":16303465}}},"version":"v1"}