{"_sessions":{"BW4GtYE4axGvtuPh80svMpB0NyDZOa0luf487eWXGFx1":{"registrationId":1593579979,"currentRatchet":{"ephemeralKeyPair":{"pubKey":"BTr2Q+N5jBzRtiUK4zxG7bFAV0i/NCkg8E910z4xG8Ez","privKey":"6FTaQfkzdk6XHJJn0tzoNJQYnkAs0flsCxcBTouDtFU="},"lastRemoteEphemeralKey":"Bdk52wmk3AjMdhUC/Qja67oVkz94U9XoTS1+a6eKu8Qj","previousCounter":2,"rootKey":"Z3CMKG0ausIn4wNwj++o6Xg7Sb6attrNukXyF6SXDck="},"indexInfo":{"baseKey":"BW4GtYE4axGvtuPh80svMpB0NyDZOa0luf487eWXGFx1","baseKeyType":1,"closed":-1,"used":1738599893168,"created":1738070238652,"remoteIdentityKey":"BeCv/peizI98QM6pH6eSSrAlzn2d+N9oB56mXbUJiqt8"},"_chains":{"Bf884ccmdw4i3KE5PCwxYl0qKi1u96WGNKJw9yLtZa4q":{"chainKey":{"counter":0},"chainType":2,"messageKeys":{}},"Bdk52wmk3AjMdhUC/Qja67oVkz94U9XoTS1+a6eKu8Qj":{"chainKey":{"counter":0,"key":"1U0+ERdwqdVE2EzI74WhyvGHlXyVrA+KVGy5uRPJB2I="},"chainType":2,"messageKeys":{}},"BTr2Q+N5jBzRtiUK4zxG7bFAV0i/NCkg8E910z4xG8Ez":{"chainKey":{"counter":1,"key":"vBQbSMFQsYMtGSOkPVse6PfjuzXqYrzp3S1uDA86c4g="},"chainType":1,"messageKeys":{}}}}},"version":"v1"}