{"_sessions":{"BfFfYBbKSUyHiIQqqQSoCWgY43QdTYYDm1OGJamVmcIM":{"registrationId":1401037427,"currentRatchet":{"ephemeralKeyPair":{"pubKey":"BRVWNQ1lc3WZAcf03eTvYsf2VdYC6bqKyBqs8/yIaWNW","privKey":"gKqvqJB+ph5lwYq0r4chhd2BL2LJyYTDrBC6ugcA/1g="},"lastRemoteEphemeralKey":"Bd/zY+j4tO5mAH0wGxd6mjvzVxkpLvkd5Kvnn/NACTIQ","previousCounter":0,"rootKey":"pBcLwF/42BQQe/5mdHb3ktzm6RNOh/yk54zqvY6EGzE="},"indexInfo":{"baseKey":"BfFfYBbKSUyHiIQqqQSoCWgY43QdTYYDm1OGJamVmcIM","baseKeyType":1,"closed":-1,"used":1738070238314,"created":1738070238314,"remoteIdentityKey":"BeHPPyTW8wQh5tJWjSmbLsyt/NPuiS2PmvAKD0cyhU05"},"_chains":{"BRVWNQ1lc3WZAcf03eTvYsf2VdYC6bqKyBqs8/yIaWNW":{"chainKey":{"counter":5,"key":"UiY26zCa2rIK+PH5p6nYCGCs0ows8BFpKYHheuKSUfs="},"chainType":1,"messageKeys":{}}},"pendingPreKey":{"signedKeyId":0,"baseKey":"BfFfYBbKSUyHiIQqqQSoCWgY43QdTYYDm1OGJamVmcIM","preKeyId":16224355}}},"version":"v1"}