{"_sessions":{"BWlcyb4GcLc+1P8EbZc82TBSuHYXKkCiHBY3ghEo3QUe":{"registrationId":1020315782,"currentRatchet":{"ephemeralKeyPair":{"pubKey":"BUVMNBlDS5AOT6SOzSfULG91XRykPg/rGkM+QLPxXHkp","privKey":"2DWW63WtrC/jkVO5LdHLUKDYyNgW+LlrXWFldJsqh0k="},"lastRemoteEphemeralKey":"BUTRV4OMmI1GmXFGbuQCdZIgcF4TWfpE6p9ZzmrAM2wR","previousCounter":0,"rootKey":"c+A2gAjCzJBs7nviutdN2G5kWnex9M6Ntw7oUVa80So="},"indexInfo":{"baseKey":"BWlcyb4GcLc+1P8EbZc82TBSuHYXKkCiHBY3ghEo3QUe","baseKeyType":1,"closed":-1,"used":1738070238697,"created":1738070238697,"remoteIdentityKey":"BUhL4yDL3//l9dSOV/ZP3Nwg/HAWNiClsIXHtNZ2+zVp"},"_chains":{"BUVMNBlDS5AOT6SOzSfULG91XRykPg/rGkM+QLPxXHkp":{"chainKey":{"counter":5,"key":"AI+Jx4M81Prvt5p8TGmqE3yErqeEL8ZIrH9bV8mkAm4="},"chainType":1,"messageKeys":{}}},"pendingPreKey":{"signedKeyId":0,"baseKey":"BWlcyb4GcLc+1P8EbZc82TBSuHYXKkCiHBY3ghEo3QUe","preKeyId":10966848}}},"version":"v1"}