{"_sessions":{"BV9uNoYMt5xH50pDLHxajIkljxFynD0glp9yMk4RyN0B":{"registrationId":2030594676,"currentRatchet":{"ephemeralKeyPair":{"pubKey":"BXwe28qVvI6olQwhXzsisErqaXdysRXebd4haljgdMIp","privKey":"AJu1iDCMh4CgpKkCtlmdxauEXHyLVeeMF+QLomjuPEY="},"lastRemoteEphemeralKey":"BV+QopmwPH/wPCNy5FqPvIVUCQ9DsDnubhsw8cXL8DJX","previousCounter":0,"rootKey":"7yI2DpiuLMBrSVCjPDCarHRXNh4/JzCs7km4tZJWSdY="},"indexInfo":{"baseKey":"BV9uNoYMt5xH50pDLHxajIkljxFynD0glp9yMk4RyN0B","baseKeyType":1,"closed":1738357712790,"used":1738069366710,"created":1738069366710,"remoteIdentityKey":"BWb2gr7i5Ta9QjBg5tR7pkSJo2XaP6JsHS3I5Rfq0ndF"},"_chains":{"BXwe28qVvI6olQwhXzsisErqaXdysRXebd4haljgdMIp":{"chainKey":{"counter":2,"key":"3a+9Z1QuC+U6LvtHj+DWybObn7GE4hSAHkQ3jd3vTE8="},"chainType":1,"messageKeys":{}}},"pendingPreKey":{"signedKeyId":9,"baseKey":"BV9uNoYMt5xH50pDLHxajIkljxFynD0glp9yMk4RyN0B","preKeyId":12955533}},"BWptsuloOcJuFlBBGbh5SAaBX6oFQgXyRY9N5WPo+4xt":{"registrationId":2030594676,"currentRatchet":{"ephemeralKeyPair":{"pubKey":"BVqwp7BjEqcYIiMHiNU+welPzNEEZoIWPXcJCvCGzNUm","privKey":"oAv3hdfIt5NwWAyCc7hALA4l37TlpMCrGsRkBAzQGWg="},"lastRemoteEphemeralKey":"BSDNNtrLOVdS5J1rRDffbYDu/8AqlIb8YTC6rxVyvuVN","previousCounter":0,"rootKey":"Txzyvn/QOetmZNK8PE7QfRHPHFpi5OxP+0MB3KCfF/4="},"indexInfo":{"baseKey":"BWptsuloOcJuFlBBGbh5SAaBX6oFQgXyRY9N5WPo+4xt","baseKeyType":2,"closed":-1,"used":1738357712846,"created":1738357712846,"remoteIdentityKey":"BWb2gr7i5Ta9QjBg5tR7pkSJo2XaP6JsHS3I5Rfq0ndF"},"_chains":{"BSDNNtrLOVdS5J1rRDffbYDu/8AqlIb8YTC6rxVyvuVN":{"chainKey":{"counter":1,"key":"Fr1qD4Y25eYYGedZKUfj04muJV+jBFgm87EXmytYaxU="},"chainType":2,"messageKeys":{"0":"+Td5LKxiN6Ou7X5XQu4yUBeMdVjQY6n3QB35kR/l/MY="}},"BVqwp7BjEqcYIiMHiNU+welPzNEEZoIWPXcJCvCGzNUm":{"chainKey":{"counter":8,"key":"Lh0UokZHCAIkltg9EhQQ0K+HjCVAJCgkuw3HpWCY2SI="},"chainType":1,"messageKeys":{}}}}},"version":"v1"}