{"_sessions":{"BZjJeB94GJHeDHshK4stkHkEFgZmmlutsPZTmDau8Akl":{"registrationId":1288601403,"currentRatchet":{"ephemeralKeyPair":{"pubKey":"BekFttv+arzy7ysGusNyYMd1LXZR9qjqwoBchNrh92h1","privKey":"wIGJMAjREW8r6Ur9nEs63OZJS0nPW1sb66no5Us3u28="},"lastRemoteEphemeralKey":"BZm0bYXsbf8Vmtkp0VD/ca67TZY2QIZ1RtR/iovGKGx5","previousCounter":9,"rootKey":"y5uOOTjTxc1Qtq0wepsHi6QwB9EHBPEyg7Ph5BNBME0="},"indexInfo":{"baseKey":"BZjJeB94GJHeDHshK4stkHkEFgZmmlutsPZTmDau8Akl","baseKeyType":1,"closed":-1,"used":1738856977732,"created":1738069366687,"remoteIdentityKey":"BTN92G3nmDnbTI7HDN01LfGt2h19Wefu6QEgGQelHi4p"},"_chains":{"BZm0bYXsbf8Vmtkp0VD/ca67TZY2QIZ1RtR/iovGKGx5":{"chainKey":{"counter":0,"key":"nT/mWz7D5KoH18oBshHt2Ey3FGg/L9Eo8Gddk+QFi78="},"chainType":2,"messageKeys":{}},"BekFttv+arzy7ysGusNyYMd1LXZR9qjqwoBchNrh92h1":{"chainKey":{"counter":2,"key":"HW/fCjPIh8xjJkUwDed0Qwgc3QJbIVS4wyRuVXjHuAI="},"chainType":1,"messageKeys":{}}}}},"version":"v1"}