{"_sessions":{"BZtWZpkRtK0PNqd+D2Ox3mBhU8+gNO3ohEoQIiAsOe5y":{"registrationId":1023660602,"currentRatchet":{"ephemeralKeyPair":{"pubKey":"BTiXUaQ0mQ/GASWCVz99MQOiK0daPYv50slPdO9Ja/VQ","privKey":"wG3NuSjGn1FQ4K4o14abSC9zCxU/wftuzoHuIW3E7nQ="},"lastRemoteEphemeralKey":"BUclUiGuBys/zubYcwzgPPEQxB5PafDQWInutJHbVAV0","previousCounter":0,"rootKey":"2+3ZuDJeoxNuMwMlcExLAo6isxs32oe/YrJIu2kSjIQ="},"indexInfo":{"baseKey":"BZtWZpkRtK0PNqd+D2Ox3mBhU8+gNO3ohEoQIiAsOe5y","baseKeyType":1,"closed":-1,"used":1738209210756,"created":1738209210756,"remoteIdentityKey":"BYYGh/hh5qq5ml6J6GRyILYsxxu9SXemDZf60VRNVhYJ"},"_chains":{"BTiXUaQ0mQ/GASWCVz99MQOiK0daPYv50slPdO9Ja/VQ":{"chainKey":{"counter":0,"key":"wXXeCN2QZZ9Ndg6UJTxuiPyr5pNLV6d2euo6ELD16xM="},"chainType":1,"messageKeys":{}}},"pendingPreKey":{"signedKeyId":11620161,"baseKey":"BZtWZpkRtK0PNqd+D2Ox3mBhU8+gNO3ohEoQIiAsOe5y","preKeyId":3783}}},"version":"v1"}