{"_sessions":{"BRN6L/RwLO6pFGS6XTafzu9/oFw6VbtzpcxnzfPPcB4r":{"registrationId":144,"currentRatchet":{"ephemeralKeyPair":{"pubKey":"BXSFpy8xZrwNWjMo/dkj73JmTFn21edSRFl/vJ4mfJtA","privKey":"6MbuUNqQ2sJc2urWyncN1Vc5XOK8PN6j7wJIdmAYynk="},"lastRemoteEphemeralKey":"BUpQWH1DIL8M2Wg/g5mUVZdkhLqzslr44XCxs0ZYIFg1","previousCounter":0,"rootKey":"Gzj48ka3ggePHX77Acg9ufbTPlt3kN4DotzXyyt/mS8="},"indexInfo":{"baseKey":"BRN6L/RwLO6pFGS6XTafzu9/oFw6VbtzpcxnzfPPcB4r","baseKeyType":1,"closed":1738258676887,"used":1738258676363,"created":1738258675371,"remoteIdentityKey":"Bd0pHvsV3bzqCttOYQRO9x5+yUytDuntnkw6SRJ8WBwl"},"_chains":{"BUpQWH1DIL8M2Wg/g5mUVZdkhLqzslr44XCxs0ZYIFg1":{"chainKey":{"counter":0,"key":"mBdgDSlD0VK1M/hI1LtnYun6JTywu9Dtx+UZd3RCuiM="},"chainType":2,"messageKeys":{}},"BXSFpy8xZrwNWjMo/dkj73JmTFn21edSRFl/vJ4mfJtA":{"chainKey":{"counter":-1,"key":"A3Y6lAkxqVblpjvphwPXlqILugjMJ5twyluvRseGT3w="},"chainType":1,"messageKeys":{}}}},"BWYZGq/+wxqRehfgXUx8qgxuY4oR4/BBVCh/jKkPnL0P":{"registrationId":144,"currentRatchet":{"ephemeralKeyPair":{"pubKey":"BRryMCHsdyI3xk/bKaKFecxZQrdZqHiAy+xU47PuwEUa","privKey":"KPlNF04BYuuiMTFaoJvobMR2Ig9eObzDZs4MDwovPF8="},"lastRemoteEphemeralKey":"Bckjohv00wjzT3ruzX6wRGcNVoDwAc1ZZgY/yj3tEf9o","previousCounter":0,"rootKey":"4upzmHj+wT8ylgAOg3kHWBeT/mf3PelU2r7iSYO+AfY="},"indexInfo":{"baseKey":"BWYZGq/+wxqRehfgXUx8qgxuY4oR4/BBVCh/jKkPnL0P","baseKeyType":1,"closed":-1,"used":1738394603414,"created":1738258676880,"remoteIdentityKey":"Bd0pHvsV3bzqCttOYQRO9x5+yUytDuntnkw6SRJ8WBwl"},"_chains":{"Bckjohv00wjzT3ruzX6wRGcNVoDwAc1ZZgY/yj3tEf9o":{"chainKey":{"counter":2,"key":"dEIt/DJDtDguRo6A2gNd/VNZNYi4xdlSWhMGNqBqIk4="},"chainType":2,"messageKeys":{}},"BRryMCHsdyI3xk/bKaKFecxZQrdZqHiAy+xU47PuwEUa":{"chainKey":{"counter":0,"key":"qMPZ1C5br52Ro+QZLrmsiBp0V9c0C8SAL7tT7Rzm2NQ="},"chainType":1,"messageKeys":{}}}}},"version":"v1"}