{"_sessions":{"BRq/N64iFROzNvuSVVtcqBYtDcufyG36m8WdQkCvaHQn":{"registrationId":1984399359,"currentRatchet":{"ephemeralKeyPair":{"pubKey":"BYCBWKc2UtZoAF6V+Gwx72ucB+gJF4jFPOjjqrYOYARL","privKey":"0IYpCJfAuXoYLOeczKUucR1RPd0WWPMY5zqTZGE9jWo="},"lastRemoteEphemeralKey":"BZzDUCDLUzKXQVmp349Pf39he2dekF9SZHvGaUZaRktV","previousCounter":0,"rootKey":"NmmML7/OizxjkEOvYjRJPXVWH5HP9UOuzZ3CiBJLaXY="},"indexInfo":{"baseKey":"BRq/N64iFROzNvuSVVtcqBYtDcufyG36m8WdQkCvaHQn","baseKeyType":1,"closed":-1,"used":1738609590274,"created":1738609590274,"remoteIdentityKey":"BanNeY948XQ1SGRkXX61Blowo7peyKCc6c3Vi+Wcwtcm"},"_chains":{"BYCBWKc2UtZoAF6V+Gwx72ucB+gJF4jFPOjjqrYOYARL":{"chainKey":{"counter":4,"key":"sRhsyOi5WiXN7kWROnoCS/0UYPTj5nX59t9iiajUYxo="},"chainType":1,"messageKeys":{}}},"pendingPreKey":{"signedKeyId":1,"baseKey":"BRq/N64iFROzNvuSVVtcqBYtDcufyG36m8WdQkCvaHQn","preKeyId":14}}},"version":"v1"}