{"_sessions":{"BcVU7gFaVJc9qf/UhgbGDiSK+THM32VkjigT1Qk776x+":{"registrationId":219284066,"currentRatchet":{"ephemeralKeyPair":{"pubKey":"Bc98TN4/BaNijYC5Y3sUfCM1i8pJABdXDTOdWb+Ztc1Q","privKey":"eMZ22F46rMLCwdY4ZXjEwXo01FzTX8WQA9MSzkn4Rno="},"lastRemoteEphemeralKey":"BcBV2/8GCE6lceVw3S3t1QjTV8Y7IofmbKWnigzOy/AY","previousCounter":1,"rootKey":"T22PXPdECh0D12cAnaodUhEIjGJK0I/TIDNmBhXR1hQ="},"indexInfo":{"baseKey":"BcVU7gFaVJc9qf/UhgbGDiSK+THM32VkjigT1Qk776x+","baseKeyType":1,"closed":1738800228701,"used":1738733285522,"created":1738069367350,"remoteIdentityKey":"BcrwCNrpQ+XO8d6Nnlyiu5uz2OzO0KHx4paFwqkKRcFC"},"_chains":{"BSAwz94FZgJ9CePH+m6JrpL/j5+twpfe4nNTkDA4EDNA":{"chainKey":{"counter":1},"chainType":2,"messageKeys":{}},"BbZMkozoDrH3WRJ3jmalI3VN2eb0yyOyk69VML4S6DAD":{"chainKey":{"counter":0},"chainType":2,"messageKeys":{}},"Bf2psNwrSlyjVTaHtmhH2lvQHZGUs/xU9x6Cte6zsV4L":{"chainKey":{"counter":3},"chainType":2,"messageKeys":{}},"BWqSFKrJeS8P6yZz36DLkDNBCl68BntQdKY+UmLCekAi":{"chainKey":{"counter":3},"chainType":2,"messageKeys":{}},"BcBV2/8GCE6lceVw3S3t1QjTV8Y7IofmbKWnigzOy/AY":{"chainKey":{"counter":0,"key":"EdIQ+t8LY7trX0Zyjvr3Ov996w/kb6feuUyBJUR9Xuw="},"chainType":2,"messageKeys":{}},"Bc98TN4/BaNijYC5Y3sUfCM1i8pJABdXDTOdWb+Ztc1Q":{"chainKey":{"counter":-1,"key":"MmptYbBJ0KQXDNe3iTcYY1HUnKldqdVZlr4b/xCUEPQ="},"chainType":1,"messageKeys":{}}}},"BS/hJnVdSSB84Xx5+lo03j49zkBwXxQlbkGzgom5p+EJ":{"registrationId":219284066,"currentRatchet":{"ephemeralKeyPair":{"pubKey":"BVa3lCnyTITV5hXKDG68VtRiopE7/rQFm7HBh2wSMOx3","privKey":"WIl9Sx94r8JOE7g85jkgRq1XiXEMYfNtvLVDq41kYl4="},"lastRemoteEphemeralKey":"BZWi15/xtKQqvaL8CoZYUKqexncTiJt/GKDC55l1N8wQ","previousCounter":0,"rootKey":"3w686nacm4eRlQZhB1HKyxrudMaQDzvkduh7gLBO0hw="},"indexInfo":{"baseKey":"BS/hJnVdSSB84Xx5+lo03j49zkBwXxQlbkGzgom5p+EJ","baseKeyType":2,"closed":1738910675429,"used":1738850665771,"created":1738800228734,"remoteIdentityKey":"BcrwCNrpQ+XO8d6Nnlyiu5uz2OzO0KHx4paFwqkKRcFC"},"_chains":{"BbIJCKvbwqDFUIi/n4XOmmyKtLuwyrG4XMCZM2opCR5/":{"chainKey":{"counter":3},"chainType":2,"messageKeys":{"0":"vH2D5ym8r7739u3CxgXRud3Lp5KQhG9hkwW4artnxK0="}},"BWsAhor7ChVULfCAobEBs4qJZtgIbtc4vabzK0vtsdA8":{"chainKey":{"counter":1},"chainType":2,"messageKeys":{}},"BZWi15/xtKQqvaL8CoZYUKqexncTiJt/GKDC55l1N8wQ":{"chainKey":{"counter":0,"key":"2D3Nxlh+NO0yk4PkLzGHJ05g9VFBNFA8LuNGqpP6oeg="},"chainType":2,"messageKeys":{}},"BVa3lCnyTITV5hXKDG68VtRiopE7/rQFm7HBh2wSMOx3":{"chainKey":{"counter":1,"key":"j5+c2DQsUTzvwe/8C31z/5b95edEb+ijxGLz/RdCyBQ="},"chainType":1,"messageKeys":{}}}},"BecHpKSDk7cj9A7A24XPfE2GwnCYHcpKAelN3AXO1AQV":{"registrationId":219284066,"currentRatchet":{"ephemeralKeyPair":{"pubKey":"BUvKt3yuML08BF4LkKFL0flHrYIWK1TFIL0mG4QN2hFO","privKey":"EAabxxUZawD7RDORU4zXhRBPfIMKbP4/IGWddczg604="},"lastRemoteEphemeralKey":"Bev253zS4qjUJaRTyvhcoHZkvx/4gAwtF6wghaVTEAEV","previousCounter":0,"rootKey":"MWqLID+Bv6SWAXRmfVG4F6lFolj/Nbit+zgTurxEBJY="},"indexInfo":{"baseKey":"BecHpKSDk7cj9A7A24XPfE2GwnCYHcpKAelN3AXO1AQV","baseKeyType":2,"closed":-1,"used":1738910675483,"created":1738910675483,"remoteIdentityKey":"BcrwCNrpQ+XO8d6Nnlyiu5uz2OzO0KHx4paFwqkKRcFC"},"_chains":{"Bev253zS4qjUJaRTyvhcoHZkvx/4gAwtF6wghaVTEAEV":{"chainKey":{"counter":1,"key":"DsfaMiz84uCWxByIshD2AtrqNW5ctXcEill6Dtwkuww="},"chainType":2,"messageKeys":{"0":"UoMl6TFTJPXEunNW+uCyvUgL3UDdX7HM648Glkyf9KA="}},"BUvKt3yuML08BF4LkKFL0flHrYIWK1TFIL0mG4QN2hFO":{"chainKey":{"counter":2,"key":"RJY7/6MATShFslG79+nY/fzhAWU6/xVsEABrgSzhCrk="},"chainType":1,"messageKeys":{}}}}},"version":"v1"}