{"_sessions":{"BVbIiLbCXv2CpDczD1K/cF+zIeO9IiSyzFfdHb+agQ1u":{"registrationId":563860908,"currentRatchet":{"ephemeralKeyPair":{"pubKey":"BX59FApbPo3FMIyAmO8FJCCeyWa3X8pTjb7iplYIrwFp","privKey":"AOHYWKbrHGKy64kBWVeDKHbRRqtBFythoJMuZV6wNmk="},"lastRemoteEphemeralKey":"BZNCO5tcXS9KFbAVXNwJ3yQQyAcA7fhBx82qDWJ+QMgJ","previousCounter":1,"rootKey":"CABjSernuZaMe47a/TxI4HrUzeOOjOjS0ecvRmQEWwE="},"indexInfo":{"baseKey":"BVbIiLbCXv2CpDczD1K/cF+zIeO9IiSyzFfdHb+agQ1u","baseKeyType":1,"closed":1738368897278,"used":1738251151513,"created":1738069367120,"remoteIdentityKey":"BZYcrMgiS/vqvjCQYXwArIX0W/qrZI/LoU8j1GOALLFj"},"_chains":{"BTG9/sN2yML7n2/DZ7AvaWCyHGvTNR1q2sQWcuuxTN5c":{"chainKey":{"counter":1},"chainType":2,"messageKeys":{}},"BaixvSnYArOm/UtVe2Y8yrYvbhF+BykMT+KMrjTp0TVr":{"chainKey":{"counter":3},"chainType":2,"messageKeys":{}},"BZNCO5tcXS9KFbAVXNwJ3yQQyAcA7fhBx82qDWJ+QMgJ":{"chainKey":{"counter":1,"key":"8L6l86EX0HPkFK2yTW5UKGj1870C1DOyrc/jPGEIpcc="},"chainType":2,"messageKeys":{}},"BX59FApbPo3FMIyAmO8FJCCeyWa3X8pTjb7iplYIrwFp":{"chainKey":{"counter":-1,"key":"/T3j5qi7jxUOgUUu1yyThzi0v4FGFRNbqOcEYF2l8W0="},"chainType":1,"messageKeys":{}}}},"Bd8buGmrI14WwPBvPeR3NmAPbcNceZ1ORxDij49yll9u":{"registrationId":563860908,"currentRatchet":{"ephemeralKeyPair":{"pubKey":"Bd9ZnJtZGSae/7VqVI+rDRPRrRrrd6hJnpp/PBcejk0X","privKey":"kD61C8uZG8Q/LhDfh39j29VNhauJvQNHQvZvjCqqrVU="},"lastRemoteEphemeralKey":"BRqQlzywhQqlbvIaFZn1hA0twop03YYiyUEFzZSsq3Y+","previousCounter":6,"rootKey":"+reb/q0VV0aD9ZXsUvtNO8fOqSMnh7OatbzDNty9IrM="},"indexInfo":{"baseKey":"Bd8buGmrI14WwPBvPeR3NmAPbcNceZ1ORxDij49yll9u","baseKeyType":2,"closed":-1,"used":1738930216419,"created":1738368897311,"remoteIdentityKey":"BZYcrMgiS/vqvjCQYXwArIX0W/qrZI/LoU8j1GOALLFj"},"_chains":{"BaXO4Mb8vEZslI0jWwaZQ2mchP3sgqTxroWJBaR3WEtm":{"chainKey":{"counter":2},"chainType":2,"messageKeys":{"0":"js7lfWasRqtE3UA4G0c9+gz/2Fg7WqM5HDsug+Zi2PQ="}},"BS24NLDaphHC1nYljcjtU2ysT7o0Y1/kRtXRn2rZxxVc":{"chainKey":{"counter":0},"chainType":2,"messageKeys":{}},"BexVHslMhAreBb18roluxpAibOtDv6TJMV+fgFn5uRxr":{"chainKey":{"counter":1},"chainType":2,"messageKeys":{"1":"qeUJ6/zwxT+VGVueQhcioMP7cevnNzrW3YBiKqP74e0="}},"BSj4lsVtMI9DXqQSN0i9UnN6UDjPaHwHDqIhDWkyIQZl":{"chainKey":{"counter":1},"chainType":2,"messageKeys":{}},"BRqQlzywhQqlbvIaFZn1hA0twop03YYiyUEFzZSsq3Y+":{"chainKey":{"counter":0,"key":"Tisifmhig3JPKdeMONrcyqR9ElCiV+bkb1Jz3dbk66M="},"chainType":2,"messageKeys":{}},"Bd9ZnJtZGSae/7VqVI+rDRPRrRrrd6hJnpp/PBcejk0X":{"chainKey":{"counter":-1,"key":"r3FqNDUfeS5IhU63VKGDg+SPN+uK+ajWJ6lmcbWz2fA="},"chainType":1,"messageKeys":{}}}}},"version":"v1"}