{"_sessions":{"BQHXjckmRsGZZ+g/35A+dgdTIrKaOn8pNxWKs/KhsfxZ":{"registrationId":520453340,"currentRatchet":{"ephemeralKeyPair":{"pubKey":"BYnbd8JG0wS/45gvVgfd+4f7y3lW4whhEzQKKjP0u8Un","privKey":"sGLfOvtcEmUUec5jmHE0SVr4FmjLNfhvYn3MPU5Nim4="},"lastRemoteEphemeralKey":"BWbtxWcGvXCRs7rdoGa2NIdOG2WfGj8J9hU5bQLvfuAS","previousCounter":0,"rootKey":"hZjm0ogTWnRbllGO+mRDL99nRVsJ3mNWZwtloxjVfKg="},"indexInfo":{"baseKey":"BQHXjckmRsGZZ+g/35A+dgdTIrKaOn8pNxWKs/KhsfxZ","baseKeyType":1,"closed":1738129551260,"used":1738078474150,"created":1738069367029,"remoteIdentityKey":"BeH52XmIOiSvKLmPVnsXa0d6BjcLbEAoR90yMuzLqrta"},"_chains":{"BWbtxWcGvXCRs7rdoGa2NIdOG2WfGj8J9hU5bQLvfuAS":{"chainKey":{"counter":0,"key":"sZIf6qViRHqJ03vsFrplXYW4RdpDEeu0WquM6O6dTTY="},"chainType":2,"messageKeys":{}},"BYnbd8JG0wS/45gvVgfd+4f7y3lW4whhEzQKKjP0u8Un":{"chainKey":{"counter":-1,"key":"9/00iSpi3qxBppam6ON/dJaNXOd9iLirhiWbdC8i3GE="},"chainType":1,"messageKeys":{}}}},"BRtUfMHpSZx6CoaCHWsLieb2uNem5pXC2Bz7qsvSRKk1":{"registrationId":520453340,"currentRatchet":{"ephemeralKeyPair":{"pubKey":"BW0Gkk49Uda0Eq7Ng3HAggmnw1YVttM4QnREelDmX9dr","privKey":"6DSO9S1UUzUX1XePoLqN2f5YQ9WIH6IKZ7ezk9geIVM="},"lastRemoteEphemeralKey":"Bb96eVqsjOqftP8bqtANCjXBRPIRZ5BXTcFQOUv+QQYK","previousCounter":2,"rootKey":"uJVjDno862JdKCRUel+UQPSYPIZjBpXvEGkxjiLpmgo="},"indexInfo":{"baseKey":"BRtUfMHpSZx6CoaCHWsLieb2uNem5pXC2Bz7qsvSRKk1","baseKeyType":2,"closed":1738928017086,"used":1738924092438,"created":1738129551303,"remoteIdentityKey":"BeH52XmIOiSvKLmPVnsXa0d6BjcLbEAoR90yMuzLqrta"},"_chains":{"BUWf3j1GC3wsO68Cx15takt8v702Ykbt6HiUPZTKuwQm":{"chainKey":{"counter":1},"chainType":2,"messageKeys":{"0":"/Ig3K4RgKC5vdhiv7CXB3J2rR55TeZEFgsWfBacrFgo="}},"BbVQ+YAXir/3X4aGZXzDzRziIq1KPYcaR+VjIO23yEhX":{"chainKey":{"counter":1},"chainType":2,"messageKeys":{"1":"I1XNuqlfBXwZ3pIXvXSB0Qxzq6MGq0arxrhm/R7bwbw="}},"BTsjrL8WcsAhm/VHImY2JgMr0C/Oo6IVH8Ud/jXULH1H":{"chainKey":{"counter":0},"chainType":2,"messageKeys":{}},"BSSF+hGH2JPvqjn1J5jlQK/My+WxcUtwD+BMN3L4ZjFx":{"chainKey":{"counter":1},"chainType":2,"messageKeys":{"1":"YgU2S/8TftRgOAKRQTfITQrOYiBQWC5D5juY0+00tOQ="}},"BVzYa3ChFsq4glikXCqrwvjccdgdStufaPFT6BjHDNIU":{"chainKey":{"counter":3},"chainType":2,"messageKeys":{}},"BZmvrKeDuKHqezJnFB0szNLbvN0pLhYm5DUCLrEW2bIK":{"chainKey":{"counter":0},"chainType":2,"messageKeys":{}},"Bb96eVqsjOqftP8bqtANCjXBRPIRZ5BXTcFQOUv+QQYK":{"chainKey":{"counter":0,"key":"guokZzHUmXgDO69bPvdfhtnhiTrGyS8g58SSdv1Nnms="},"chainType":2,"messageKeys":{}},"BW0Gkk49Uda0Eq7Ng3HAggmnw1YVttM4QnREelDmX9dr":{"chainKey":{"counter":-1,"key":"T0x56PpouqG36WKOknmATZmQA5xThn0YlBn1PRBmYEw="},"chainType":1,"messageKeys":{}}}},"BTatJ9IVR3rbH5vXPyInoWdRhgV7/qY5NRYB3FDIjg4L":{"registrationId":520453340,"currentRatchet":{"ephemeralKeyPair":{"pubKey":"BWkhmcBCsqJh9lJBhIlnge+/uvakzePchK5fFGzpTJJR","privKey":"mMkkTNE+RQYytUlqyGI4lXZAAO4CYuQH8XhjUwe7C0c="},"lastRemoteEphemeralKey":"Ba+m8xe5cKsyz51nBptrdbEnpf0NLLGEVNPm8y40JXgx","previousCounter":0,"rootKey":"LB9I1PEbCLfJma/odtMGFNKydR4F0EMIuzaEJnyNgx4="},"indexInfo":{"baseKey":"BTatJ9IVR3rbH5vXPyInoWdRhgV7/qY5NRYB3FDIjg4L","baseKeyType":2,"closed":-1,"used":1738928017141,"created":1738928017141,"remoteIdentityKey":"BeH52XmIOiSvKLmPVnsXa0d6BjcLbEAoR90yMuzLqrta"},"_chains":{"Ba+m8xe5cKsyz51nBptrdbEnpf0NLLGEVNPm8y40JXgx":{"chainKey":{"counter":2,"key":"hDD2fjg1WJqFTFcFMpYrTN1S3QXqKx115q3cF0BseBM="},"chainType":2,"messageKeys":{"0":"okY34SfXEiz98RdOHK04ZFDiTiKXHH3loYiJjiKIB3s="}},"BWkhmcBCsqJh9lJBhIlnge+/uvakzePchK5fFGzpTJJR":{"chainKey":{"counter":0,"key":"hbFjvp/WtTfQ3Jx49fMRB9xZ+8uP6yTcr8Y3SodQ4Go="},"chainType":1,"messageKeys":{}}}}},"version":"v1"}