{"_sessions":{"Bch3g8YDDyoSq2ngeeVu1yGIvo9O+P3QcMok6bJgBgZv":{"registrationId":1624453053,"currentRatchet":{"ephemeralKeyPair":{"pubKey":"BSdesMCpyCRJMbx4ZWo6qmbl+it7TW25j2hddEol4eJB","privKey":"aNnRwg0Oy92fVnr6I5Y6icTD9otwDBaAIA5FMJRWU30="},"lastRemoteEphemeralKey":"BTznSm7+eE4uXnoc+vpkmimgXKBHjBcscbWzuQLiYVUg","previousCounter":0,"rootKey":"zJqz7vRplpzACMLpndfgL10tPf9K5XEj1GGbqTQA3Dw="},"indexInfo":{"baseKey":"Bch3g8YDDyoSq2ngeeVu1yGIvo9O+P3QcMok6bJgBgZv","baseKeyType":1,"closed":-1,"used":1738476093725,"created":1738476093724,"remoteIdentityKey":"BWN7GTHyMAjOHVlAAqceky4InsuMzwKm/LZGZDS2k8EX"},"_chains":{"BSdesMCpyCRJMbx4ZWo6qmbl+it7TW25j2hddEol4eJB":{"chainKey":{"counter":0,"key":"q9rIulj+XWZTZQMyTduw2IVL7ewHS5krinK0aJrOtN4="},"chainType":1,"messageKeys":{}}},"pendingPreKey":{"signedKeyId":0,"baseKey":"Bch3g8YDDyoSq2ngeeVu1yGIvo9O+P3QcMok6bJgBgZv","preKeyId":13652994}}},"version":"v1"}