{"_sessions":{"BWnsC/e7lhObl626gb5IQ1UUCLBG1MlpN8x75EUGDrpt":{"registrationId":250234694,"currentRatchet":{"ephemeralKeyPair":{"pubKey":"BbQaFWe+1eEeelBi2QimN53ZDWEhE1aRJd5c5qa+wj4N","privKey":"sHSul1qKFeqmvCGUqBXegL1OXGz7zPAiHuWAFOK+ZXM="},"lastRemoteEphemeralKey":"BWtZkfLJ+kZbWxlvKOKfXcKjiZEVWSTs02dmHE8wGpgY","previousCounter":3,"rootKey":"b8JCbTon7bgxdUxBUIHew+1uFCY+HjqpCC2MgUGGbFs="},"indexInfo":{"baseKey":"BWnsC/e7lhObl626gb5IQ1UUCLBG1MlpN8x75EUGDrpt","baseKeyType":1,"closed":-1,"used":1738578287122,"created":1738069367304,"remoteIdentityKey":"BQhtVuEbgFAEd8qTxKBqGAvtGDS2fGjJ/I2FFobiTnRj"},"_chains":{"BWtZkfLJ+kZbWxlvKOKfXcKjiZEVWSTs02dmHE8wGpgY":{"chainKey":{"counter":2,"key":"VtqFKgGjUHDpnwri2YEn2ZIJxdfXsRTUPCNoTfR1B+E="},"chainType":2,"messageKeys":{}},"BbQaFWe+1eEeelBi2QimN53ZDWEhE1aRJd5c5qa+wj4N":{"chainKey":{"counter":8,"key":"DYyfCi2nJHy5mnMaW5fedCc1zdDm1XeFx90s3bwacps="},"chainType":1,"messageKeys":{}}}}},"version":"v1"}