{"_sessions":{"BQMTVQu06Fs6uVniRD4RRMQ+WdiVl+5HcyCWLjV+hp5N":{"registrationId":2590,"currentRatchet":{"ephemeralKeyPair":{"pubKey":"BSm+oYSbvENXCrQqz7NE+HQ6NlTVWdqVUY5txg7vRS8r","privKey":"cMnryUWfuSjdlnW+8qYJz5rrz1ZlsDkZY0JGBahPKFM="},"lastRemoteEphemeralKey":"BZMYMQHGI9e12StD7AzxVIUPUjfPYk3Ovt5276yXg996","previousCounter":0,"rootKey":"JTPhEawXnhuG2/s5f3BgHyPtt7x1H53qEu6l3iCtxr8="},"indexInfo":{"baseKey":"BQMTVQu06Fs6uVniRD4RRMQ+WdiVl+5HcyCWLjV+hp5N","baseKeyType":1,"closed":-1,"used":1738069366645,"created":1738069366645,"remoteIdentityKey":"BcxvbhKYyA4eQ8UPouHu9sA/wAEJWaDYGz+1Bq+k0whO"},"_chains":{"BSm+oYSbvENXCrQqz7NE+HQ6NlTVWdqVUY5txg7vRS8r":{"chainKey":{"counter":12,"key":"MkFXjlLgEkHULJEogQCYyUF5VgSEESU4l9n8vbyiFbg="},"chainType":1,"messageKeys":{}}},"pendingPreKey":{"signedKeyId":1,"baseKey":"BQMTVQu06Fs6uVniRD4RRMQ+WdiVl+5HcyCWLjV+hp5N","preKeyId":1624}}},"version":"v1"}