{"_sessions":{"BXQ4CGWqwQmzy8g1LC1ETCnSwjxTi7ocjM/Ndc5O9B0b":{"registrationId":2024323677,"currentRatchet":{"ephemeralKeyPair":{"pubKey":"BXbFGmimdg9nEYVu8ODhvseXGvCqWYH2gtr9xyL30rpx","privKey":"oP5uth+yB8vGUMy07lUQcZSygw0UmkowmpzL0oBrHmY="},"lastRemoteEphemeralKey":"BY5VdiCgMG9LNsOIbPoXlzZivZqew5q4GGvItp1/Y5BR","previousCounter":3,"rootKey":"01w0Jsk7jLMOwQ5z5Zkx2isVOuKaezhYSuBSxxvrsAM="},"indexInfo":{"baseKey":"BXQ4CGWqwQmzy8g1LC1ETCnSwjxTi7ocjM/Ndc5O9B0b","baseKeyType":1,"closed":-1,"used":1738914035547,"created":1738069367052,"remoteIdentityKey":"BfJFV1SbaWx8hWGlaOe8t/YAg4oXG677Vir9OIo0RQEL"},"_chains":{"BUTjsRdaI+jIIeEqMwZtIqzEq7Q3VA0dZLtlM3SlFxdx":{"chainKey":{"counter":0},"chainType":2,"messageKeys":{}},"BfDVlTJ9Ez/y9IcllhTI4ZD3dzapHEasHS0pfBppd1Y9":{"chainKey":{"counter":0},"chainType":2,"messageKeys":{}},"BY5VdiCgMG9LNsOIbPoXlzZivZqew5q4GGvItp1/Y5BR":{"chainKey":{"counter":0,"key":"ooB6DUhLsViOkLWHzKIU3btLv8A4aF7OuChpzN8LtD8="},"chainType":2,"messageKeys":{}},"BXbFGmimdg9nEYVu8ODhvseXGvCqWYH2gtr9xyL30rpx":{"chainKey":{"counter":0,"key":"MsyvA0BMQSQ23UuYlOmC/KqxDjJXkAY2jkkyDoZ1XlI="},"chainType":1,"messageKeys":{}}}}},"version":"v1"}