{"_sessions":{"BUpPgdTMuJ1vcY27h/992aXcPCmkDuKVhVGOiBGmFwZ1":{"registrationId":1919875534,"currentRatchet":{"ephemeralKeyPair":{"pubKey":"BWyBXMjRGTGv82rKu/irpRedLW6CYkJma+4vd6srZs8I","privKey":"kO89Neg7X7yZ3KL38fJcuE1ZLh7BHjcv8lOKYAKelns="},"lastRemoteEphemeralKey":"BTo2vfzc+Hs4dOuPTkmPy4YvtybIclDQpS4kEh2yH91e","previousCounter":1,"rootKey":"46UgGkgypV3AsWR0ZqADv9rJJxCaasgCGANEh6n16iw="},"indexInfo":{"baseKey":"BUpPgdTMuJ1vcY27h/992aXcPCmkDuKVhVGOiBGmFwZ1","baseKeyType":1,"closed":-1,"used":1738742776821,"created":1738509503480,"remoteIdentityKey":"Bd2FpgbWFsFHMdOF0jucrZano3+6BuilKSBu7XNR2WNK"},"_chains":{"BVDSppXVgN3zKzldYzC/iVmvtRfZethO5XWIn/WtC04i":{"chainKey":{"counter":2},"chainType":2,"messageKeys":{}},"BTo2vfzc+Hs4dOuPTkmPy4YvtybIclDQpS4kEh2yH91e":{"chainKey":{"counter":0,"key":"p3sIxyAhTGXpP6noBUP+ztAVJaDKgDt8GzUM3howEQg="},"chainType":2,"messageKeys":{}},"BWyBXMjRGTGv82rKu/irpRedLW6CYkJma+4vd6srZs8I":{"chainKey":{"counter":-1,"key":"pW0HD3a3K9irxOLgMi51vPjnAeFM/LYFxnjZJtac+aw="},"chainType":1,"messageKeys":{}}}}},"version":"v1"}