{"_sessions":{"BUCEj331K3JmS1/OiyZw3N2ksi9WbTuA38XQJK3LoW0K":{"registrationId":1880545428,"currentRatchet":{"ephemeralKeyPair":{"pubKey":"BaywWy1CgvVMyoa+CFX79Xo05co3o8DuIRzvTWfseKwz","privKey":"MJxkGJTHwCVtAfp0nacIsf3nk45FirtIjdWRAgdDsms="},"lastRemoteEphemeralKey":"BfqtbEE2I5BNDvBx+i3x9jbM41rDCDi+dV7SXQ+PVe0Q","previousCounter":3,"rootKey":"gYh8XtDMNmdLgUOOlTP7zQfwUc1pSoMQPIg6Vpj9W/8="},"indexInfo":{"baseKey":"BUCEj331K3JmS1/OiyZw3N2ksi9WbTuA38XQJK3LoW0K","baseKeyType":1,"closed":-1,"used":1738802772022,"created":1738070238451,"remoteIdentityKey":"BWHkxZwyIeJ30RasRPmUTSocJCJTC9JQFmsQF7h1sDpf"},"_chains":{"BW6CimJ5Dz11CmRVhQ3Pmqg1eIzg6FG2b1SBoklqsMwM":{"chainKey":{"counter":8},"chainType":2,"messageKeys":{"1":"i5ckxJRCuAT5SoMiB8kS9psTUKlRH+GvrMgET1CQ2kE=","2":"H5W8rsGUJnI+p+Qp7dZK7fyGjlMiC+XdQPNQWkUGjgg=","5":"DOrKrRcyMuaWrMtvlZ4r1rNRxIimSm+xekXJvyWm/1A=","6":"OHHc62qpvj8nGMbnagW5EDYSOk1rVwfgWdgKpA+tXnw=","7":"6DvWeNIH5k6pnL1tyO5c3XkI2a1FA0kxi8reA5juvyk=","8":"lf7jh7bcSGaSnkA2W1/jKtx/HX8S9UVxPYjBAEQHuTM="}},"BQmrvhqhJG6SDYkbZzcg/LXlDw03hAIYPWL9X3KJKAZg":{"chainKey":{"counter":0},"chainType":2,"messageKeys":{}},"BWKXoh8MrmGko8VK+ckzVuYLwHsyhsv7JJJ96DK9ljpd":{"chainKey":{"counter":0},"chainType":2,"messageKeys":{}},"BSeo0A/DYzV1URh1upoMxaxdy51GH+4FPvmNLOGXvfg0":{"chainKey":{"counter":0},"chainType":2,"messageKeys":{}},"Be10TfU4XjTmpuIcHAecH1rD8UAxMavd9SzUwbhHbYM0":{"chainKey":{"counter":0},"chainType":2,"messageKeys":{}},"BVEGd7499sUayVxz5ocqRoBN2cApMzR2fZZjpk8hYl1q":{"chainKey":{"counter":7},"chainType":2,"messageKeys":{"0":"Li5Loe4A8Nun5GhxXFeyaVc7whDK7Agf57rhHAM3Dck=","1":"GdNAUNRxZ2O+7nUNBrkkbCx4pKd5vXmS+/GxZDweZeU=","3":"IKzNKfcHNSfZxUKWQct5d3Vo3ywHDnq/g9YOjA7UMIY=","4":"fFjyAfbqIsCiMG64ybalN8bFFPEg9b1BaD/9wPT4hUk=","5":"wW+RQdHRAMMYaogzyG29e8Oy8tRlCw9h5EUWAN1NJlY=","6":"hyTQIyZtVA5C1UMS3UFRMKU4Q+5h2HY9Ibz/7WsrbNc="}},"BYbi4EA/zU7POf/+2f0fhHGOxplzkgRPUuieB3Zo75h9":{"chainKey":{"counter":7},"chainType":2,"messageKeys":{"0":"tXx5KAF8mqCZoJ82xYUAUJ90K+8K0Qs/J0VVrMjb2Fg=","1":"AXs28B7VTdacISUjOlCxxGYQPj6q0RrL0x5e+3N2BL8=","2":"DJSAOq51hpcKUKH23bEf8AyJZ71l2XXAblrZ7vR7Qw0=","3":"1qd2Qcx8pzx4PkNdhlyJCPmTh7ewfs4mbW//sKQXLm8=","4":"CUN59Vm0xCat1QestI9fhmdJzvH2HPIF0/bCYmFt5t4=","5":"ICmT8B4MFTuznvk1qMEQK94ib9Fzwkq2c21BLWyXM38=","6":"tveZPCos21vpzeMtIPgsdQUh3TB3czKLX/v6xpHjO8A="}},"BfqtbEE2I5BNDvBx+i3x9jbM41rDCDi+dV7SXQ+PVe0Q":{"chainKey":{"counter":0,"key":"enxEGnjG/cJFNaz/5WW2qj8cbjMhRf2D+VzaakhsdV8="},"chainType":2,"messageKeys":{}},"BaywWy1CgvVMyoa+CFX79Xo05co3o8DuIRzvTWfseKwz":{"chainKey":{"counter":4,"key":"AF441bm7pLt8ruVdWqn2B2eVrxj84TSUej/BBr69zfM="},"chainType":1,"messageKeys":{}}}}},"version":"v1"}