{"_sessions":{"BfNWViw9AutupFT0eb6jQCNXnj7c2cRgfb3saEyp1O09":{"registrationId":11192,"currentRatchet":{"ephemeralKeyPair":{"pubKey":"BfZR7PdIcw81lvWvbYek1gHBq3IEnvD6C5GJowWEq1BG","privKey":"SLcqiG9DxesL2jnTZMJRzMGwpFK9Bd8b/txUKavSREQ="},"lastRemoteEphemeralKey":"BVTjic2Y/gxsGBkrryvMMz8Wijl9YunC78W+dL9KwGlb","previousCounter":0,"rootKey":"NM6i4lL5scGIosAoiJOTb0tW+oWnw4zZAmVJf8bGkIk="},"indexInfo":{"baseKey":"BfNWViw9AutupFT0eb6jQCNXnj7c2cRgfb3saEyp1O09","baseKeyType":1,"closed":-1,"used":1738069366599,"created":1738069366599,"remoteIdentityKey":"BZRIKhp2zqQVkjHq2dAwkXXgEYZLglJHpRund2l3/osX"},"_chains":{"BfZR7PdIcw81lvWvbYek1gHBq3IEnvD6C5GJowWEq1BG":{"chainKey":{"counter":0,"key":"lO75XNjVgrVKqpfvces7ZVY8rcQozcT5J7cDphxvCS4="},"chainType":1,"messageKeys":{}}},"pendingPreKey":{"signedKeyId":1,"baseKey":"BfNWViw9AutupFT0eb6jQCNXnj7c2cRgfb3saEyp1O09"}}},"version":"v1"}