{"_sessions":{"Bd30eU+NcIlBEhESmZ/S8W3BhmnMFA6KPbWZZdhemr9a":{"registrationId":626835983,"currentRatchet":{"ephemeralKeyPair":{"pubKey":"Bfd+scLFd5e2uWnZRisEO1KoRMVdSzc6x2narxb+Stpa","privKey":"EJ/jEp/x8Geb7O5taFzQL9tMPLymKXG+3RoDSx96TWI="},"lastRemoteEphemeralKey":"BbPlt1MDK2UCiE8nuLVu/vp0lAEe5QD9qCkMn+LH+Dda","previousCounter":0,"rootKey":"FQIDEwomIool4/xwhdLtJzn+a6P7kpc9vJ0pcrgDYBs="},"indexInfo":{"baseKey":"Bd30eU+NcIlBEhESmZ/S8W3BhmnMFA6KPbWZZdhemr9a","baseKeyType":2,"closed":-1,"used":1738083305128,"created":1738083305128,"remoteIdentityKey":"BSMMCSTUQGx1KjlOzD4dAIcuvmmKvTLEeBSuEDKtmagT"},"_chains":{"BbPlt1MDK2UCiE8nuLVu/vp0lAEe5QD9qCkMn+LH+Dda":{"chainKey":{"counter":9,"key":"RzV53ePgtyD2WMx9bae5DdD4Fffyj+4pQ2T4Ppq+jmk="},"chainType":2,"messageKeys":{}},"Bfd+scLFd5e2uWnZRisEO1KoRMVdSzc6x2narxb+Stpa":{"chainKey":{"counter":-1,"key":"DA29on9k2+kvuFt0MWoJ9nET2+sZ4uD42wcSw42uRz8="},"chainType":1,"messageKeys":{}}}}},"version":"v1"}