{"_sessions":{"BTQJfB3Os/d7G7x6pIjZrh4mTZG8NBsNrYxh1KTuNbs5":{"registrationId":12429,"currentRatchet":{"ephemeralKeyPair":{"pubKey":"BTwzygsScBWXFVPJCcy6NbrMLfBRbRm93DB7sT3oBMpq","privKey":"4O83tG5xtwG0Zgvua4h4b4O336/sfRKsiKo/EKQfZ0I="},"lastRemoteEphemeralKey":"BX6oV5fSXGvBw7ad3yFRAHc5fG/bcoilrxW6D45FrvRu","previousCounter":0,"rootKey":"ZJvV02LDquhQRGrRvKj5u6BPLMP76SXwLJHNKIh8Zrc="},"indexInfo":{"baseKey":"BTQJfB3Os/d7G7x6pIjZrh4mTZG8NBsNrYxh1KTuNbs5","baseKeyType":1,"closed":-1,"used":1738069366417,"created":1738069366417,"remoteIdentityKey":"BSk+M5mYpmKO533tvPxi3Rg2Q+r8flYwTzoYLaxhCuF9"},"_chains":{"BTwzygsScBWXFVPJCcy6NbrMLfBRbRm93DB7sT3oBMpq":{"chainKey":{"counter":6,"key":"GpJ+oyiSgbd6wLQ9sCuQz3a1/mt10njN8j/2LTeYrqM="},"chainType":1,"messageKeys":{}}},"pendingPreKey":{"signedKeyId":1,"baseKey":"BTQJfB3Os/d7G7x6pIjZrh4mTZG8NBsNrYxh1KTuNbs5"}}},"version":"v1"}