{"_sessions":{"BWoy83Gx+Xyot3gVH0fiuiwV/RDQ7BK98eDnPChM1zEJ":{"registrationId":194820517,"currentRatchet":{"ephemeralKeyPair":{"pubKey":"BaKoJ+NsqH8SiKEUZmAkOYqRmrPFkH1ygpSFd7NUc4wq","privKey":"oP4kZNZ2Gl0KDBYTjuAJB+PznghbdSXiHvI/BGGY/lo="},"lastRemoteEphemeralKey":"BZlYZgzPIE3B4DLNcKQJSQUvOcSzuxOQaNn4g1PjVlw1","previousCounter":1,"rootKey":"KnnrqthDqbpExC1aBFLmJZQtqFT4kQEriK5cfHB3DP4="},"indexInfo":{"baseKey":"BWoy83Gx+Xyot3gVH0fiuiwV/RDQ7BK98eDnPChM1zEJ","baseKeyType":2,"closed":1738159924557,"used":1738156687171,"created":1738069323461,"remoteIdentityKey":"Bay77J+q+1EsmSr9lFixh3nAdh6BY8GEZxgdlARM6gxv"},"_chains":{"BbAyW3Gs3EP4K5uNduD7Y4WLCwAYGUu6smdgYgUNVO1g":{"chainKey":{"counter":0},"chainType":2,"messageKeys":{}},"BfxVxAO880d3f7B7juvFJG6tpONRgpIygbn423Fwy3AI":{"chainKey":{"counter":1},"chainType":2,"messageKeys":{}},"BQ3GC4sEbcao1KnKnOCFZjbYv9j1prImbbIcvxe04ccE":{"chainKey":{"counter":0},"chainType":2,"messageKeys":{}},"BZ2bi/p8KNsdFyjCaICFhfUwdx0JkMF+bFDWhVqnZZxF":{"chainKey":{"counter":0},"chainType":2,"messageKeys":{}},"BbzJRw1oap7LoywsTWPVEM3NBe97FTTegq7alkBUj0sn":{"chainKey":{"counter":0},"chainType":2,"messageKeys":{}},"BTjlVGY9w3PiI7rKpO5DIZlhiSO5XUknqQCDgkOPSbwG":{"chainKey":{"counter":0},"chainType":2,"messageKeys":{}},"BbjNZSJmXf4F+AgI6Wxy4msg6JsFvA/MR0b/QbCZGHJo":{"chainKey":{"counter":2},"chainType":2,"messageKeys":{}},"BZlYZgzPIE3B4DLNcKQJSQUvOcSzuxOQaNn4g1PjVlw1":{"chainKey":{"counter":2,"key":"ya+BqsqpOdAEjve8gNNQlizxv9CYhjehhSNEWaiUKDc="},"chainType":2,"messageKeys":{}},"BaKoJ+NsqH8SiKEUZmAkOYqRmrPFkH1ygpSFd7NUc4wq":{"chainKey":{"counter":-1,"key":"n9iG47LhfygJAhHkjckno2RtZBHTOaaJjN2f1qSMPgQ="},"chainType":1,"messageKeys":{}}}},"BVkQ6t8xESn+/489Zptyoj9u+f8Z82Kcxvs8d1Wkq4ET":{"registrationId":194820517,"currentRatchet":{"ephemeralKeyPair":{"pubKey":"BXYc4nFL3M4+3wAfZ92tvx07bsUSz/KJcc2vGjbb4FYK","privKey":"QCdng7cQsqQf2HdSLUZ1nSS9z+JCKKJ85NhT06axNWI="},"lastRemoteEphemeralKey":"BdddbqKhM/9OfN8QELvIDdq0UAcquTzMjkEbhBr7yN5y","previousCounter":2,"rootKey":"yuRk02ZUSNnTSRIKmHUcx1bU/NcW4EltX5b+TBf2y8M="},"indexInfo":{"baseKey":"BVkQ6t8xESn+/489Zptyoj9u+f8Z82Kcxvs8d1Wkq4ET","baseKeyType":2,"closed":1738319698037,"used":1738318846988,"created":1738159924576,"remoteIdentityKey":"Bay77J+q+1EsmSr9lFixh3nAdh6BY8GEZxgdlARM6gxv"},"_chains":{"BbeBPD7wjjZDITAH7iBB83qn/wwptYtE7ARQhpBd4VdZ":{"chainKey":{"counter":2},"chainType":2,"messageKeys":{"0":"/JrvCoA3Ck9M5b2W2AvJOflR9+GQ4M5xLYQIJb2Robc="}},"BX5/AxL1VLNJsKXQWGtxMsXahxi7N+r8dHuyrpJgs80L":{"chainKey":{"counter":6},"chainType":2,"messageKeys":{"0":"ndaM1d0C05Su6H6tLNXSN5IV8SO+9IsVyXlSSuD9sxs="}},"BcALetaPGFYSCaVtnXqGX6rM2xrzwsOxD4m1qgK/go1i":{"chainKey":{"counter":3},"chainType":2,"messageKeys":{"3":"tAw+QcnDz8I/yHwc9GUd6ncFyoIbn+KOu7L5RDIz0/k="}},"BdddbqKhM/9OfN8QELvIDdq0UAcquTzMjkEbhBr7yN5y":{"chainKey":{"counter":0,"key":"tu0XxOukZXII+Lq91lBExznu2Uk3DKY0dMC28csDlAY="},"chainType":2,"messageKeys":{}},"BXYc4nFL3M4+3wAfZ92tvx07bsUSz/KJcc2vGjbb4FYK":{"chainKey":{"counter":-1,"key":"bcEDXVdwObox4F/wP17+/U49BUpCp1sOxKn8OpSzfBI="},"chainType":1,"messageKeys":{}}}},"BTvDTwQiwmE7AIh5Ep5vusrZXm56J/NnEsmk4/Zt0fNK":{"registrationId":194820517,"currentRatchet":{"ephemeralKeyPair":{"pubKey":"Ba9KNC3MH18DIgIpUUtu69SEmcc+dWqzx7Te/vv4QTBO","privKey":"gN+HuTRjZu/GQLtU9Dla9nhTM4PcYKfQe0sRJKuEKUM="},"lastRemoteEphemeralKey":"BTAyUqMgCfEoEV5Ug1ou8viN3ITcrMWIv9XvLACBqLd1","previousCounter":8,"rootKey":"fqsdiofJFyqshwtMhHR1KpbXgTUUwiIPEcgASj6Mk+Y="},"indexInfo":{"baseKey":"BTvDTwQiwmE7AIh5Ep5vusrZXm56J/NnEsmk4/Zt0fNK","baseKeyType":2,"closed":1738571186496,"used":1738502026423,"created":1738319698077,"remoteIdentityKey":"Bay77J+q+1EsmSr9lFixh3nAdh6BY8GEZxgdlARM6gxv"},"_chains":{"BSuNcVo9g2q7ACkHInoNE7NguUBGRIHSVqaCjOpBTH06":{"chainKey":{"counter":2},"chainType":2,"messageKeys":{"0":"t7/lTD9+4rK6vKJ4EI6XCXnLNQCALQviWI9k76miR8Y="}},"BVcsB/RziI/1gmwBdMI4tfgzFWqdwZBxiOSXnaS7tiMx":{"chainKey":{"counter":0},"chainType":2,"messageKeys":{}},"BVtFQsnZsSxoQymUEpVK+n3ifjVgQijEXHm6OQ9ra8Aq":{"chainKey":{"counter":3},"chainType":2,"messageKeys":{}},"BdhbaWXb1vQ7VL/lKaJN5rjBJZ25evkPCYmucp4mZXEP":{"chainKey":{"counter":3},"chainType":2,"messageKeys":{}},"BXu62Luaws2APuaR+iYUjnJEJp5AWb64/DmlWTyKnXpr":{"chainKey":{"counter":2},"chainType":2,"messageKeys":{}},"BaELg15EA2iLafRXFRLYAGk5XomhRfTGY6IUU1SVdUhJ":{"chainKey":{"counter":0},"chainType":2,"messageKeys":{}},"BQUhtnBhzNMMPIB3dokFh2Zf0T/UR+7If0wwqlUPjfoj":{"chainKey":{"counter":0},"chainType":2,"messageKeys":{}},"Bajlqc2qshaLe0ejpijazEPZWCb4KinM3/mKMdCvIsVw":{"chainKey":{"counter":2},"chainType":2,"messageKeys":{}},"BeUlzxsbhUxaZhBZ7IYN93rXSkErcwgSchVaehq529sU":{"chainKey":{"counter":4},"chainType":2,"messageKeys":{}},"BTAyUqMgCfEoEV5Ug1ou8viN3ITcrMWIv9XvLACBqLd1":{"chainKey":{"counter":4,"key":"dRdaCdcR7xNEwSbWoDCCjVAClM/PqSSFpLGKnrqf/Ik="},"chainType":2,"messageKeys":{"0":"OutHRBQCNAXO7dd5Vdnkkff4NYz8j35Jzl9CpL2fCio="}},"Ba9KNC3MH18DIgIpUUtu69SEmcc+dWqzx7Te/vv4QTBO":{"chainKey":{"counter":1,"key":"e9nlIwxS8Opc+PttxjvpndfWITXH99FzE9cluUB1CkY="},"chainType":1,"messageKeys":{}}}},"BWkAQJiVEsiT1D+LJ9ZxSitwukJzLdcaroLf7aOhsgtH":{"registrationId":194820517,"currentRatchet":{"ephemeralKeyPair":{"pubKey":"BWpfOTAvfeS8/BVUou06i26I7ko7gLIM0YyHaUopK2MP","privKey":"iBVcKPLvnkKS8FD6PN4Qe0WsU87xUBHp2crs+kf9HUg="},"lastRemoteEphemeralKey":"BQvCoVCG7tCg5qiyMBkPihhILqenCNJd1PFpgFguAvMi","previousCounter":7,"rootKey":"GHucxQOti6qGi41bJzxiDzfe1zrTI3yL1+OG0YgKrZI="},"indexInfo":{"baseKey":"BWkAQJiVEsiT1D+LJ9ZxSitwukJzLdcaroLf7aOhsgtH","baseKeyType":2,"closed":1738599291127,"used":1738588930478,"created":1738571186551,"remoteIdentityKey":"Bay77J+q+1EsmSr9lFixh3nAdh6BY8GEZxgdlARM6gxv"},"_chains":{"BU27vRQJJG9GezS4G3ExaQLlF0Qh9/VImeucsd4bgNID":{"chainKey":{"counter":4},"chainType":2,"messageKeys":{"0":"HxPW4mlgbfOP+e/6dCdwWA9mK7019RBkMPhLe7t+pkM="}},"BQvCoVCG7tCg5qiyMBkPihhILqenCNJd1PFpgFguAvMi":{"chainKey":{"counter":1,"key":"dDlVbsA4VzwImwjpJe4CI/D25Kwe4v+dvpMrBKU8PlI="},"chainType":2,"messageKeys":{}},"BWpfOTAvfeS8/BVUou06i26I7ko7gLIM0YyHaUopK2MP":{"chainKey":{"counter":-1,"key":"94ZNSelwyGRE3u7f0JNr/TkGGMczkEKzXp+ENK0BmNY="},"chainType":1,"messageKeys":{}}}},"BTtxDEB4O8w2ndHwWJyiknO/yhwua3vCI/QuQYHOEZ1a":{"registrationId":194820517,"currentRatchet":{"ephemeralKeyPair":{"pubKey":"BWyNj3gu5vXJvps/qdpvsL7qWunmR9Cnm6ObdqWsBm1o","privKey":"WC3N2CjN0lWEo8jQ7Ki8sbmAD+5HG1Y/v10DEW8PYE8="},"lastRemoteEphemeralKey":"Bd9U5LmZ4WNklEnRXYtLd5KzEEs/3K35i4FDxM0iJz9D","previousCounter":0,"rootKey":"Qd2lYNa/rO/+owuWHVXK4VAMovvDFmaHVkK8Bq21B1A="},"indexInfo":{"baseKey":"BTtxDEB4O8w2ndHwWJyiknO/yhwua3vCI/QuQYHOEZ1a","baseKeyType":2,"closed":1738650411217,"used":1738648686879,"created":1738599291181,"remoteIdentityKey":"Bay77J+q+1EsmSr9lFixh3nAdh6BY8GEZxgdlARM6gxv"},"_chains":{"BbzEXUxO+BttK6kWDhVfFkm+RbX7rVZIC3xA5LIdefUp":{"chainKey":{"counter":1},"chainType":2,"messageKeys":{"0":"1I2rwzuNBZlGUFdTCvxZP9HU0MPprUHvvhuyH0WVOoc="}},"Bd9U5LmZ4WNklEnRXYtLd5KzEEs/3K35i4FDxM0iJz9D":{"chainKey":{"counter":0,"key":"CdZfNoVnmY8z3gYvmVNPznNEldrMeo9jTdsedfmn4jk="},"chainType":2,"messageKeys":{}},"BWyNj3gu5vXJvps/qdpvsL7qWunmR9Cnm6ObdqWsBm1o":{"chainKey":{"counter":-1,"key":"DgDGLpMe2XTLhVMIC8ej9sZyBp1N6ZchQjGiSVwY5MY="},"chainType":1,"messageKeys":{}}}},"BRKNOgS9VnU294dUeWyntRL+VYT2yvaecIEfzj8DG6Zv":{"registrationId":194820517,"currentRatchet":{"ephemeralKeyPair":{"pubKey":"BbbrhcGTlTTp/B7ee4bBUa40QA6TjCYiPDnNeIysb1xg","privKey":"QHoXFGuKZFrD0M85Z4r/zmY4qGpnbJClf9a4yRXCYlw="},"lastRemoteEphemeralKey":"BcDbpyJvK/YVnIBzSMQPaYCwEJ3+8Qqu25ZL0tRkh794","previousCounter":0,"rootKey":"nk5qk/MW+eXpnGMVMtgRCBjD9KCSYadfPZteOAesVmQ="},"indexInfo":{"baseKey":"BRKNOgS9VnU294dUeWyntRL+VYT2yvaecIEfzj8DG6Zv","baseKeyType":2,"closed":1738669995628,"used":1738650480566,"created":1738650411276,"remoteIdentityKey":"Bay77J+q+1EsmSr9lFixh3nAdh6BY8GEZxgdlARM6gxv"},"_chains":{"BW7ol7bKFe9QtgbHzGlKcGlnsZu4TpxTAYZ1F3oL4GtQ":{"chainKey":{"counter":2},"chainType":2,"messageKeys":{"0":"tJAXUTBrRoA7EpMqGn8jwtqMWzNrFbUvHPA81X7fpzM="}},"BcDbpyJvK/YVnIBzSMQPaYCwEJ3+8Qqu25ZL0tRkh794":{"chainKey":{"counter":0,"key":"IdoRQAHh3/zhA1iRGcIO+Tmmz+QK/GiHVfGAkZBdYCE="},"chainType":2,"messageKeys":{}},"BbbrhcGTlTTp/B7ee4bBUa40QA6TjCYiPDnNeIysb1xg":{"chainKey":{"counter":18,"key":"/IZYCMQGtNoTWa5s9MqMG3GNVqjHBiTXc4pY3nbE/Co="},"chainType":1,"messageKeys":{}}}},"BXdRpBNsQhXoouFNPewV44wag14nVHW8V1gnq4oYM1pY":{"registrationId":194820517,"currentRatchet":{"ephemeralKeyPair":{"pubKey":"Ba/igAnfENmP6FRSlt52dgi62rZVm0sxvs5mGT0SboYh","privKey":"wIHJWK3n/yv1UAbeMuFQVFWuj26Ef4shhK1ijcWsN1o="},"lastRemoteEphemeralKey":"BadTZwn2jkhHQ7+NFO7WS1OMiTUJzeP7AkExpzZL4c1Z","previousCounter":0,"rootKey":"LM7X/69aHnRUslwc93Y5crZ1zEH0w17AQ7g6fpmHA6o="},"indexInfo":{"baseKey":"BXdRpBNsQhXoouFNPewV44wag14nVHW8V1gnq4oYM1pY","baseKeyType":2,"closed":1738711301162,"used":1738669995683,"created":1738669995683,"remoteIdentityKey":"Bay77J+q+1EsmSr9lFixh3nAdh6BY8GEZxgdlARM6gxv"},"_chains":{"BadTZwn2jkhHQ7+NFO7WS1OMiTUJzeP7AkExpzZL4c1Z":{"chainKey":{"counter":2,"key":"dmjzMIGkJUcWQ4h4RKSiqE65Bg/AMs9J9ZtRebW8aec="},"chainType":2,"messageKeys":{"0":"mJybo2Uy2oRGqhvxJ6W23kvU12A+IZ05V2v42tX3X98="}},"Ba/igAnfENmP6FRSlt52dgi62rZVm0sxvs5mGT0SboYh":{"chainKey":{"counter":0,"key":"ciFEFje67eTpid1WF4nnTEeCv8s8e6X0E/xrJXsCyEc="},"chainType":1,"messageKeys":{}}}},"BbupvaXtUOQZq7d4SJXb2xZILnVCDWflhvOIjEw1x81k":{"registrationId":194820517,"currentRatchet":{"ephemeralKeyPair":{"pubKey":"BYvyyOTjJjHYdE+6N/pIHPltZBsY+vFPcf1/B0SCKPkq","privKey":"uHoJ/iQEHb6LV5zR2HPtawxEtT+dAqjufBW20md3km4="},"lastRemoteEphemeralKey":"BTMhDtSOSf7KcJPVqzlomYBGRDGUJJAshGgK4lnCJqZt","previousCounter":0,"rootKey":"9+nxG99MpJ2a+zbqyX6qOfq97WtgMOwUEoGXgNz/d34="},"indexInfo":{"baseKey":"BbupvaXtUOQZq7d4SJXb2xZILnVCDWflhvOIjEw1x81k","baseKeyType":2,"closed":1738737123766,"used":1738733366898,"created":1738711301206,"remoteIdentityKey":"Bay77J+q+1EsmSr9lFixh3nAdh6BY8GEZxgdlARM6gxv"},"_chains":{"BfliUKA0SbQi0zde0kKLSTdzfCRvF22O/5SsyCLubZl0":{"chainKey":{"counter":2},"chainType":2,"messageKeys":{"0":"EanMAcRl+lZCBWYXa+rFRKER22+fJwbW5I68hs/S6JY="}},"Bek2KKdRg76qauPQwvvRkKyRIxjbI+e4XqNxgkASRGhb":{"chainKey":{"counter":12},"chainType":2,"messageKeys":{}},"BTMhDtSOSf7KcJPVqzlomYBGRDGUJJAshGgK4lnCJqZt":{"chainKey":{"counter":0,"key":"91EGxIlYIWIGpeE2boe6XLV6cpZBETOCn4bQqOIOdIo="},"chainType":2,"messageKeys":{}},"BYvyyOTjJjHYdE+6N/pIHPltZBsY+vFPcf1/B0SCKPkq":{"chainKey":{"counter":-1,"key":"8Ac13oT2wLbl3ozmmtiP5WRBgiI7GiVKSGOk2XeHFI8="},"chainType":1,"messageKeys":{}}}},"BUbQC0+U+pE67SWJ2JDo4TKUGtSuqTGSIUVoiU5VDQlL":{"registrationId":194820517,"currentRatchet":{"ephemeralKeyPair":{"pubKey":"Bam1hfSXR9SvGydlN1tfqr02sinMgy6C+C/ixRMTq9lR","privKey":"+DfgI70YxMIM2PXxa5KaGQx8jyfrW8g9fLlO5x9lIHY="},"lastRemoteEphemeralKey":"BZmds2Vt7fHBFy7mZCb9tjG/PJHWEAQpVsBXh+1Bc5V5","previousCounter":1,"rootKey":"WWJf6GdADohlF+4pa2lZSSOO6vffrYyOmiKAax886YA="},"indexInfo":{"baseKey":"BUbQC0+U+pE67SWJ2JDo4TKUGtSuqTGSIUVoiU5VDQlL","baseKeyType":2,"closed":-1,"used":1738928131219,"created":1738737123796,"remoteIdentityKey":"Bay77J+q+1EsmSr9lFixh3nAdh6BY8GEZxgdlARM6gxv"},"_chains":{"BWFdDw0qe9cABLGHh2K2LsHJpRUDt6pBOuLNnnx39hlm":{"chainKey":{"counter":1},"chainType":2,"messageKeys":{"0":"PIcccDv04sqWgeh3DTSJaW3EKfse4p2a++DlxkHoZGU="}},"BWeGaRMTrBy+k3sB6QoN1IwSdM0HuaLxt+tvzPYhpTgl":{"chainKey":{"counter":1},"chainType":2,"messageKeys":{}},"BZPPyTbOX5ydYGwkpX+IUwT8SsDz6FaZyU1iAHgCRFkq":{"chainKey":{"counter":2},"chainType":2,"messageKeys":{"1":"ZcdSLI9Oy/yfQKteECIgA89jvvngW3jSvemEb19Sivo="}},"BZvaUMkA4ApOx5gDzrrw1PlL3/so+cRarOq/C/1JjSEn":{"chainKey":{"counter":0},"chainType":2,"messageKeys":{}},"BZuPJESNT5LOHPLU163DL/u+QImPJeUEQQ/heKNtnTMb":{"chainKey":{"counter":3},"chainType":2,"messageKeys":{}},"BcDxSL/oBhDUCVBJAFlSnR1Z2ywbGS18SzrLqL9AIqRJ":{"chainKey":{"counter":0},"chainType":2,"messageKeys":{}},"BYYwo/IwpVwUkGeSTNhjBP0gkJUCAtwzBDPefI8U5gFJ":{"chainKey":{"counter":0},"chainType":2,"messageKeys":{}},"Bbr0xi/0mbULZ3aIBT4jSc9mpzovTdtdowHptQsgtf1Z":{"chainKey":{"counter":0},"chainType":2,"messageKeys":{}},"BSFhLYnAcyR+gkhKl2EOsAuEfoGVYcAZWRmH2Cu4r2dH":{"chainKey":{"counter":1},"chainType":2,"messageKeys":{"0":"zFN9UO2xHqkeYPdMccKjIJyCXFuHaDw7fDPy9ohwn0g="}},"BZmds2Vt7fHBFy7mZCb9tjG/PJHWEAQpVsBXh+1Bc5V5":{"chainKey":{"counter":0,"key":"2iC6zUfeeB9mphHrxMcw1QWM5UDvpSLv1KEQ7BEJF+s="},"chainType":2,"messageKeys":{}},"Bam1hfSXR9SvGydlN1tfqr02sinMgy6C+C/ixRMTq9lR":{"chainKey":{"counter":0,"key":"mGvFKsW+CXffifeR7HtWVliXNmG0+qhlCTehVEWBKCE="},"chainType":1,"messageKeys":{}}}}},"version":"v1"}