{"_sessions":{"BabN+gSY5xbdl90yc7UQ+WJMf27odEPKwUXZtLSkBBx1":{"registrationId":1492809388,"currentRatchet":{"ephemeralKeyPair":{"pubKey":"BRZouWog7R8J9B/AUdDSG0ZBmn+uti7ev8FOspwSkc4z","privKey":"YFeFXjEvv6cNzKEZYyC+USF+0oEB4ZmL9GCqJ+yrPEg="},"lastRemoteEphemeralKey":"Ba2cpQq5GbCXgxSl60xMCFeq7ou1cJtIQDG1XO/XDhAh","previousCounter":0,"rootKey":"/wy2uNaBTX6IxdvEao3zM/ojWREtiE42ebLYOSiM7so="},"indexInfo":{"baseKey":"BabN+gSY5xbdl90yc7UQ+WJMf27odEPKwUXZtLSkBBx1","baseKeyType":1,"closed":-1,"used":1738219758785,"created":1738219758785,"remoteIdentityKey":"BR1F7yVKUVyHztq63ODVSU63Pu7L1Ql/DebS98xJftV9"},"_chains":{"BRZouWog7R8J9B/AUdDSG0ZBmn+uti7ev8FOspwSkc4z":{"chainKey":{"counter":3,"key":"pc9g7szxQxTZbmQQ8ehesAsNsZOJFeSouLDtS2uy/yI="},"chainType":1,"messageKeys":{}}},"pendingPreKey":{"signedKeyId":3,"baseKey":"BabN+gSY5xbdl90yc7UQ+WJMf27odEPKwUXZtLSkBBx1","preKeyId":8503188}}},"version":"v1"}