{"_sessions":{"BWCMcAo9/fjy7qsQ9zpKS9Kr3M0uHnyVZS9BVwhuJ1ML":{"registrationId":1118238580,"currentRatchet":{"ephemeralKeyPair":{"pubKey":"BZE4WSOzWhoa6FQbnJ8/BLOwzkmEm+bVZ1GycxFQZjk1","privKey":"gIrvvQkHwk7BL/z1e4mR6117wMZ8hqid1VOvIIaiFHg="},"lastRemoteEphemeralKey":"BSXGniggrtujxvoNAfF2EGcSiAZ/sss8I78iaC2H2LcK","previousCounter":1,"rootKey":"uXgNKvPqBQOgEMVBYxpE7LCZCRAbTxi0Ucs9Nv/M7yw="},"indexInfo":{"baseKey":"BWCMcAo9/fjy7qsQ9zpKS9Kr3M0uHnyVZS9BVwhuJ1ML","baseKeyType":1,"closed":-1,"used":1738918699074,"created":1738494786605,"remoteIdentityKey":"Bab2nDjHdnoLwUxZ4760jKrIpMcmqUtjSTJxNHzO/gFz"},"_chains":{"BUCsFvscRkw2DGpzPYBq+Z6c+MJmpUr48t+aQAOAe310":{"chainKey":{"counter":0},"chainType":2,"messageKeys":{}},"BSXGniggrtujxvoNAfF2EGcSiAZ/sss8I78iaC2H2LcK":{"chainKey":{"counter":1,"key":"BGA9NK5Xxia0ctCaPb/OH4yaplgZ7rbc4Pgm5gIDyS4="},"chainType":2,"messageKeys":{}},"BZE4WSOzWhoa6FQbnJ8/BLOwzkmEm+bVZ1GycxFQZjk1":{"chainKey":{"counter":0,"key":"PtDqD9sUZoPut3CJeQAzEBrMz70BoR2bKb+y9EjnWvg="},"chainType":1,"messageKeys":{}}}}},"version":"v1"}